device,sample_id,class_label,distance_cm,repeat_index,image_width,image_height,relative_rgb_path,review_image_path,auto_method,auto_score,auto_truncated_hint,p1_x,p1_y,p2_x,p2_y,p3_x,p3_y,p4_x,p4_y,review_status,review_note
poco,ROI_1000_10CM_R01,1000,10,1,480,296,roi/1000/10cm/ROI_1000_10CM_R01/frame_rgb.png,review_images/poco/ROI_1000_10CM_R01.png,chroma_saturation_minAreaRect,0.8787703698342584,True,0.0,0.0,479.0,0.0,479.0,295.0,-9.031770862070411e-15,295.0,SOURCE_TRUNCATED,banknote not fully visible in source frame
poco,ROI_1000_10CM_R02,1000,10,2,480,296,roi/1000/10cm/ROI_1000_10CM_R02/frame_rgb.png,review_images/poco/ROI_1000_10CM_R02.png,chroma_saturation_minAreaRect,0.8795091971935167,True,0.0,0.0,479.0,0.0,479.0,295.0,-9.031770862070411e-15,295.0,SOURCE_TRUNCATED,banknote not fully visible in source frame
poco,ROI_1000_10CM_R03,1000,10,3,480,296,roi/1000/10cm/ROI_1000_10CM_R03/frame_rgb.png,review_images/poco/ROI_1000_10CM_R03.png,chroma_saturation_minAreaRect,0.8957544822152781,True,0.0,0.0,479.0,0.0,479.0,295.0,-9.031770862070411e-15,295.0,SOURCE_TRUNCATED,banknote not fully visible in source frame
poco,ROI_1000_10CM_R04,1000,10,4,480,296,roi/1000/10cm/ROI_1000_10CM_R04/frame_rgb.png,review_images/poco/ROI_1000_10CM_R04.png,chroma_saturation_minAreaRect,0.8919928318844335,True,0.0,0.0,479.0,0.0,479.0,295.0,-9.031770862070411e-15,295.0,SOURCE_TRUNCATED,banknote not fully visible in source frame
poco,ROI_1000_10CM_R05,1000,10,5,480,296,roi/1000/10cm/ROI_1000_10CM_R05/frame_rgb.png,review_images/poco/ROI_1000_10CM_R05.png,chroma_saturation_minAreaRect,0.8931507526940297,True,0.0,0.0,479.0,0.0,479.0,295.0,-9.031770862070411e-15,295.0,SOURCE_TRUNCATED,banknote not fully visible in source frame
poco,ROI_10000_10CM_R01,10000,10,1,480,296,roi/10000/10cm/ROI_10000_10CM_R01/frame_rgb.png,review_images/poco/ROI_10000_10CM_R01.png,chroma_saturation_minAreaRect,0.7899559968489648,True,0.0,0.0,359.0,0.0,359.0,295.0,-9.031770862070411e-15,295.0,SOURCE_TRUNCATED,banknote not fully visible in source frame
poco,ROI_10000_10CM_R02,10000,10,2,480,296,roi/10000/10cm/ROI_10000_10CM_R02/frame_rgb.png,review_images/poco/ROI_10000_10CM_R02.png,chroma_saturation_minAreaRect,0.8410048272136859,True,0.0,0.0,479.0,0.0,479.0,295.0,-9.031770862070411e-15,295.0,SOURCE_TRUNCATED,banknote not fully visible in source frame
poco,ROI_10000_10CM_R03,10000,10,3,480,296,roi/10000/10cm/ROI_10000_10CM_R03/frame_rgb.png,review_images/poco/ROI_10000_10CM_R03.png,chroma_saturation_minAreaRect,0.8921762648839735,True,0.0,0.0,479.0,0.0,479.0,295.0,-9.031770862070411e-15,295.0,SOURCE_TRUNCATED,banknote not fully visible in source frame
poco,ROI_10000_10CM_R04,10000,10,4,480,296,roi/10000/10cm/ROI_10000_10CM_R04/frame_rgb.png,review_images/poco/ROI_10000_10CM_R04.png,chroma_saturation_minAreaRect,0.8413296564837045,True,0.0,0.0,479.0,0.0,479.0,295.0,-9.031770862070411e-15,295.0,SOURCE_TRUNCATED,banknote not fully visible in source frame
poco,ROI_10000_10CM_R05,10000,10,5,480,296,roi/10000/10cm/ROI_10000_10CM_R05/frame_rgb.png,review_images/poco/ROI_10000_10CM_R05.png,chroma_saturation_minAreaRect,0.8310747602076642,True,0.0,0.0,426.0,0.0,426.0,295.0,-9.031770862070411e-15,295.0,SOURCE_TRUNCATED,banknote not fully visible in source frame
poco,ROI_100000_10CM_R01,100000,10,1,480,296,roi/100000/10cm/ROI_100000_10CM_R01/frame_rgb.png,review_images/poco/ROI_100000_10CM_R01.png,chroma_saturation_minAreaRect,0.8964780234912415,True,0.0,0.0,479.0,0.0,479.0,295.0,-9.031770862070411e-15,295.0,SOURCE_TRUNCATED,banknote not fully visible in source frame
poco,ROI_100000_10CM_R02,100000,10,2,480,296,roi/100000/10cm/ROI_100000_10CM_R02/frame_rgb.png,review_images/poco/ROI_100000_10CM_R02.png,chroma_saturation_minAreaRect,0.8964780234912415,True,0.0,0.0,479.0,0.0,479.0,295.0,-9.031770862070411e-15,295.0,SOURCE_TRUNCATED,banknote not fully visible in source frame
poco,ROI_100000_10CM_R03,100000,10,3,480,296,roi/100000/10cm/ROI_100000_10CM_R03/frame_rgb.png,review_images/poco/ROI_100000_10CM_R03.png,chroma_saturation_minAreaRect,0.8964780234912415,True,0.0,0.0,479.0,0.0,479.0,295.0,-9.031770862070411e-15,295.0,SOURCE_TRUNCATED,banknote not fully visible in source frame
poco,ROI_100000_10CM_R04,100000,10,4,480,296,roi/100000/10cm/ROI_100000_10CM_R04/frame_rgb.png,review_images/poco/ROI_100000_10CM_R04.png,chroma_saturation_minAreaRect,0.8964780234912415,True,0.0,0.0,479.0,0.0,479.0,295.0,-9.031770862070411e-15,295.0,SOURCE_TRUNCATED,banknote not fully visible in source frame
poco,ROI_100000_10CM_R05,100000,10,5,480,296,roi/100000/10cm/ROI_100000_10CM_R05/frame_rgb.png,review_images/poco/ROI_100000_10CM_R05.png,chroma_saturation_minAreaRect,0.8964780234912415,True,0.0,0.0,479.0,0.0,479.0,295.0,-9.031770862070411e-15,295.0,SOURCE_TRUNCATED,banknote not fully visible in source frame
poco,ROI_2000_10CM_R01,2000,10,1,480,296,roi/2000/10cm/ROI_2000_10CM_R01/frame_rgb.png,review_images/poco/ROI_2000_10CM_R01.png,chroma_saturation_minAreaRect,0.5897701285533464,True,259.6996459960937,-13.33697509765625,367.64984130859375,24.425048828125,265.2592163085937,317.128662109375,157.3090362548828,279.3666381835937,SOURCE_TRUNCATED,banknote not fully visible in source frame
poco,ROI_2000_10CM_R02,2000,10,2,480,296,roi/2000/10cm/ROI_2000_10CM_R02/frame_rgb.png,review_images/poco/ROI_2000_10CM_R02.png,chroma_saturation_minAreaRect,0.5708647346453245,True,227.0,70.0,479.0,70.0,479.0,295.0,227.0,295.0,SOURCE_TRUNCATED,banknote not fully visible in source frame
poco,ROI_2000_10CM_R03,2000,10,3,480,296,roi/2000/10cm/ROI_2000_10CM_R03/frame_rgb.png,review_images/poco/ROI_2000_10CM_R03.png,chroma_saturation_minAreaRect,0.8281290092653287,True,6.103515625e-05,0.0,479.0,0.0,479.0,294.9999389648437,6.103515625e-05,294.9999389648437,SOURCE_TRUNCATED,banknote not fully visible in source frame
poco,ROI_2000_10CM_R04,2000,10,4,480,296,roi/2000/10cm/ROI_2000_10CM_R04/frame_rgb.png,review_images/poco/ROI_2000_10CM_R04.png,chroma_saturation_minAreaRect,0.8467039886021717,True,0.0,0.0,479.0,0.0,479.0,295.0,-9.031770862070411e-15,295.0,SOURCE_TRUNCATED,banknote not fully visible in source frame
poco,ROI_2000_10CM_R05,2000,10,5,480,296,roi/2000/10cm/ROI_2000_10CM_R05/frame_rgb.png,review_images/poco/ROI_2000_10CM_R05.png,chroma_saturation_minAreaRect,0.66447611075684,True,0.0,0.0,478.99993896484375,0.0,478.99993896484375,294.9999389648437,-9.031768320971571e-15,294.9999389648437,SOURCE_TRUNCATED,banknote not fully visible in source frame
poco,ROI_20000_10CM_R01,20000,10,1,480,296,roi/20000/10cm/ROI_20000_10CM_R01/frame_rgb.png,review_images/poco/ROI_20000_10CM_R01.png,chroma_saturation_minAreaRect,0.8964780234912415,True,0.0,0.0,479.0,0.0,479.0,295.0,-9.031770862070411e-15,295.0,SOURCE_TRUNCATED,banknote not fully visible in source frame
poco,ROI_20000_10CM_R02,20000,10,2,480,296,roi/20000/10cm/ROI_20000_10CM_R02/frame_rgb.png,review_images/poco/ROI_20000_10CM_R02.png,chroma_saturation_minAreaRect,0.8964780234912415,True,0.0,0.0,479.0,0.0,479.0,295.0,-9.031770862070411e-15,295.0,SOURCE_TRUNCATED,banknote not fully visible in source frame
poco,ROI_20000_10CM_R03,20000,10,3,480,296,roi/20000/10cm/ROI_20000_10CM_R03/frame_rgb.png,review_images/poco/ROI_20000_10CM_R03.png,chroma_saturation_minAreaRect,0.895867853999716,True,0.0,0.0,479.0,0.0,479.0,295.0,-9.031770862070411e-15,295.0,SOURCE_TRUNCATED,banknote not fully visible in source frame
poco,ROI_20000_10CM_R04,20000,10,4,480,296,roi/20000/10cm/ROI_20000_10CM_R04/frame_rgb.png,review_images/poco/ROI_20000_10CM_R04.png,chroma_saturation_minAreaRect,0.8918463402528563,True,0.0,0.0,479.0,0.0,479.0,295.0,-9.031770862070411e-15,295.0,SOURCE_TRUNCATED,banknote not fully visible in source frame
poco,ROI_20000_10CM_R05,20000,10,5,480,296,roi/20000/10cm/ROI_20000_10CM_R05/frame_rgb.png,review_images/poco/ROI_20000_10CM_R05.png,chroma_saturation_minAreaRect,0.8964780234912415,True,0.0,0.0,479.0,0.0,479.0,295.0,-9.031770862070411e-15,295.0,SOURCE_TRUNCATED,banknote not fully visible in source frame
poco,ROI_5000_10CM_R01,5000,10,1,480,296,roi/5000/10cm/ROI_5000_10CM_R01/frame_rgb.png,review_images/poco/ROI_5000_10CM_R01.png,chroma_saturation_minAreaRect,0.8964780234912415,True,0.0,0.0,479.0,0.0,479.0,295.0,-9.031770862070411e-15,295.0,SOURCE_TRUNCATED,banknote not fully visible in source frame
poco,ROI_5000_10CM_R02,5000,10,2,480,296,roi/5000/10cm/ROI_5000_10CM_R02/frame_rgb.png,review_images/poco/ROI_5000_10CM_R02.png,chroma_saturation_minAreaRect,0.8732253431189969,True,0.0,0.0,479.0,0.0,479.0,295.0,-9.031770862070411e-15,295.0,SOURCE_TRUNCATED,banknote not fully visible in source frame
poco,ROI_5000_10CM_R03,5000,10,3,480,296,roi/5000/10cm/ROI_5000_10CM_R03/frame_rgb.png,review_images/poco/ROI_5000_10CM_R03.png,chroma_saturation_minAreaRect,0.8964780234912415,True,0.0,0.0,479.0,0.0,479.0,295.0,-9.031770862070411e-15,295.0,SOURCE_TRUNCATED,banknote not fully visible in source frame
poco,ROI_5000_10CM_R04,5000,10,4,480,296,roi/5000/10cm/ROI_5000_10CM_R04/frame_rgb.png,review_images/poco/ROI_5000_10CM_R04.png,chroma_saturation_minAreaRect,0.8964780234912415,True,0.0,0.0,479.0,0.0,479.0,295.0,-9.031770862070411e-15,295.0,SOURCE_TRUNCATED,banknote not fully visible in source frame
poco,ROI_5000_10CM_R05,5000,10,5,480,296,roi/5000/10cm/ROI_5000_10CM_R05/frame_rgb.png,review_images/poco/ROI_5000_10CM_R05.png,chroma_saturation_minAreaRect,0.8964780234912415,True,0.0,0.0,479.0,0.0,479.0,295.0,-9.031770862070411e-15,295.0,SOURCE_TRUNCATED,banknote not fully visible in source frame
poco,ROI_50000_10CM_R01,50000,10,1,480,296,roi/50000/10cm/ROI_50000_10CM_R01/frame_rgb.png,review_images/poco/ROI_50000_10CM_R01.png,chroma_saturation_minAreaRect,0.8964780234912415,True,0.0,0.0,479.0,0.0,479.0,295.0,-9.031770862070411e-15,295.0,SOURCE_TRUNCATED,banknote not fully visible in source frame
poco,ROI_50000_10CM_R02,50000,10,2,480,296,roi/50000/10cm/ROI_50000_10CM_R02/frame_rgb.png,review_images/poco/ROI_50000_10CM_R02.png,chroma_saturation_minAreaRect,0.8964780234912415,True,0.0,0.0,479.0,0.0,479.0,295.0,-9.031770862070411e-15,295.0,SOURCE_TRUNCATED,banknote not fully visible in source frame
poco,ROI_50000_10CM_R03,50000,10,3,480,296,roi/50000/10cm/ROI_50000_10CM_R03/frame_rgb.png,review_images/poco/ROI_50000_10CM_R03.png,chroma_saturation_minAreaRect,0.8964780234912415,True,0.0,0.0,479.0,0.0,479.0,295.0,-9.031770862070411e-15,295.0,SOURCE_TRUNCATED,banknote not fully visible in source frame
poco,ROI_50000_10CM_R04,50000,10,4,480,296,roi/50000/10cm/ROI_50000_10CM_R04/frame_rgb.png,review_images/poco/ROI_50000_10CM_R04.png,chroma_saturation_minAreaRect,0.8915355232258579,True,0.0,0.0,479.0,0.0,479.0,295.0,-9.031770862070411e-15,295.0,SOURCE_TRUNCATED,banknote not fully visible in source frame
poco,ROI_50000_10CM_R05,50000,10,5,480,296,roi/50000/10cm/ROI_50000_10CM_R05/frame_rgb.png,review_images/poco/ROI_50000_10CM_R05.png,chroma_saturation_minAreaRect,0.8964780234912415,True,0.0,0.0,479.0,0.0,479.0,295.0,-9.031770862070411e-15,295.0,SOURCE_TRUNCATED,banknote not fully visible in source frame
poco,ROI_1000_20CM_R01,1000,20,1,480,296,roi/1000/20cm/ROI_1000_20CM_R01/frame_rgb.png,review_images/poco/ROI_1000_20CM_R01.png,chroma_saturation_minAreaRect,0.8575755566221284,False,65.0,62.0,411.0,76.0,404.0,236.0,69.0,215.0,ACCEPTED_MANUAL,human redrawn quadrilateral
poco,ROI_1000_20CM_R02,1000,20,2,480,296,roi/1000/20cm/ROI_1000_20CM_R02/frame_rgb.png,review_images/poco/ROI_1000_20CM_R02.png,chroma_saturation_minAreaRect,0.8829027394265531,False,70.32757568359375,59.57868957519531,421.2307434082031,80.78132629394531,411.5078125,241.6953582763672,60.60465621948242,220.4927215576172,ACCEPTED_AUTO,human accepted automatic quadrilateral
poco,ROI_1000_20CM_R03,1000,20,3,480,296,roi/1000/20cm/ROI_1000_20CM_R03/frame_rgb.png,review_images/poco/ROI_1000_20CM_R03.png,chroma_saturation_minAreaRect,0.8570354419320465,False,66.0517578125,49.67529296875,419.48638916015625,52.17303466796875,418.3472900390625,213.35577392578125,64.91265869140625,210.8580322265625,ACCEPTED_AUTO,human accepted automatic quadrilateral
poco,ROI_1000_20CM_R04,1000,20,4,480,296,roi/1000/20cm/ROI_1000_20CM_R04/frame_rgb.png,review_images/poco/ROI_1000_20CM_R04.png,chroma_saturation_minAreaRect,0.8239843324440782,False,78.75668334960938,28.812744140625,424.5299072265625,41.16180419921875,418.7923278808594,201.81399536132807,73.01910400390625,189.4649353027344,ACCEPTED_AUTO,human accepted automatic quadrilateral
poco,ROI_1000_20CM_R05,1000,20,5,480,296,roi/1000/20cm/ROI_1000_20CM_R05/frame_rgb.png,review_images/poco/ROI_1000_20CM_R05.png,chroma_saturation_minAreaRect,0.8578653358950747,False,48.0924072265625,65.60064697265625,394.075927734375,67.98672485351562,392.9631652832031,229.33767700195312,46.97964859008789,226.9515991210937,ACCEPTED_AUTO,human accepted automatic quadrilateral
poco,ROI_10000_20CM_R01,10000,20,1,480,296,roi/10000/20cm/ROI_10000_20CM_R01/frame_rgb.png,review_images/poco/ROI_10000_20CM_R01.png,chroma_saturation_minAreaRect,0.844039924321267,False,56.00006103515625,73.99998474121094,387.0,73.99998474121094,387.0,230.9999542236328,56.00006103515625,230.9999542236328,ACCEPTED_AUTO,human accepted automatic quadrilateral
poco,ROI_10000_20CM_R02,10000,20,2,480,296,roi/10000/20cm/ROI_10000_20CM_R02/frame_rgb.png,review_images/poco/ROI_10000_20CM_R02.png,chroma_saturation_minAreaRect,0.8033876821258004,False,57.41107177734375,55.75160217285156,386.42779541015625,70.37458801269531,379.2468872070313,231.9443206787109,50.23015975952149,217.3213348388672,ACCEPTED_AUTO,human accepted automatic quadrilateral
poco,ROI_10000_20CM_R03,10000,20,3,480,296,roi/10000/20cm/ROI_10000_20CM_R03/frame_rgb.png,review_images/poco/ROI_10000_20CM_R03.png,chroma_saturation_minAreaRect,0.8099675145471282,False,59.305999755859375,59.92120361328125,386.3194885253906,75.13113403320312,378.8213806152344,236.34051513671875,51.80788803100586,221.13058471679688,ACCEPTED_AUTO,human accepted automatic quadrilateral
poco,ROI_10000_20CM_R04,10000,20,4,480,296,roi/10000/20cm/ROI_10000_20CM_R04/frame_rgb.png,review_images/poco/ROI_10000_20CM_R04.png,chroma_saturation_minAreaRect,0.8449683862143819,False,80.11474609375,57.64556884765625,409.11431884765625,61.682373046875,407.1607055664063,220.90380859375,78.1611328125,216.86700439453125,ACCEPTED_AUTO,human accepted automatic quadrilateral
poco,ROI_10000_20CM_R05,10000,20,5,480,296,roi/10000/20cm/ROI_10000_20CM_R05/frame_rgb.png,review_images/poco/ROI_10000_20CM_R05.png,chroma_saturation_minAreaRect,0.7710537755576142,False,68.0,55.0,403.0,59.0,405.0,214.0,66.0,211.0,ACCEPTED_MANUAL,human redrawn quadrilateral
poco,ROI_100000_20CM_R01,100000,20,1,480,296,roi/100000/20cm/ROI_100000_20CM_R01/frame_rgb.png,review_images/poco/ROI_100000_20CM_R01.png,chroma_saturation_minAreaRect,0.8196110771785214,False,50.0,74.0,412.0,75.0,415.0,231.0,48.0,227.0,ACCEPTED_MANUAL,human redrawn quadrilateral
poco,ROI_100000_20CM_R02,100000,20,2,480,296,roi/100000/20cm/ROI_100000_20CM_R02/frame_rgb.png,review_images/poco/ROI_100000_20CM_R02.png,none,0.0,False,70.0,59.0,427.0,71.0,427.0,220.0,66.0,214.0,ACCEPTED_MANUAL,human redrawn quadrilateral
poco,ROI_100000_20CM_R03,100000,20,3,480,296,roi/100000/20cm/ROI_100000_20CM_R03/frame_rgb.png,review_images/poco/ROI_100000_20CM_R03.png,chroma_saturation_minAreaRect,0.8570057195069076,False,44.05532836914063,65.64837646484375,413.5566101074219,74.34249877929688,409.8202819824219,233.13693237304688,40.31899642944336,224.4428100585937,ACCEPTED_AUTO,human accepted automatic quadrilateral
poco,ROI_100000_20CM_R04,100000,20,4,480,296,roi/100000/20cm/ROI_100000_20CM_R04/frame_rgb.png,review_images/poco/ROI_100000_20CM_R04.png,chroma_saturation_minAreaRect,0.8592153494660831,False,44.061065673828125,65.4505615234375,413.57958984375,74.30130004882812,409.7989196777344,232.1448974609375,40.28038787841797,223.29415893554688,ACCEPTED_AUTO,human accepted automatic quadrilateral
poco,ROI_100000_20CM_R05,100000,20,5,480,296,roi/100000/20cm/ROI_100000_20CM_R05/frame_rgb.png,review_images/poco/ROI_100000_20CM_R05.png,chroma_saturation_minAreaRect,0.8594232999285704,False,47.47247314453125,62.840850830078125,420.8678588867188,67.23373413085938,418.98480224609375,227.29397583007807,45.58940124511719,222.90109252929688,ACCEPTED_AUTO,human accepted automatic quadrilateral
poco,ROI_2000_20CM_R01,2000,20,1,480,296,roi/2000/20cm/ROI_2000_20CM_R01/frame_rgb.png,review_images/poco/ROI_2000_20CM_R01.png,chroma_saturation_minAreaRect,0.826546331122322,False,67.06912231445312,55.74118041992188,394.3516540527344,58.47994995117188,392.9691467285156,223.6859436035156,65.6866226196289,220.9471740722656,ACCEPTED_AUTO,human accepted automatic quadrilateral
poco,ROI_2000_20CM_R02,2000,20,2,480,296,roi/2000/20cm/ROI_2000_20CM_R02/frame_rgb.png,review_images/poco/ROI_2000_20CM_R02.png,chroma_saturation_minAreaRect,0.8185504035773337,False,70.0,56.0,388.0,56.0,388.0,225.0,70.0,225.0,ACCEPTED_AUTO,human accepted automatic quadrilateral
poco,ROI_2000_20CM_R03,2000,20,3,480,296,roi/2000/20cm/ROI_2000_20CM_R03/frame_rgb.png,review_images/poco/ROI_2000_20CM_R03.png,chroma_saturation_minAreaRect,0.5954161663646824,True,87.0,59.0,399.0,68.0,402.0,225.0,88.0,220.0,ACCEPTED_MANUAL,human redrawn quadrilateral
poco,ROI_2000_20CM_R04,2000,20,4,480,296,roi/2000/20cm/ROI_2000_20CM_R04/frame_rgb.png,review_images/poco/ROI_2000_20CM_R04.png,chroma_saturation_minAreaRect,0.886787522132413,False,99.55242919921876,43.144805908203125,417.2771911621094,80.2513427734375,398.2428588867188,243.23272705078125,80.51810455322266,206.12619018554688,ACCEPTED_AUTO,human accepted automatic quadrilateral
poco,ROI_2000_20CM_R05,2000,20,5,480,296,roi/2000/20cm/ROI_2000_20CM_R05/frame_rgb.png,review_images/poco/ROI_2000_20CM_R05.png,chroma_saturation_minAreaRect,0.5859244854657872,True,75.0,48.0,396.0,55.0,392.0,209.0,79.0,210.0,ACCEPTED_MANUAL,human redrawn quadrilateral
poco,ROI_20000_20CM_R01,20000,20,1,480,296,roi/20000/20cm/ROI_20000_20CM_R01/frame_rgb.png,review_images/poco/ROI_20000_20CM_R01.png,chroma_saturation_minAreaRect,0.8779942306269826,False,54.0,62.0,411.0,62.0,411.0,223.0,54.0,223.0,ACCEPTED_AUTO,human accepted automatic quadrilateral
poco,ROI_20000_20CM_R02,20000,20,2,480,296,roi/20000/20cm/ROI_20000_20CM_R02/frame_rgb.png,review_images/poco/ROI_20000_20CM_R02.png,chroma_saturation_minAreaRect,0.8860204736192194,False,61.868988037109375,61.50970458984375,415.6971435546875,72.26434326171875,410.8274536132813,232.47802734375,56.99928665161133,221.723388671875,ACCEPTED_AUTO,human accepted automatic quadrilateral
poco,ROI_20000_20CM_R03,20000,20,3,480,296,roi/20000/20cm/ROI_20000_20CM_R03/frame_rgb.png,review_images/poco/ROI_20000_20CM_R03.png,chroma_saturation_minAreaRect,0.8893849662968483,False,61.711669921875,63.545806884765625,414.4826049804688,71.44363403320312,410.9286804199219,230.1849670410156,58.15775680541992,222.28713989257807,ACCEPTED_AUTO,human accepted automatic quadrilateral
poco,ROI_20000_20CM_R04,20000,20,4,480,296,roi/20000/20cm/ROI_20000_20CM_R04/frame_rgb.png,review_images/poco/ROI_20000_20CM_R04.png,chroma_saturation_minAreaRect,0.8833871636471591,False,55.9256591796875,60.89128112792969,404.88916015625,73.75627136230469,399.0339965820313,232.5772857666016,50.07050323486328,219.71229553222656,ACCEPTED_AUTO,human accepted automatic quadrilateral
poco,ROI_20000_20CM_R05,20000,20,5,480,296,roi/20000/20cm/ROI_20000_20CM_R05/frame_rgb.png,review_images/poco/ROI_20000_20CM_R05.png,chroma_saturation_minAreaRect,0.888608999238786,False,64.2410888671875,69.64724731445312,411.91650390625,81.04644775390625,406.7938232421875,237.288330078125,59.11839294433594,225.88912963867188,ACCEPTED_AUTO,human accepted automatic quadrilateral
poco,ROI_5000_20CM_R01,5000,20,1,480,296,roi/5000/20cm/ROI_5000_20CM_R01/frame_rgb.png,review_images/poco/ROI_5000_20CM_R01.png,chroma_saturation_minAreaRect,0.9240031130378852,False,71.246337890625,63.11390686035156,389.0786743164063,69.70112609863281,385.7557678222656,230.0312042236328,67.92341613769531,223.4439849853516,ACCEPTED_AUTO,human accepted automatic quadrilateral
poco,ROI_5000_20CM_R02,5000,20,2,480,296,roi/5000/20cm/ROI_5000_20CM_R02/frame_rgb.png,review_images/poco/ROI_5000_20CM_R02.png,chroma_saturation_minAreaRect,0.9307120474437908,False,80.94827270507812,59.16404724121094,398.0035095214844,65.32044982910156,394.90863037109375,224.7069549560547,77.8533935546875,218.5505523681641,ACCEPTED_AUTO,human accepted automatic quadrilateral
poco,ROI_5000_20CM_R03,5000,20,3,480,296,roi/5000/20cm/ROI_5000_20CM_R03/frame_rgb.png,review_images/poco/ROI_5000_20CM_R03.png,chroma_saturation_minAreaRect,0.902946513621735,False,54.0118408203125,67.64201354980469,382.3492431640625,70.50959777832031,380.95843505859375,229.7594451904297,52.62102127075195,226.8918609619141,ACCEPTED_AUTO,human accepted automatic quadrilateral
poco,ROI_5000_20CM_R04,5000,20,4,480,296,roi/5000/20cm/ROI_5000_20CM_R04/frame_rgb.png,review_images/poco/ROI_5000_20CM_R04.png,chroma_saturation_minAreaRect,0.9322377556588364,False,77.39822387695312,73.62371826171875,394.2321472167969,76.12832641601562,392.9729309082031,235.41873168945312,76.1390151977539,232.91412353515625,ACCEPTED_AUTO,human accepted automatic quadrilateral
poco,ROI_5000_20CM_R05,5000,20,5,480,296,roi/5000/20cm/ROI_5000_20CM_R05/frame_rgb.png,review_images/poco/ROI_5000_20CM_R05.png,chroma_saturation_minAreaRect,0.927130533903256,False,74.31451416015625,64.94732666015625,395.4172058105469,72.68475341796875,391.566650390625,232.48355102539065,70.46395111083984,224.74612426757807,ACCEPTED_AUTO,human accepted automatic quadrilateral
poco,ROI_50000_20CM_R01,50000,20,1,480,296,roi/50000/20cm/ROI_50000_20CM_R01/frame_rgb.png,review_images/poco/ROI_50000_20CM_R01.png,chroma_saturation_minAreaRect,0.8515620811607012,False,50.2879638671875,56.2813720703125,419.44671630859375,61.960723876953125,416.8591918945313,230.15167236328125,47.7004280090332,224.47232055664065,ACCEPTED_AUTO,human accepted automatic quadrilateral
poco,ROI_50000_20CM_R02,50000,20,2,480,296,roi/50000/20cm/ROI_50000_20CM_R02/frame_rgb.png,review_images/poco/ROI_50000_20CM_R02.png,none,0.0,False,47.0,70.0,415.0,69.0,410.0,228.0,47.0,223.0,ACCEPTED_MANUAL,human redrawn quadrilateral
poco,ROI_50000_20CM_R03,50000,20,3,480,296,roi/50000/20cm/ROI_50000_20CM_R03/frame_rgb.png,review_images/poco/ROI_50000_20CM_R03.png,chroma_saturation_minAreaRect,0.6360412103266944,True,63.0,51.0,428.0,57.0,428.0,212.0,62.0,208.0,ACCEPTED_MANUAL,human redrawn quadrilateral
poco,ROI_50000_20CM_R04,50000,20,4,480,296,roi/50000/20cm/ROI_50000_20CM_R04/frame_rgb.png,review_images/poco/ROI_50000_20CM_R04.png,chroma_saturation_minAreaRect,0.6509560761598346,True,52.0,54.0,418.0,69.0,414.0,226.0,52.0,215.0,ACCEPTED_MANUAL,human redrawn quadrilateral
poco,ROI_50000_20CM_R05,50000,20,5,480,296,roi/50000/20cm/ROI_50000_20CM_R05/frame_rgb.png,review_images/poco/ROI_50000_20CM_R05.png,none,0.0,False,51.0,55.0,419.0,67.0,410.0,220.0,50.0,214.0,ACCEPTED_MANUAL,human redrawn quadrilateral
poco,ROI_1000_30CM_R01,1000,30,1,480,296,roi/1000/30cm/ROI_1000_30CM_R01/frame_rgb.png,review_images/poco/ROI_1000_30CM_R01.png,chroma_saturation_minAreaRect,0.7359047287439098,False,111.63209533691406,103.9198226928711,346.4041748046875,96.76939392089844,349.57537841796875,200.89108276367188,114.80329895019533,208.04151916503903,ACCEPTED_AUTO,human accepted automatic quadrilateral
poco,ROI_1000_30CM_R02,1000,30,2,480,296,roi/1000/30cm/ROI_1000_30CM_R02/frame_rgb.png,review_images/poco/ROI_1000_30CM_R02.png,chroma_saturation_minAreaRect,0.758015200206656,False,111.73638916015624,101.23585510253906,342.4721069335937,105.5087432861328,340.53961181640625,209.8618621826172,109.8039093017578,205.58897399902344,ACCEPTED_AUTO,human accepted automatic quadrilateral
poco,ROI_1000_30CM_R03,1000,30,3,480,296,roi/1000/30cm/ROI_1000_30CM_R03/frame_rgb.png,review_images/poco/ROI_1000_30CM_R03.png,chroma_saturation_minAreaRect,0.7516987719557308,False,118.0,96.0,351.0,96.0,351.0,199.0,118.0,199.0,ACCEPTED_AUTO,human accepted automatic quadrilateral
poco,ROI_1000_30CM_R04,1000,30,4,480,296,roi/1000/30cm/ROI_1000_30CM_R04/frame_rgb.png,review_images/poco/ROI_1000_30CM_R04.png,chroma_saturation_minAreaRect,0.807221889303019,False,124.0,98.0,347.0,98.0,347.0,201.0,124.0,201.0,ACCEPTED_AUTO,human accepted automatic quadrilateral
poco,ROI_1000_30CM_R05,1000,30,5,480,296,roi/1000/30cm/ROI_1000_30CM_R05/frame_rgb.png,review_images/poco/ROI_1000_30CM_R05.png,chroma_saturation_minAreaRect,0.7407219556512825,False,124.0,91.0,351.0,88.0,354.0,189.0,129.0,195.0,ACCEPTED_MANUAL,human redrawn quadrilateral
poco,ROI_10000_30CM_R01,10000,30,1,480,296,roi/10000/30cm/ROI_10000_30CM_R01/frame_rgb.png,review_images/poco/ROI_10000_30CM_R01.png,chroma_saturation_minAreaRect,0.6418879689136788,False,126.0,96.0,347.0,96.0,346.0,199.0,126.0,192.0,ACCEPTED_MANUAL,human redrawn quadrilateral
poco,ROI_10000_30CM_R02,10000,30,2,480,296,roi/10000/30cm/ROI_10000_30CM_R02/frame_rgb.png,review_images/poco/ROI_10000_30CM_R02.png,none,0.0,False,130.0,91.0,350.0,88.0,351.0,194.0,127.0,192.0,ACCEPTED_MANUAL,human redrawn quadrilateral
poco,ROI_10000_30CM_R03,10000,30,3,480,296,roi/10000/30cm/ROI_10000_30CM_R03/frame_rgb.png,review_images/poco/ROI_10000_30CM_R03.png,chroma_saturation_minAreaRect,0.7420975978769864,False,125.5673828125,86.53205871582031,349.8890686035156,95.32899475097656,345.67486572265625,202.7911834716797,121.35317993164062,193.99424743652344,ACCEPTED_AUTO,human accepted automatic quadrilateral
poco,ROI_10000_30CM_R04,10000,30,4,480,296,roi/10000/30cm/ROI_10000_30CM_R04/frame_rgb.png,review_images/poco/ROI_10000_30CM_R04.png,chroma_saturation_minAreaRect,0.7261829416956754,False,112.82855224609376,89.0880126953125,339.8054504394531,90.93338012695312,338.94451904296875,196.828857421875,111.96761322021484,194.9834899902344,ACCEPTED_AUTO,human accepted automatic quadrilateral
poco,ROI_10000_30CM_R05,10000,30,5,480,296,roi/10000/30cm/ROI_10000_30CM_R05/frame_rgb.png,review_images/poco/ROI_10000_30CM_R05.png,chroma_saturation_minAreaRect,0.6018034054133419,False,119.0,93.0,340.0,96.0,343.0,202.0,118.0,198.0,ACCEPTED_MANUAL,human redrawn quadrilateral
poco,ROI_100000_30CM_R01,100000,30,1,480,296,roi/100000/30cm/ROI_100000_30CM_R01/frame_rgb.png,review_images/poco/ROI_100000_30CM_R01.png,chroma_saturation_minAreaRect,0.7653608484750754,False,101.97994995117188,92.76261901855467,357.7765197753906,99.49412536621094,354.9328918457031,207.55088806152344,99.1363296508789,200.8193817138672,ACCEPTED_AUTO,human accepted automatic quadrilateral
poco,ROI_100000_30CM_R02,100000,30,2,480,296,roi/100000/30cm/ROI_100000_30CM_R02/frame_rgb.png,review_images/poco/ROI_100000_30CM_R02.png,none,0.0,False,100.0,88.0,352.0,90.0,351.0,200.0,100.0,197.0,ACCEPTED_MANUAL,human redrawn quadrilateral
poco,ROI_100000_30CM_R03,100000,30,3,480,296,roi/100000/30cm/ROI_100000_30CM_R03/frame_rgb.png,review_images/poco/ROI_100000_30CM_R03.png,chroma_saturation_minAreaRect,0.7798850546867547,False,110.44296264648438,88.29476928710938,361.17523193359375,93.4117431640625,358.9674987792969,201.5911560058593,108.23521423339844,196.47418212890625,ACCEPTED_AUTO,human accepted automatic quadrilateral
poco,ROI_100000_30CM_R04,100000,30,4,480,296,roi/100000/30cm/ROI_100000_30CM_R04/frame_rgb.png,review_images/poco/ROI_100000_30CM_R04.png,chroma_saturation_minAreaRect,0.5842349195036822,True,117.0,89.0,362.0,101.0,360.0,202.0,111.0,193.0,ACCEPTED_MANUAL,human redrawn quadrilateral
poco,ROI_100000_30CM_R05,100000,30,5,480,296,roi/100000/30cm/ROI_100000_30CM_R05/frame_rgb.png,review_images/poco/ROI_100000_30CM_R05.png,none,0.0,False,114.0,91.0,360.0,97.0,359.0,201.0,111.0,198.0,ACCEPTED_MANUAL,human redrawn quadrilateral
poco,ROI_2000_30CM_R01,2000,30,1,480,296,roi/2000/30cm/ROI_2000_30CM_R01/frame_rgb.png,review_images/poco/ROI_2000_30CM_R01.png,chroma_saturation_minAreaRect,0.8179777417460419,False,122.0,97.0,324.9999694824219,97.0,324.9999694824219,202.0,122.0,202.0,ACCEPTED_AUTO,human accepted automatic quadrilateral
poco,ROI_2000_30CM_R02,2000,30,2,480,296,roi/2000/30cm/ROI_2000_30CM_R02/frame_rgb.png,review_images/poco/ROI_2000_30CM_R02.png,chroma_saturation_minAreaRect,0.7493729124546356,False,120.0,99.0,322.0,100.0,321.0,199.0,118.0,201.0,ACCEPTED_MANUAL,human redrawn quadrilateral
poco,ROI_2000_30CM_R03,2000,30,3,480,296,roi/2000/30cm/ROI_2000_30CM_R03/frame_rgb.png,review_images/poco/ROI_2000_30CM_R03.png,chroma_saturation_minAreaRect,0.8402599274981737,False,129.0,104.0,333.0,104.0,333.0,207.0,129.0,207.0,ACCEPTED_AUTO,human accepted automatic quadrilateral
poco,ROI_2000_30CM_R04,2000,30,4,480,296,roi/2000/30cm/ROI_2000_30CM_R04/frame_rgb.png,review_images/poco/ROI_2000_30CM_R04.png,chroma_saturation_minAreaRect,0.7572441958818408,False,124.0,100.0,335.0,100.0,335.0,205.0,124.0,205.0,ACCEPTED_AUTO,human accepted automatic quadrilateral
poco,ROI_2000_30CM_R05,2000,30,5,480,296,roi/2000/30cm/ROI_2000_30CM_R05/frame_rgb.png,review_images/poco/ROI_2000_30CM_R05.png,chroma_saturation_minAreaRect,0.8179137696967115,False,128.0,100.0,331.0,100.0,331.0,205.0,128.0,205.0,ACCEPTED_AUTO,human accepted automatic quadrilateral
poco,ROI_20000_30CM_R01,20000,30,1,480,296,roi/20000/30cm/ROI_20000_30CM_R01/frame_rgb.png,review_images/poco/ROI_20000_30CM_R01.png,chroma_saturation_minAreaRect,0.7698918351632089,False,101.50430297851562,91.31405639648438,340.4448547363281,96.87081909179688,337.9529724121094,204.02215576171875,99.01242065429688,198.46539306640625,ACCEPTED_AUTO,human accepted automatic quadrilateral
poco,ROI_20000_30CM_R02,20000,30,2,480,296,roi/20000/30cm/ROI_20000_30CM_R02/frame_rgb.png,review_images/poco/ROI_20000_30CM_R02.png,chroma_saturation_minAreaRect,0.7406633647888683,False,101.0,87.0,344.0,86.0,341.0,195.0,106.0,191.0,ACCEPTED_MANUAL,human redrawn quadrilateral
poco,ROI_20000_30CM_R03,20000,30,3,480,296,roi/20000/30cm/ROI_20000_30CM_R03/frame_rgb.png,review_images/poco/ROI_20000_30CM_R03.png,chroma_saturation_minAreaRect,0.7603355438394995,False,96.0,82.0,333.0,82.0,333.0,187.0,96.0,187.0,ACCEPTED_AUTO,human accepted automatic quadrilateral
poco,ROI_20000_30CM_R04,20000,30,4,480,296,roi/20000/30cm/ROI_20000_30CM_R04/frame_rgb.png,review_images/poco/ROI_20000_30CM_R04.png,chroma_saturation_minAreaRect,0.7822232231088718,False,113.0179443359375,96.36248779296876,348.6366577148437,100.07302856445312,346.97332763671875,205.6925048828125,111.35462188720705,201.98196411132807,ACCEPTED_AUTO,human accepted automatic quadrilateral
poco,ROI_20000_30CM_R05,20000,30,5,480,296,roi/20000/30cm/ROI_20000_30CM_R05/frame_rgb.png,review_images/poco/ROI_20000_30CM_R05.png,none,0.0,False,110.0,93.0,338.0,103.0,336.0,206.0,105.0,194.0,ACCEPTED_MANUAL,human redrawn quadrilateral
poco,ROI_5000_30CM_R01,5000,30,1,480,296,roi/5000/30cm/ROI_5000_30CM_R01/frame_rgb.png,review_images/poco/ROI_5000_30CM_R01.png,none,0.0,False,124.0,97.0,333.0,101.0,335.0,204.0,128.0,199.0,ACCEPTED_MANUAL,human redrawn quadrilateral
poco,ROI_5000_30CM_R02,5000,30,2,480,296,roi/5000/30cm/ROI_5000_30CM_R02/frame_rgb.png,review_images/poco/ROI_5000_30CM_R02.png,none,0.0,False,138.0,93.0,344.0,102.0,340.0,208.0,129.0,191.0,ACCEPTED_MANUAL,human redrawn quadrilateral
poco,ROI_5000_30CM_R03,5000,30,3,480,296,roi/5000/30cm/ROI_5000_30CM_R03/frame_rgb.png,review_images/poco/ROI_5000_30CM_R03.png,none,0.0,False,125.0,90.0,332.0,93.0,334.0,195.0,123.0,193.0,ACCEPTED_MANUAL,human redrawn quadrilateral
poco,ROI_5000_30CM_R04,5000,30,4,480,296,roi/5000/30cm/ROI_5000_30CM_R04/frame_rgb.png,review_images/poco/ROI_5000_30CM_R04.png,none,0.0,False,126.0,93.0,332.0,98.0,331.0,202.0,122.0,194.0,ACCEPTED_MANUAL,human redrawn quadrilateral
poco,ROI_5000_30CM_R05,5000,30,5,480,296,roi/5000/30cm/ROI_5000_30CM_R05/frame_rgb.png,review_images/poco/ROI_5000_30CM_R05.png,none,0.0,False,125.0,96.0,332.0,101.0,333.0,204.0,124.0,200.0,ACCEPTED_MANUAL,human redrawn quadrilateral
poco,ROI_50000_30CM_R01,50000,30,1,480,296,roi/50000/30cm/ROI_50000_30CM_R01/frame_rgb.png,review_images/poco/ROI_50000_30CM_R01.png,chroma_saturation_minAreaRect,0.7773281553293475,False,116.0,102.0,361.0,102.0,361.0,207.0,116.0,207.0,ACCEPTED_AUTO,human accepted automatic quadrilateral
poco,ROI_50000_30CM_R02,50000,30,2,480,296,roi/50000/30cm/ROI_50000_30CM_R02/frame_rgb.png,review_images/poco/ROI_50000_30CM_R02.png,chroma_saturation_minAreaRect,0.7639982618662561,False,107.46871948242188,85.39370727539062,355.7734680175781,89.01858520507812,354.2053527832031,196.43365478515625,105.9006118774414,192.80877685546875,ACCEPTED_AUTO,human accepted automatic quadrilateral
poco,ROI_50000_30CM_R03,50000,30,3,480,296,roi/50000/30cm/ROI_50000_30CM_R03/frame_rgb.png,review_images/poco/ROI_50000_30CM_R03.png,chroma_saturation_minAreaRect,0.7740428785825317,False,120.51608276367188,82.54019165039062,369.1842651367188,114.15054321289062,355.4808349609375,221.95095825195312,106.81265258789062,190.34060668945312,ACCEPTED_AUTO,human accepted automatic quadrilateral
poco,ROI_50000_30CM_R04,50000,30,4,480,296,roi/50000/30cm/ROI_50000_30CM_R04/frame_rgb.png,review_images/poco/ROI_50000_30CM_R04.png,chroma_saturation_minAreaRect,0.7796932012664887,False,106.0,98.0,350.9999694824219,98.0,350.9999694824219,205.0,106.0,205.0,ACCEPTED_AUTO,human accepted automatic quadrilateral
poco,ROI_50000_30CM_R05,50000,30,5,480,296,roi/50000/30cm/ROI_50000_30CM_R05/frame_rgb.png,review_images/poco/ROI_50000_30CM_R05.png,chroma_saturation_minAreaRect,0.7710663076496254,False,104.5218505859375,87.73312377929688,355.4472961425781,92.0594482421875,353.566162109375,201.1649475097656,102.64071655273438,196.838623046875,ACCEPTED_AUTO,human accepted automatic quadrilateral
redmi,ROI_1000_10CM_R01,1000,10,1,480,452,roi/1000/10cm/ROI_1000_10CM_R01/frame_rgb.png,review_images/redmi/ROI_1000_10CM_R01.png,chroma_saturation_minAreaRect,0.9345310334434268,True,0.0,73.0,479.0,73.0,479.0,387.0,-9.613477514860882e-15,387.0,SOURCE_TRUNCATED,banknote not fully visible in source frame
redmi,ROI_1000_10CM_R02,1000,10,2,480,452,roi/1000/10cm/ROI_1000_10CM_R02/frame_rgb.png,review_images/redmi/ROI_1000_10CM_R02.png,chroma_saturation_minAreaRect,0.9151906658500668,True,0.0,88.0,478.99993896484375,88.0,478.99993896484375,402.99993896484375,-9.644091826673494e-15,402.99993896484375,SOURCE_TRUNCATED,banknote not fully visible in source frame
redmi,ROI_1000_10CM_R03,1000,10,3,480,452,roi/1000/10cm/ROI_1000_10CM_R03/frame_rgb.png,review_images/redmi/ROI_1000_10CM_R03.png,chroma_saturation_minAreaRect,0.9237459547787148,True,0.0,74.0,479.0,74.0,479.0,395.0,-9.827791250076323e-15,395.0,SOURCE_TRUNCATED,banknote not fully visible in source frame
redmi,ROI_1000_10CM_R04,1000,10,4,480,452,roi/1000/10cm/ROI_1000_10CM_R04/frame_rgb.png,review_images/redmi/ROI_1000_10CM_R04.png,chroma_saturation_minAreaRect,0.9176625745272596,True,0.0,82.0,479.0,82.0,479.0,397.0,-9.644094367772336e-15,397.0,SOURCE_TRUNCATED,banknote not fully visible in source frame
redmi,ROI_1000_10CM_R05,1000,10,5,480,452,roi/1000/10cm/ROI_1000_10CM_R05/frame_rgb.png,review_images/redmi/ROI_1000_10CM_R05.png,chroma_saturation_minAreaRect,0.9143540463103568,True,6.103515625e-05,90.0,479.0,90.0,479.0,398.99993896484375,6.103515625e-05,398.99993896484375,SOURCE_TRUNCATED,banknote not fully visible in source frame
redmi,ROI_10000_10CM_R01,10000,10,1,480,452,roi/10000/10cm/ROI_10000_10CM_R01/frame_rgb.png,review_images/redmi/ROI_10000_10CM_R01.png,chroma_saturation_minAreaRect,0.930413092237799,True,0.0,71.0,479.0,71.0,479.0,393.0,-9.858407255954831e-15,393.0,SOURCE_TRUNCATED,banknote not fully visible in source frame
redmi,ROI_10000_10CM_R02,10000,10,2,480,452,roi/10000/10cm/ROI_10000_10CM_R02/frame_rgb.png,review_images/redmi/ROI_10000_10CM_R02.png,chroma_saturation_minAreaRect,0.7710789961900364,True,0.0,82.0,479.0,82.0,479.0,451.0,-1.1297367155541173e-14,451.0,SOURCE_TRUNCATED,banknote not fully visible in source frame
redmi,ROI_10000_10CM_R03,10000,10,3,480,452,roi/10000/10cm/ROI_10000_10CM_R03/frame_rgb.png,review_images/redmi/ROI_10000_10CM_R03.png,chroma_saturation_minAreaRect,0.7477560193414851,True,0.0,76.0,478.99993896484375,76.0,478.99993896484375,450.99993896484375,-1.1481062343779262e-14,450.99993896484375,SOURCE_TRUNCATED,banknote not fully visible in source frame
redmi,ROI_10000_10CM_R04,10000,10,4,480,452,roi/10000/10cm/ROI_10000_10CM_R04/frame_rgb.png,review_images/redmi/ROI_10000_10CM_R04.png,chroma_saturation_minAreaRect,0.9110704930594948,True,0.0,85.0,479.0,85.0,479.0,403.0,-9.735942385407856e-15,403.0,SOURCE_TRUNCATED,banknote not fully visible in source frame
redmi,ROI_10000_10CM_R05,10000,10,5,480,452,roi/10000/10cm/ROI_10000_10CM_R05/frame_rgb.png,review_images/redmi/ROI_10000_10CM_R05.png,chroma_saturation_minAreaRect,0.9274288655478377,True,0.0,78.0,479.0,78.0,479.0,395.0,-9.705326379529348e-15,395.0,SOURCE_TRUNCATED,banknote not fully visible in source frame
redmi,ROI_100000_10CM_R01,100000,10,1,480,452,roi/100000/10cm/ROI_100000_10CM_R01/frame_rgb.png,review_images/redmi/ROI_100000_10CM_R01.png,chroma_saturation_minAreaRect,0.8430883877358745,True,0.0,64.0,479.0,64.0,479.0,451.0,-1.184845864948608e-14,451.0,SOURCE_TRUNCATED,banknote not fully visible in source frame
redmi,ROI_100000_10CM_R02,100000,10,2,480,452,roi/100000/10cm/ROI_100000_10CM_R02/frame_rgb.png,review_images/redmi/ROI_100000_10CM_R02.png,chroma_saturation_minAreaRect,0.825798491148993,True,0.0,64.0,479.0,64.0,479.0,451.0,-1.184845864948608e-14,451.0,SOURCE_TRUNCATED,banknote not fully visible in source frame
redmi,ROI_100000_10CM_R03,100000,10,3,480,452,roi/100000/10cm/ROI_100000_10CM_R03/frame_rgb.png,review_images/redmi/ROI_100000_10CM_R03.png,chroma_saturation_minAreaRect,0.8247986929035527,True,0.0,78.0,478.99993896484375,78.0,478.99993896484375,450.99993896484375,-1.1419830332022247e-14,450.99993896484375,SOURCE_TRUNCATED,banknote not fully visible in source frame
redmi,ROI_100000_10CM_R04,100000,10,4,480,452,roi/100000/10cm/ROI_100000_10CM_R04/frame_rgb.png,review_images/redmi/ROI_100000_10CM_R04.png,chroma_saturation_minAreaRect,0.8167286326920696,True,0.0,70.0,479.0,70.0,479.0,451.0,-1.1664760920149144e-14,451.0,SOURCE_TRUNCATED,banknote not fully visible in source frame
redmi,ROI_100000_10CM_R05,100000,10,5,480,452,roi/100000/10cm/ROI_100000_10CM_R05/frame_rgb.png,review_images/redmi/ROI_100000_10CM_R05.png,chroma_saturation_minAreaRect,0.910658190829548,True,0.0,45.0,478.99993896484375,45.0,478.99993896484375,368.99993896484375,-9.919637573645947e-15,368.99993896484375,SOURCE_TRUNCATED,banknote not fully visible in source frame
redmi,ROI_2000_10CM_R01,2000,10,1,480,452,roi/2000/10cm/ROI_2000_10CM_R01/frame_rgb.png,review_images/redmi/ROI_2000_10CM_R01.png,chroma_saturation_minAreaRect,0.9285008972362156,True,0.0,68.0,478.99993896484375,68.0,478.99993896484375,389.99993896484375,-9.858405561888935e-15,389.99993896484375,SOURCE_TRUNCATED,banknote not fully visible in source frame
redmi,ROI_2000_10CM_R02,2000,10,2,480,452,roi/2000/10cm/ROI_2000_10CM_R02/frame_rgb.png,review_images/redmi/ROI_2000_10CM_R02.png,chroma_saturation_minAreaRect,0.9260463079287744,True,0.0,74.0,479.0,74.0,479.0,395.0,-9.827791250076323e-15,395.0,SOURCE_TRUNCATED,banknote not fully visible in source frame
redmi,ROI_2000_10CM_R03,2000,10,3,480,452,roi/2000/10cm/ROI_2000_10CM_R03/frame_rgb.png,review_images/redmi/ROI_2000_10CM_R03.png,chroma_saturation_minAreaRect,0.7607824780837751,True,0.0,80.0,479.0,80.0,479.0,451.0,-1.1358599167298184e-14,451.0,SOURCE_TRUNCATED,banknote not fully visible in source frame
redmi,ROI_2000_10CM_R04,2000,10,4,480,452,roi/2000/10cm/ROI_2000_10CM_R04/frame_rgb.png,review_images/redmi/ROI_2000_10CM_R04.png,chroma_saturation_minAreaRect,0.7492292972789644,True,0.0,69.0,479.0,69.0,479.0,451.0,-1.1695377773060598e-14,451.0,SOURCE_TRUNCATED,banknote not fully visible in source frame
redmi,ROI_2000_10CM_R05,2000,10,5,480,452,roi/2000/10cm/ROI_2000_10CM_R05/frame_rgb.png,review_images/redmi/ROI_2000_10CM_R05.png,chroma_saturation_minAreaRect,0.7302173000012206,True,0.0,56.0,479.0,56.0,479.0,451.0,-1.2093387543547081e-14,451.0,SOURCE_TRUNCATED,banknote not fully visible in source frame
redmi,ROI_20000_10CM_R01,20000,10,1,480,452,roi/20000/10cm/ROI_20000_10CM_R01/frame_rgb.png,review_images/redmi/ROI_20000_10CM_R01.png,chroma_saturation_minAreaRect,0.8428868208424345,True,0.0,58.0,479.0,58.0,479.0,451.0,-1.2032155531790066e-14,451.0,SOURCE_TRUNCATED,banknote not fully visible in source frame
redmi,ROI_20000_10CM_R02,20000,10,2,480,452,roi/20000/10cm/ROI_20000_10CM_R02/frame_rgb.png,review_images/redmi/ROI_20000_10CM_R02.png,chroma_saturation_minAreaRect,0.8244555771323886,True,0.0,64.0,479.0,64.0,479.0,451.0,-1.184845864948608e-14,451.0,SOURCE_TRUNCATED,banknote not fully visible in source frame
redmi,ROI_20000_10CM_R03,20000,10,3,480,452,roi/20000/10cm/ROI_20000_10CM_R03/frame_rgb.png,review_images/redmi/ROI_20000_10CM_R03.png,chroma_saturation_minAreaRect,0.8289432972482359,True,0.0,68.0,479.0,68.0,479.0,451.0,-1.1725993778939103e-14,451.0,SOURCE_TRUNCATED,banknote not fully visible in source frame
redmi,ROI_20000_10CM_R04,20000,10,4,480,452,roi/20000/10cm/ROI_20000_10CM_R04/frame_rgb.png,review_images/redmi/ROI_20000_10CM_R04.png,chroma_saturation_minAreaRect,0.8276891621367226,True,0.0,60.0,479.0,60.0,479.0,451.0,-1.1970922673000104e-14,451.0,SOURCE_TRUNCATED,banknote not fully visible in source frame
redmi,ROI_20000_10CM_R05,20000,10,5,480,452,roi/20000/10cm/ROI_20000_10CM_R05/frame_rgb.png,review_images/redmi/ROI_20000_10CM_R05.png,chroma_saturation_minAreaRect,0.8255499112587176,True,0.0,64.0,479.0,64.0,479.0,451.0,-1.184845864948608e-14,451.0,SOURCE_TRUNCATED,banknote not fully visible in source frame
redmi,ROI_5000_10CM_R01,5000,10,1,480,452,roi/5000/10cm/ROI_5000_10CM_R01/frame_rgb.png,review_images/redmi/ROI_5000_10CM_R01.png,chroma_saturation_minAreaRect,0.8225521346533479,True,0.0,72.0,479.0,72.0,479.0,451.0,-1.160352890839213e-14,451.0,SOURCE_TRUNCATED,banknote not fully visible in source frame
redmi,ROI_5000_10CM_R02,5000,10,2,480,452,roi/5000/10cm/ROI_5000_10CM_R02/frame_rgb.png,review_images/redmi/ROI_5000_10CM_R02.png,chroma_saturation_minAreaRect,0.8427266929554135,True,0.0,70.0,479.0,70.0,479.0,451.0,-1.1664760920149144e-14,451.0,SOURCE_TRUNCATED,banknote not fully visible in source frame
redmi,ROI_5000_10CM_R03,5000,10,3,480,452,roi/5000/10cm/ROI_5000_10CM_R03/frame_rgb.png,review_images/redmi/ROI_5000_10CM_R03.png,chroma_saturation_minAreaRect,0.8129847429707668,True,0.0,76.0,479.0,76.0,479.0,451.0,-1.1481064037845155e-14,451.0,SOURCE_TRUNCATED,banknote not fully visible in source frame
redmi,ROI_5000_10CM_R04,5000,10,4,480,452,roi/5000/10cm/ROI_5000_10CM_R04/frame_rgb.png,review_images/redmi/ROI_5000_10CM_R04.png,chroma_saturation_minAreaRect,0.927667790235342,True,6.103515625e-05,76.0,479.0,76.0,479.0,394.99993896484375,6.103515625e-05,394.99993896484375,SOURCE_TRUNCATED,banknote not fully visible in source frame
redmi,ROI_5000_10CM_R05,5000,10,5,480,452,roi/5000/10cm/ROI_5000_10CM_R05/frame_rgb.png,review_images/redmi/ROI_5000_10CM_R05.png,chroma_saturation_minAreaRect,0.9279257671597858,True,0.0,74.0,479.0,74.0,479.0,397.0,-9.889023261833337e-15,397.0,SOURCE_TRUNCATED,banknote not fully visible in source frame
redmi,ROI_50000_10CM_R01,50000,10,1,480,452,roi/50000/10cm/ROI_50000_10CM_R01/frame_rgb.png,review_images/redmi/ROI_50000_10CM_R01.png,chroma_saturation_minAreaRect,0.8482094320681366,True,0.0,61.0,479.0,61.0,479.0,451.0,-1.19403066671216e-14,451.0,SOURCE_TRUNCATED,banknote not fully visible in source frame
redmi,ROI_50000_10CM_R02,50000,10,2,480,452,roi/50000/10cm/ROI_50000_10CM_R02/frame_rgb.png,review_images/redmi/ROI_50000_10CM_R02.png,chroma_saturation_minAreaRect,0.8306005053033934,True,0.0,66.0,479.0,66.0,479.0,451.0,-1.1787225790696118e-14,451.0,SOURCE_TRUNCATED,banknote not fully visible in source frame
redmi,ROI_50000_10CM_R03,50000,10,3,480,452,roi/50000/10cm/ROI_50000_10CM_R03/frame_rgb.png,review_images/redmi/ROI_50000_10CM_R03.png,chroma_saturation_minAreaRect,0.8304376260850355,True,0.0,72.0,479.0,72.0,479.0,451.0,-1.160352890839213e-14,451.0,SOURCE_TRUNCATED,banknote not fully visible in source frame
redmi,ROI_50000_10CM_R04,50000,10,4,480,452,roi/50000/10cm/ROI_50000_10CM_R04/frame_rgb.png,review_images/redmi/ROI_50000_10CM_R04.png,chroma_saturation_minAreaRect,0.8277991041010574,True,0.0,74.0,479.0,74.0,479.0,451.0,-1.1542296896635116e-14,451.0,SOURCE_TRUNCATED,banknote not fully visible in source frame
redmi,ROI_50000_10CM_R05,50000,10,5,480,452,roi/50000/10cm/ROI_50000_10CM_R05/frame_rgb.png,review_images/redmi/ROI_50000_10CM_R05.png,chroma_saturation_minAreaRect,0.8570174224543893,True,0.0,88.0,479.0,88.0,479.0,451.0,-1.1113670273237182e-14,451.0,SOURCE_TRUNCATED,banknote not fully visible in source frame
redmi,ROI_1000_20CM_R01,1000,20,1,480,452,roi/1000/20cm/ROI_1000_20CM_R01/frame_rgb.png,review_images/redmi/ROI_1000_20CM_R01.png,chroma_saturation_minAreaRect,0.9346768247017858,False,70.0,138.0,401.0,138.0,401.0,293.0,70.0,293.0,ACCEPTED_AUTO,human accepted automatic quadrilateral
redmi,ROI_1000_20CM_R02,1000,20,2,480,452,roi/1000/20cm/ROI_1000_20CM_R02/frame_rgb.png,review_images/redmi/ROI_1000_20CM_R02.png,chroma_saturation_minAreaRect,0.5053390005032539,True,77.0,143.0,401.0,148.0,404.0,299.0,76.0,297.0,ACCEPTED_MANUAL,human redrawn quadrilateral
redmi,ROI_1000_20CM_R03,1000,20,3,480,452,roi/1000/20cm/ROI_1000_20CM_R03/frame_rgb.png,review_images/redmi/ROI_1000_20CM_R03.png,chroma_saturation_minAreaRect,0.9359889575350596,False,66.9400634765625,142.0624237060547,397.4146423339844,135.31805419921875,400.6419677734375,293.45623779296875,70.16738891601562,300.2006225585937,ACCEPTED_AUTO,human accepted automatic quadrilateral
redmi,ROI_1000_20CM_R04,1000,20,4,480,452,roi/1000/20cm/ROI_1000_20CM_R04/frame_rgb.png,review_images/redmi/ROI_1000_20CM_R04.png,chroma_saturation_minAreaRect,0.5060241243409346,True,75.0,136.0,402.0,145.0,405.0,297.0,72.0,284.0,ACCEPTED_MANUAL,human redrawn quadrilateral
redmi,ROI_1000_20CM_R05,1000,20,5,480,452,roi/1000/20cm/ROI_1000_20CM_R05/frame_rgb.png,review_images/redmi/ROI_1000_20CM_R05.png,chroma_saturation_minAreaRect,0.9305213872039654,False,63.278656005859375,133.55630493164062,395.8997497558594,146.14761352539062,389.8779602050781,305.22247314453125,57.25686264038086,292.63116455078125,ACCEPTED_AUTO,human accepted automatic quadrilateral
redmi,ROI_10000_20CM_R01,10000,20,1,480,452,roi/10000/20cm/ROI_10000_20CM_R01/frame_rgb.png,review_images/redmi/ROI_10000_20CM_R01.png,chroma_saturation_minAreaRect,0.5072260185559253,True,87.0,150.0,410.0,152.0,404.0,300.0,91.0,302.0,ACCEPTED_MANUAL,human redrawn quadrilateral
redmi,ROI_10000_20CM_R02,10000,20,2,480,452,roi/10000/20cm/ROI_10000_20CM_R02/frame_rgb.png,review_images/redmi/ROI_10000_20CM_R02.png,none,0.0,False,83.0,147.0,397.0,155.0,393.0,303.0,77.0,300.0,ACCEPTED_MANUAL,human redrawn quadrilateral
redmi,ROI_10000_20CM_R03,10000,20,3,480,452,roi/10000/20cm/ROI_10000_20CM_R03/frame_rgb.png,review_images/redmi/ROI_10000_20CM_R03.png,none,0.0,False,83.0,155.0,398.0,139.0,406.0,290.0,92.0,308.0,ACCEPTED_MANUAL,human redrawn quadrilateral
redmi,ROI_10000_20CM_R04,10000,20,4,480,452,roi/10000/20cm/ROI_10000_20CM_R04/frame_rgb.png,review_images/redmi/ROI_10000_20CM_R04.png,chroma_saturation_minAreaRect,0.9352330047242706,False,82.0,142.0,400.0,142.0,400.0,299.0,82.0,299.0,ACCEPTED_AUTO,human accepted automatic quadrilateral
redmi,ROI_10000_20CM_R05,10000,20,5,480,452,roi/10000/20cm/ROI_10000_20CM_R05/frame_rgb.png,review_images/redmi/ROI_10000_20CM_R05.png,none,0.0,False,97.0,161.0,405.0,164.0,403.0,313.0,90.0,304.0,ACCEPTED_MANUAL,human redrawn quadrilateral
redmi,ROI_100000_20CM_R01,100000,20,1,480,452,roi/100000/20cm/ROI_100000_20CM_R01/frame_rgb.png,review_images/redmi/ROI_100000_20CM_R01.png,none,0.0,False,53.0,151.0,404.0,145.0,413.0,293.0,55.0,305.0,ACCEPTED_MANUAL,human redrawn quadrilateral
redmi,ROI_100000_20CM_R02,100000,20,2,480,452,roi/100000/20cm/ROI_100000_20CM_R02/frame_rgb.png,review_images/redmi/ROI_100000_20CM_R02.png,none,0.0,False,64.0,162.0,415.0,148.0,427.0,297.0,73.0,315.0,ACCEPTED_MANUAL,human redrawn quadrilateral
redmi,ROI_100000_20CM_R03,100000,20,3,480,452,roi/100000/20cm/ROI_100000_20CM_R03/frame_rgb.png,review_images/redmi/ROI_100000_20CM_R03.png,none,0.0,False,51.0,139.0,400.0,167.0,387.0,315.0,41.0,289.0,ACCEPTED_MANUAL,human redrawn quadrilateral
redmi,ROI_100000_20CM_R04,100000,20,4,480,452,roi/100000/20cm/ROI_100000_20CM_R04/frame_rgb.png,review_images/redmi/ROI_100000_20CM_R04.png,none,0.0,False,57.0,149.0,407.0,159.0,411.0,309.0,53.0,300.0,ACCEPTED_MANUAL,human redrawn quadrilateral
redmi,ROI_100000_20CM_R05,100000,20,5,480,452,roi/100000/20cm/ROI_100000_20CM_R05/frame_rgb.png,review_images/redmi/ROI_100000_20CM_R05.png,none,0.0,False,51.0,143.0,403.0,152.0,402.0,300.0,50.0,301.0,ACCEPTED_MANUAL,human redrawn quadrilateral
redmi,ROI_2000_20CM_R01,2000,20,1,480,452,roi/2000/20cm/ROI_2000_20CM_R01/frame_rgb.png,review_images/redmi/ROI_2000_20CM_R01.png,chroma_saturation_minAreaRect,0.9159491569388886,False,73.0006103515625,153.08843994140625,374.6260681152344,151.03656005859375,375.6886291503906,307.2333984375,74.06317138671875,309.2852783203125,ACCEPTED_AUTO,human accepted automatic quadrilateral
redmi,ROI_2000_20CM_R02,2000,20,2,480,452,roi/2000/20cm/ROI_2000_20CM_R02/frame_rgb.png,review_images/redmi/ROI_2000_20CM_R02.png,chroma_saturation_minAreaRect,0.9218147810044,False,92.584716796875,151.62802124023438,390.4191284179688,162.26498413085938,384.8840942382813,317.245849609375,87.0496826171875,306.60888671875,ACCEPTED_AUTO,human accepted automatic quadrilateral
redmi,ROI_2000_20CM_R03,2000,20,3,480,452,roi/2000/20cm/ROI_2000_20CM_R03/frame_rgb.png,review_images/redmi/ROI_2000_20CM_R03.png,chroma_saturation_minAreaRect,0.9319274822530416,False,96.0,147.0,395.0,147.0,395.0,305.0,96.0,305.0,ACCEPTED_AUTO,human accepted automatic quadrilateral
redmi,ROI_2000_20CM_R04,2000,20,4,480,452,roi/2000/20cm/ROI_2000_20CM_R04/frame_rgb.png,review_images/redmi/ROI_2000_20CM_R04.png,chroma_saturation_minAreaRect,0.9361181226188486,False,92.0,144.0,389.0,144.0,389.0,298.0,92.0,298.0,ACCEPTED_AUTO,human accepted automatic quadrilateral
redmi,ROI_2000_20CM_R05,2000,20,5,480,452,roi/2000/20cm/ROI_2000_20CM_R05/frame_rgb.png,review_images/redmi/ROI_2000_20CM_R05.png,chroma_saturation_minAreaRect,0.9230894230760855,False,82.0,156.0,380.99993896484375,156.0,380.99993896484375,310.9999389648437,82.0,310.9999389648437,ACCEPTED_AUTO,human accepted automatic quadrilateral
redmi,ROI_20000_20CM_R01,20000,20,1,480,452,roi/20000/20cm/ROI_20000_20CM_R01/frame_rgb.png,review_images/redmi/ROI_20000_20CM_R01.png,none,0.0,False,75.0,159.0,401.0,158.0,404.0,302.0,71.0,312.0,ACCEPTED_MANUAL,human redrawn quadrilateral
redmi,ROI_20000_20CM_R02,20000,20,2,480,452,roi/20000/20cm/ROI_20000_20CM_R02/frame_rgb.png,review_images/redmi/ROI_20000_20CM_R02.png,none,0.0,False,76.0,140.0,400.0,150.0,399.0,290.0,72.0,293.0,ACCEPTED_MANUAL,human redrawn quadrilateral
redmi,ROI_20000_20CM_R03,20000,20,3,480,452,roi/20000/20cm/ROI_20000_20CM_R03/frame_rgb.png,review_images/redmi/ROI_20000_20CM_R03.png,none,0.0,False,73.0,149.0,403.0,159.0,402.0,304.0,73.0,305.0,ACCEPTED_MANUAL,human redrawn quadrilateral
redmi,ROI_20000_20CM_R04,20000,20,4,480,452,roi/20000/20cm/ROI_20000_20CM_R04/frame_rgb.png,review_images/redmi/ROI_20000_20CM_R04.png,chroma_saturation_minAreaRect,0.2671749853263592,True,74.0,146.0,401.0,150.0,399.0,293.0,84.0,296.0,ACCEPTED_MANUAL,human redrawn quadrilateral
redmi,ROI_20000_20CM_R05,20000,20,5,480,452,roi/20000/20cm/ROI_20000_20CM_R05/frame_rgb.png,review_images/redmi/ROI_20000_20CM_R05.png,none,0.0,False,80.0,144.0,404.0,160.0,404.0,307.0,70.0,293.0,ACCEPTED_MANUAL,human redrawn quadrilateral
redmi,ROI_5000_20CM_R01,5000,20,1,480,452,roi/5000/20cm/ROI_5000_20CM_R01/frame_rgb.png,review_images/redmi/ROI_5000_20CM_R01.png,none,0.0,False,85.0,144.0,384.0,156.0,385.0,297.0,82.0,294.0,ACCEPTED_MANUAL,human redrawn quadrilateral
redmi,ROI_5000_20CM_R02,5000,20,2,480,452,roi/5000/20cm/ROI_5000_20CM_R02/frame_rgb.png,review_images/redmi/ROI_5000_20CM_R02.png,none,0.0,False,98.0,163.0,393.0,174.0,392.0,317.0,94.0,312.0,ACCEPTED_MANUAL,human redrawn quadrilateral
redmi,ROI_5000_20CM_R03,5000,20,3,480,452,roi/5000/20cm/ROI_5000_20CM_R03/frame_rgb.png,review_images/redmi/ROI_5000_20CM_R03.png,none,0.0,False,77.0,159.0,381.0,149.0,387.0,300.0,83.0,310.0,ACCEPTED_MANUAL,human redrawn quadrilateral
redmi,ROI_5000_20CM_R04,5000,20,4,480,452,roi/5000/20cm/ROI_5000_20CM_R04/frame_rgb.png,review_images/redmi/ROI_5000_20CM_R04.png,chroma_saturation_minAreaRect,0.9314054952873796,False,75.65205383300781,152.31918334960938,388.3162841796875,147.41464233398438,390.810302734375,306.4068908691406,78.14604187011719,311.3114318847656,ACCEPTED_AUTO,human accepted automatic quadrilateral
redmi,ROI_5000_20CM_R05,5000,20,5,480,452,roi/5000/20cm/ROI_5000_20CM_R05/frame_rgb.png,review_images/redmi/ROI_5000_20CM_R05.png,none,0.0,False,96.0,159.0,403.0,163.0,400.0,314.0,94.0,311.0,ACCEPTED_MANUAL,human redrawn quadrilateral
redmi,ROI_50000_20CM_R01,50000,20,1,480,452,roi/50000/20cm/ROI_50000_20CM_R01/frame_rgb.png,review_images/redmi/ROI_50000_20CM_R01.png,none,0.0,False,54.0,160.0,402.0,150.0,403.0,300.0,61.0,312.0,ACCEPTED_MANUAL,human redrawn quadrilateral
redmi,ROI_50000_20CM_R02,50000,20,2,480,452,roi/50000/20cm/ROI_50000_20CM_R02/frame_rgb.png,review_images/redmi/ROI_50000_20CM_R02.png,none,0.0,False,73.0,161.0,411.0,153.0,418.0,302.0,70.0,314.0,ACCEPTED_MANUAL,human redrawn quadrilateral
redmi,ROI_50000_20CM_R03,50000,20,3,480,452,roi/50000/20cm/ROI_50000_20CM_R03/frame_rgb.png,review_images/redmi/ROI_50000_20CM_R03.png,none,0.0,False,69.0,158.0,405.0,165.0,408.0,307.0,60.0,313.0,ACCEPTED_MANUAL,human redrawn quadrilateral
redmi,ROI_50000_20CM_R04,50000,20,4,480,452,roi/50000/20cm/ROI_50000_20CM_R04/frame_rgb.png,review_images/redmi/ROI_50000_20CM_R04.png,none,0.0,False,74.0,139.0,417.0,141.0,414.0,282.0,69.0,290.0,ACCEPTED_MANUAL,human redrawn quadrilateral
redmi,ROI_50000_20CM_R05,50000,20,5,480,452,roi/50000/20cm/ROI_50000_20CM_R05/frame_rgb.png,review_images/redmi/ROI_50000_20CM_R05.png,none,0.0,False,71.0,133.0,416.0,149.0,407.0,295.0,65.0,288.0,ACCEPTED_MANUAL,human redrawn quadrilateral
redmi,ROI_1000_30CM_R01,1000,30,1,480,452,roi/1000/30cm/ROI_1000_30CM_R01/frame_rgb.png,review_images/redmi/ROI_1000_30CM_R01.png,chroma_saturation_minAreaRect,0.9283090229158132,False,136.81900024414062,167.2598876953125,333.75103759765625,170.05325317382812,332.20245361328125,279.2298583984375,135.27041625976562,276.4364929199219,ACCEPTED_AUTO,human accepted automatic quadrilateral
redmi,ROI_1000_30CM_R02,1000,30,2,480,452,roi/1000/30cm/ROI_1000_30CM_R02/frame_rgb.png,review_images/redmi/ROI_1000_30CM_R02.png,chroma_saturation_minAreaRect,0.8871933940631158,False,131.18658447265625,173.72274780273438,329.6202392578125,178.810791015625,326.71746826171875,292.0184020996094,128.2838134765625,286.93035888671875,ACCEPTED_AUTO,human accepted automatic quadrilateral
redmi,ROI_1000_30CM_R03,1000,30,3,480,452,roi/1000/30cm/ROI_1000_30CM_R03/frame_rgb.png,review_images/redmi/ROI_1000_30CM_R03.png,chroma_saturation_minAreaRect,0.9531886431194232,False,138.0,176.0,333.0,176.0,333.0,281.0,138.0,281.0,ACCEPTED_AUTO,human accepted automatic quadrilateral
redmi,ROI_1000_30CM_R04,1000,30,4,480,452,roi/1000/30cm/ROI_1000_30CM_R04/frame_rgb.png,review_images/redmi/ROI_1000_30CM_R04.png,chroma_saturation_minAreaRect,0.9071358844067918,False,134.0,167.99996948242188,330.9999694824219,167.99996948242188,330.9999694824219,278.9999694824219,134.0,278.9999694824219,ACCEPTED_AUTO,human accepted automatic quadrilateral
redmi,ROI_1000_30CM_R05,1000,30,5,480,452,roi/1000/30cm/ROI_1000_30CM_R05/frame_rgb.png,review_images/redmi/ROI_1000_30CM_R05.png,chroma_saturation_minAreaRect,0.9389063270775082,False,143.53277587890625,171.00680541992188,340.4018249511719,175.72222900390625,337.8186340332031,283.57049560546875,140.9495849609375,278.8550720214844,ACCEPTED_AUTO,human accepted automatic quadrilateral
redmi,ROI_10000_30CM_R01,10000,30,1,480,452,roi/10000/30cm/ROI_10000_30CM_R01/frame_rgb.png,review_images/redmi/ROI_10000_30CM_R01.png,chroma_saturation_minAreaRect,0.9218709954971857,False,141.525390625,170.73049926757812,362.3370666503906,175.146728515625,360.2043151855469,281.7840881347656,139.39263916015625,277.36785888671875,ACCEPTED_AUTO,human accepted automatic quadrilateral
redmi,ROI_10000_30CM_R02,10000,30,2,480,452,roi/10000/30cm/ROI_10000_30CM_R02/frame_rgb.png,review_images/redmi/ROI_10000_30CM_R02.png,chroma_saturation_minAreaRect,0.798987633716513,False,129.0,176.0,346.0,174.0,345.0,278.0,123.0,278.0,ACCEPTED_MANUAL,human redrawn quadrilateral
redmi,ROI_10000_30CM_R03,10000,30,3,480,452,roi/10000/30cm/ROI_10000_30CM_R03/frame_rgb.png,review_images/redmi/ROI_10000_30CM_R03.png,chroma_saturation_minAreaRect,0.8909377884416808,False,123.56710815429688,170.95913696289062,348.2668151855469,174.27981567382812,346.6556091308594,283.3052673339844,121.9559097290039,279.9845886230469,ACCEPTED_AUTO,human accepted automatic quadrilateral
redmi,ROI_10000_30CM_R04,10000,30,4,480,452,roi/10000/30cm/ROI_10000_30CM_R04/frame_rgb.png,review_images/redmi/ROI_10000_30CM_R04.png,none,0.0,False,139.0,178.0,354.0,182.0,352.0,285.0,130.0,280.0,ACCEPTED_MANUAL,human redrawn quadrilateral
redmi,ROI_10000_30CM_R05,10000,30,5,480,452,roi/10000/30cm/ROI_10000_30CM_R05/frame_rgb.png,review_images/redmi/ROI_10000_30CM_R05.png,chroma_saturation_minAreaRect,0.9187995550964688,False,136.63272094726562,172.3736572265625,357.5721435546875,177.82894897460938,354.8872985839844,286.56512451171875,133.94789123535156,281.1098327636719,ACCEPTED_AUTO,human accepted automatic quadrilateral
redmi,ROI_100000_30CM_R01,100000,30,1,480,452,roi/100000/30cm/ROI_100000_30CM_R01/frame_rgb.png,review_images/redmi/ROI_100000_30CM_R01.png,none,0.0,False,113.0,177.0,355.0,169.0,359.0,273.0,114.0,278.0,ACCEPTED_MANUAL,human redrawn quadrilateral
redmi,ROI_100000_30CM_R02,100000,30,2,480,452,roi/100000/30cm/ROI_100000_30CM_R02/frame_rgb.png,review_images/redmi/ROI_100000_30CM_R02.png,none,0.0,False,112.0,173.0,354.0,177.0,351.0,288.0,104.0,278.0,ACCEPTED_MANUAL,human redrawn quadrilateral
redmi,ROI_100000_30CM_R03,100000,30,3,480,452,roi/100000/30cm/ROI_100000_30CM_R03/frame_rgb.png,review_images/redmi/ROI_100000_30CM_R03.png,none,0.0,False,116.0,175.0,358.0,173.0,357.0,283.0,112.0,278.0,ACCEPTED_MANUAL,human redrawn quadrilateral
redmi,ROI_100000_30CM_R04,100000,30,4,480,452,roi/100000/30cm/ROI_100000_30CM_R04/frame_rgb.png,review_images/redmi/ROI_100000_30CM_R04.png,chroma_saturation_minAreaRect,0.4445516168740435,True,130.0,172.0,373.0,184.0,371.0,287.0,123.0,277.0,ACCEPTED_MANUAL,human redrawn quadrilateral
redmi,ROI_100000_30CM_R05,100000,30,5,480,452,roi/100000/30cm/ROI_100000_30CM_R05/frame_rgb.png,review_images/redmi/ROI_100000_30CM_R05.png,chroma_saturation_minAreaRect,0.3636269233048118,True,119.0,172.0,367.0,174.0,365.0,280.0,119.0,278.0,ACCEPTED_MANUAL,human redrawn quadrilateral
redmi,ROI_2000_30CM_R01,2000,30,1,480,452,roi/2000/30cm/ROI_2000_30CM_R01/frame_rgb.png,review_images/redmi/ROI_2000_30CM_R01.png,chroma_saturation_minAreaRect,0.935652495655012,False,138.95965576171875,160.84756469726562,343.49041748046875,176.12860107421875,335.607177734375,281.6430969238281,131.07640075683594,266.362060546875,ACCEPTED_AUTO,human accepted automatic quadrilateral
redmi,ROI_2000_30CM_R02,2000,30,2,480,452,roi/2000/30cm/ROI_2000_30CM_R02/frame_rgb.png,review_images/redmi/ROI_2000_30CM_R02.png,chroma_saturation_minAreaRect,0.922900956487885,False,138.91885375976562,164.86602783203125,343.6622619628906,173.76791381835938,338.8830261230469,283.6905822753906,134.13961791992188,274.7886962890625,ACCEPTED_AUTO,human accepted automatic quadrilateral
redmi,ROI_2000_30CM_R03,2000,30,3,480,452,roi/2000/30cm/ROI_2000_30CM_R03/frame_rgb.png,review_images/redmi/ROI_2000_30CM_R03.png,chroma_saturation_minAreaRect,0.918992395706826,False,133.50460815429688,170.91693115234375,338.64923095703125,182.3138732910156,332.6153869628906,290.923095703125,127.47076416015624,279.5261535644531,ACCEPTED_AUTO,human accepted automatic quadrilateral
redmi,ROI_2000_30CM_R04,2000,30,4,480,452,roi/2000/30cm/ROI_2000_30CM_R04/frame_rgb.png,review_images/redmi/ROI_2000_30CM_R04.png,chroma_saturation_minAreaRect,0.9254369236172644,False,135.27798461914062,171.8504638671875,341.6674499511719,182.23483276367188,336.2904357910156,289.1026611328125,129.90097045898438,278.7182922363281,ACCEPTED_AUTO,human accepted automatic quadrilateral
redmi,ROI_2000_30CM_R05,2000,30,5,480,452,roi/2000/30cm/ROI_2000_30CM_R05/frame_rgb.png,review_images/redmi/ROI_2000_30CM_R05.png,chroma_saturation_minAreaRect,0.931627087292838,False,132.9625244140625,168.83596801757812,338.1015625,173.0224609375,335.925048828125,279.67193603515625,130.7860107421875,275.4854431152344,ACCEPTED_AUTO,human accepted automatic quadrilateral
redmi,ROI_20000_30CM_R01,20000,30,1,480,452,roi/20000/30cm/ROI_20000_30CM_R01/frame_rgb.png,review_images/redmi/ROI_20000_30CM_R01.png,none,0.0,False,127.0,172.0,352.0,176.0,348.0,281.0,122.0,274.0,ACCEPTED_MANUAL,human redrawn quadrilateral
redmi,ROI_20000_30CM_R02,20000,30,2,480,452,roi/20000/30cm/ROI_20000_30CM_R02/frame_rgb.png,review_images/redmi/ROI_20000_30CM_R02.png,chroma_saturation_minAreaRect,0.4414695564595532,False,120.0,172.0,347.0,178.0,348.0,278.0,110.0,276.0,ACCEPTED_MANUAL,human redrawn quadrilateral
redmi,ROI_20000_30CM_R03,20000,30,3,480,452,roi/20000/30cm/ROI_20000_30CM_R03/frame_rgb.png,review_images/redmi/ROI_20000_30CM_R03.png,chroma_saturation_minAreaRect,0.4492553435034428,True,119.0,168.0,347.0,166.0,345.0,271.0,118.0,267.0,ACCEPTED_MANUAL,human redrawn quadrilateral
redmi,ROI_20000_30CM_R04,20000,30,4,480,452,roi/20000/30cm/ROI_20000_30CM_R04/frame_rgb.png,review_images/redmi/ROI_20000_30CM_R04.png,none,0.0,False,125.0,168.0,351.0,174.0,353.0,280.0,119.0,269.0,ACCEPTED_MANUAL,human redrawn quadrilateral
redmi,ROI_20000_30CM_R05,20000,30,5,480,452,roi/20000/30cm/ROI_20000_30CM_R05/frame_rgb.png,review_images/redmi/ROI_20000_30CM_R05.png,chroma_saturation_minAreaRect,0.5155803777449828,False,121.0,171.0,347.0,175.0,345.0,279.0,116.0,274.0,ACCEPTED_MANUAL,human redrawn quadrilateral
redmi,ROI_5000_30CM_R01,5000,30,1,480,452,roi/5000/30cm/ROI_5000_30CM_R01/frame_rgb.png,review_images/redmi/ROI_5000_30CM_R01.png,chroma_saturation_minAreaRect,0.9312114541265296,False,136.0,163.99996948242188,348.9999389648437,163.99996948242188,348.9999389648437,271.9999694824219,135.99998474121094,271.9999694824219,ACCEPTED_AUTO,human accepted automatic quadrilateral
redmi,ROI_5000_30CM_R02,5000,30,2,480,452,roi/5000/30cm/ROI_5000_30CM_R02/frame_rgb.png,review_images/redmi/ROI_5000_30CM_R02.png,chroma_saturation_minAreaRect,0.9290410265951452,False,136.58175659179688,173.92990112304688,349.95318603515625,180.11459350585938,346.8274841308594,287.9515380859375,133.45603942871094,281.766845703125,ACCEPTED_AUTO,human accepted automatic quadrilateral
redmi,ROI_5000_30CM_R03,5000,30,3,480,452,roi/5000/30cm/ROI_5000_30CM_R03/frame_rgb.png,review_images/redmi/ROI_5000_30CM_R03.png,chroma_saturation_minAreaRect,0.906987588501657,False,143.0,181.0,348.0,176.0,353.0,282.0,141.0,282.0,ACCEPTED_MANUAL,human redrawn quadrilateral
redmi,ROI_5000_30CM_R04,5000,30,4,480,452,roi/5000/30cm/ROI_5000_30CM_R04/frame_rgb.png,review_images/redmi/ROI_5000_30CM_R04.png,none,0.0,False,143.0,177.0,350.0,177.0,348.0,280.0,139.0,275.0,ACCEPTED_MANUAL,human redrawn quadrilateral
redmi,ROI_5000_30CM_R05,5000,30,5,480,452,roi/5000/30cm/ROI_5000_30CM_R05/frame_rgb.png,review_images/redmi/ROI_5000_30CM_R05.png,none,0.0,False,139.0,170.0,344.0,170.0,341.0,277.0,132.0,270.0,ACCEPTED_MANUAL,human redrawn quadrilateral
redmi,ROI_50000_30CM_R01,50000,30,1,480,452,roi/50000/30cm/ROI_50000_30CM_R01/frame_rgb.png,review_images/redmi/ROI_50000_30CM_R01.png,chroma_saturation_minAreaRect,0.7109520984600755,False,117.0,174.0,353.0,176.0,355.0,276.0,112.0,271.0,ACCEPTED_MANUAL,human redrawn quadrilateral
redmi,ROI_50000_30CM_R02,50000,30,2,480,452,roi/50000/30cm/ROI_50000_30CM_R02/frame_rgb.png,review_images/redmi/ROI_50000_30CM_R02.png,chroma_saturation_minAreaRect,0.6555368525402239,False,126.0,173.0,361.0,187.0,358.0,286.0,120.0,275.0,ACCEPTED_MANUAL,human redrawn quadrilateral
redmi,ROI_50000_30CM_R03,50000,30,3,480,452,roi/50000/30cm/ROI_50000_30CM_R03/frame_rgb.png,review_images/redmi/ROI_50000_30CM_R03.png,chroma_saturation_minAreaRect,0.5242006703465242,False,123.0,172.0,363.0,177.0,360.0,279.0,119.0,274.0,ACCEPTED_MANUAL,human redrawn quadrilateral
redmi,ROI_50000_30CM_R04,50000,30,4,480,452,roi/50000/30cm/ROI_50000_30CM_R04/frame_rgb.png,review_images/redmi/ROI_50000_30CM_R04.png,chroma_saturation_minAreaRect,0.4705412006684988,False,115.0,169.0,349.0,169.0,347.0,277.0,111.0,274.0,ACCEPTED_MANUAL,human redrawn quadrilateral
redmi,ROI_50000_30CM_R05,50000,30,5,480,452,roi/50000/30cm/ROI_50000_30CM_R05/frame_rgb.png,review_images/redmi/ROI_50000_30CM_R05.png,chroma_saturation_minAreaRect,0.5363862031120517,True,116.0,177.0,350.0,175.0,350.0,277.0,107.0,278.0,ACCEPTED_MANUAL,human redrawn quadrilateral
