device,sample_id,class_label,distance_cm,repeat_index,candidate_roi_width_fraction,source_truncated,fully_contained,banknote_coverage_ratio,banknote_occupancy_in_roi,background_ratio_in_roi,excessive_background,roi_left,roi_top,roi_right,roi_bottom
poco,ROI_1000_10CM_R01,1000,10,1,0.7,True,False,,,,,72.0,22.822301864624023,408.0,273.1777038574219
poco,ROI_1000_10CM_R01,1000,10,1,0.8,True,False,,,,,61.233333587646484,14.800000190734863,418.76666259765625,281.20001220703125
poco,ROI_1000_10CM_R01,1000,10,1,0.9,True,False,,,,,61.233333587646484,14.800000190734863,418.76666259765625,281.20001220703125
poco,ROI_1000_10CM_R02,1000,10,2,0.7,True,False,,,,,72.0,22.822301864624023,408.0,273.1777038574219
poco,ROI_1000_10CM_R02,1000,10,2,0.8,True,False,,,,,61.233333587646484,14.800000190734863,418.76666259765625,281.20001220703125
poco,ROI_1000_10CM_R02,1000,10,2,0.9,True,False,,,,,61.233333587646484,14.800000190734863,418.76666259765625,281.20001220703125
poco,ROI_1000_10CM_R03,1000,10,3,0.7,True,False,,,,,72.0,22.822301864624023,408.0,273.1777038574219
poco,ROI_1000_10CM_R03,1000,10,3,0.8,True,False,,,,,61.233333587646484,14.800000190734863,418.76666259765625,281.20001220703125
poco,ROI_1000_10CM_R03,1000,10,3,0.9,True,False,,,,,61.233333587646484,14.800000190734863,418.76666259765625,281.20001220703125
poco,ROI_1000_10CM_R04,1000,10,4,0.7,True,False,,,,,72.0,22.822301864624023,408.0,273.1777038574219
poco,ROI_1000_10CM_R04,1000,10,4,0.8,True,False,,,,,61.233333587646484,14.800000190734863,418.76666259765625,281.20001220703125
poco,ROI_1000_10CM_R04,1000,10,4,0.9,True,False,,,,,61.233333587646484,14.800000190734863,418.76666259765625,281.20001220703125
poco,ROI_1000_10CM_R05,1000,10,5,0.7,True,False,,,,,72.0,22.822301864624023,408.0,273.1777038574219
poco,ROI_1000_10CM_R05,1000,10,5,0.8,True,False,,,,,61.233333587646484,14.800000190734863,418.76666259765625,281.20001220703125
poco,ROI_1000_10CM_R05,1000,10,5,0.9,True,False,,,,,61.233333587646484,14.800000190734863,418.76666259765625,281.20001220703125
poco,ROI_10000_10CM_R01,10000,10,1,0.7,True,False,,,,,72.0,22.822301864624023,408.0,273.1777038574219
poco,ROI_10000_10CM_R01,10000,10,1,0.8,True,False,,,,,61.233333587646484,14.800000190734863,418.76666259765625,281.20001220703125
poco,ROI_10000_10CM_R01,10000,10,1,0.9,True,False,,,,,61.233333587646484,14.800000190734863,418.76666259765625,281.20001220703125
poco,ROI_10000_10CM_R02,10000,10,2,0.7,True,False,,,,,72.0,22.822301864624023,408.0,273.1777038574219
poco,ROI_10000_10CM_R02,10000,10,2,0.8,True,False,,,,,61.233333587646484,14.800000190734863,418.76666259765625,281.20001220703125
poco,ROI_10000_10CM_R02,10000,10,2,0.9,True,False,,,,,61.233333587646484,14.800000190734863,418.76666259765625,281.20001220703125
poco,ROI_10000_10CM_R03,10000,10,3,0.7,True,False,,,,,72.0,22.822301864624023,408.0,273.1777038574219
poco,ROI_10000_10CM_R03,10000,10,3,0.8,True,False,,,,,61.233333587646484,14.800000190734863,418.76666259765625,281.20001220703125
poco,ROI_10000_10CM_R03,10000,10,3,0.9,True,False,,,,,61.233333587646484,14.800000190734863,418.76666259765625,281.20001220703125
poco,ROI_10000_10CM_R04,10000,10,4,0.7,True,False,,,,,72.0,22.822301864624023,408.0,273.1777038574219
poco,ROI_10000_10CM_R04,10000,10,4,0.8,True,False,,,,,61.233333587646484,14.800000190734863,418.76666259765625,281.20001220703125
poco,ROI_10000_10CM_R04,10000,10,4,0.9,True,False,,,,,61.233333587646484,14.800000190734863,418.76666259765625,281.20001220703125
poco,ROI_10000_10CM_R05,10000,10,5,0.7,True,False,,,,,72.0,22.822301864624023,408.0,273.1777038574219
poco,ROI_10000_10CM_R05,10000,10,5,0.8,True,False,,,,,61.233333587646484,14.800000190734863,418.76666259765625,281.20001220703125
poco,ROI_10000_10CM_R05,10000,10,5,0.9,True,False,,,,,61.233333587646484,14.800000190734863,418.76666259765625,281.20001220703125
poco,ROI_100000_10CM_R01,100000,10,1,0.7,True,False,,,,,72.0,22.822301864624023,408.0,273.1777038574219
poco,ROI_100000_10CM_R01,100000,10,1,0.8,True,False,,,,,61.233333587646484,14.800000190734863,418.76666259765625,281.20001220703125
poco,ROI_100000_10CM_R01,100000,10,1,0.9,True,False,,,,,61.233333587646484,14.800000190734863,418.76666259765625,281.20001220703125
poco,ROI_100000_10CM_R02,100000,10,2,0.7,True,False,,,,,72.0,22.822301864624023,408.0,273.1777038574219
poco,ROI_100000_10CM_R02,100000,10,2,0.8,True,False,,,,,61.233333587646484,14.800000190734863,418.76666259765625,281.20001220703125
poco,ROI_100000_10CM_R02,100000,10,2,0.9,True,False,,,,,61.233333587646484,14.800000190734863,418.76666259765625,281.20001220703125
poco,ROI_100000_10CM_R03,100000,10,3,0.7,True,False,,,,,72.0,22.822301864624023,408.0,273.1777038574219
poco,ROI_100000_10CM_R03,100000,10,3,0.8,True,False,,,,,61.233333587646484,14.800000190734863,418.76666259765625,281.20001220703125
poco,ROI_100000_10CM_R03,100000,10,3,0.9,True,False,,,,,61.233333587646484,14.800000190734863,418.76666259765625,281.20001220703125
poco,ROI_100000_10CM_R04,100000,10,4,0.7,True,False,,,,,72.0,22.822301864624023,408.0,273.1777038574219
poco,ROI_100000_10CM_R04,100000,10,4,0.8,True,False,,,,,61.233333587646484,14.800000190734863,418.76666259765625,281.20001220703125
poco,ROI_100000_10CM_R04,100000,10,4,0.9,True,False,,,,,61.233333587646484,14.800000190734863,418.76666259765625,281.20001220703125
poco,ROI_100000_10CM_R05,100000,10,5,0.7,True,False,,,,,72.0,22.822301864624023,408.0,273.1777038574219
poco,ROI_100000_10CM_R05,100000,10,5,0.8,True,False,,,,,61.233333587646484,14.800000190734863,418.76666259765625,281.20001220703125
poco,ROI_100000_10CM_R05,100000,10,5,0.9,True,False,,,,,61.233333587646484,14.800000190734863,418.76666259765625,281.20001220703125
poco,ROI_2000_10CM_R01,2000,10,1,0.7,True,False,,,,,72.0,22.822301864624023,408.0,273.1777038574219
poco,ROI_2000_10CM_R01,2000,10,1,0.8,True,False,,,,,61.233333587646484,14.800000190734863,418.76666259765625,281.20001220703125
poco,ROI_2000_10CM_R01,2000,10,1,0.9,True,False,,,,,61.233333587646484,14.800000190734863,418.76666259765625,281.20001220703125
poco,ROI_2000_10CM_R02,2000,10,2,0.7,True,False,,,,,72.0,22.822301864624023,408.0,273.1777038574219
poco,ROI_2000_10CM_R02,2000,10,2,0.8,True,False,,,,,61.233333587646484,14.800000190734863,418.76666259765625,281.20001220703125
poco,ROI_2000_10CM_R02,2000,10,2,0.9,True,False,,,,,61.233333587646484,14.800000190734863,418.76666259765625,281.20001220703125
poco,ROI_2000_10CM_R03,2000,10,3,0.7,True,False,,,,,72.0,22.822301864624023,408.0,273.1777038574219
poco,ROI_2000_10CM_R03,2000,10,3,0.8,True,False,,,,,61.233333587646484,14.800000190734863,418.76666259765625,281.20001220703125
poco,ROI_2000_10CM_R03,2000,10,3,0.9,True,False,,,,,61.233333587646484,14.800000190734863,418.76666259765625,281.20001220703125
poco,ROI_2000_10CM_R04,2000,10,4,0.7,True,False,,,,,72.0,22.822301864624023,408.0,273.1777038574219
poco,ROI_2000_10CM_R04,2000,10,4,0.8,True,False,,,,,61.233333587646484,14.800000190734863,418.76666259765625,281.20001220703125
poco,ROI_2000_10CM_R04,2000,10,4,0.9,True,False,,,,,61.233333587646484,14.800000190734863,418.76666259765625,281.20001220703125
poco,ROI_2000_10CM_R05,2000,10,5,0.7,True,False,,,,,72.0,22.822301864624023,408.0,273.1777038574219
poco,ROI_2000_10CM_R05,2000,10,5,0.8,True,False,,,,,61.233333587646484,14.800000190734863,418.76666259765625,281.20001220703125
poco,ROI_2000_10CM_R05,2000,10,5,0.9,True,False,,,,,61.233333587646484,14.800000190734863,418.76666259765625,281.20001220703125
poco,ROI_20000_10CM_R01,20000,10,1,0.7,True,False,,,,,72.0,22.822301864624023,408.0,273.1777038574219
poco,ROI_20000_10CM_R01,20000,10,1,0.8,True,False,,,,,61.233333587646484,14.800000190734863,418.76666259765625,281.20001220703125
poco,ROI_20000_10CM_R01,20000,10,1,0.9,True,False,,,,,61.233333587646484,14.800000190734863,418.76666259765625,281.20001220703125
poco,ROI_20000_10CM_R02,20000,10,2,0.7,True,False,,,,,72.0,22.822301864624023,408.0,273.1777038574219
poco,ROI_20000_10CM_R02,20000,10,2,0.8,True,False,,,,,61.233333587646484,14.800000190734863,418.76666259765625,281.20001220703125
poco,ROI_20000_10CM_R02,20000,10,2,0.9,True,False,,,,,61.233333587646484,14.800000190734863,418.76666259765625,281.20001220703125
poco,ROI_20000_10CM_R03,20000,10,3,0.7,True,False,,,,,72.0,22.822301864624023,408.0,273.1777038574219
poco,ROI_20000_10CM_R03,20000,10,3,0.8,True,False,,,,,61.233333587646484,14.800000190734863,418.76666259765625,281.20001220703125
poco,ROI_20000_10CM_R03,20000,10,3,0.9,True,False,,,,,61.233333587646484,14.800000190734863,418.76666259765625,281.20001220703125
poco,ROI_20000_10CM_R04,20000,10,4,0.7,True,False,,,,,72.0,22.822301864624023,408.0,273.1777038574219
poco,ROI_20000_10CM_R04,20000,10,4,0.8,True,False,,,,,61.233333587646484,14.800000190734863,418.76666259765625,281.20001220703125
poco,ROI_20000_10CM_R04,20000,10,4,0.9,True,False,,,,,61.233333587646484,14.800000190734863,418.76666259765625,281.20001220703125
poco,ROI_20000_10CM_R05,20000,10,5,0.7,True,False,,,,,72.0,22.822301864624023,408.0,273.1777038574219
poco,ROI_20000_10CM_R05,20000,10,5,0.8,True,False,,,,,61.233333587646484,14.800000190734863,418.76666259765625,281.20001220703125
poco,ROI_20000_10CM_R05,20000,10,5,0.9,True,False,,,,,61.233333587646484,14.800000190734863,418.76666259765625,281.20001220703125
poco,ROI_5000_10CM_R01,5000,10,1,0.7,True,False,,,,,72.0,22.822301864624023,408.0,273.1777038574219
poco,ROI_5000_10CM_R01,5000,10,1,0.8,True,False,,,,,61.233333587646484,14.800000190734863,418.76666259765625,281.20001220703125
poco,ROI_5000_10CM_R01,5000,10,1,0.9,True,False,,,,,61.233333587646484,14.800000190734863,418.76666259765625,281.20001220703125
poco,ROI_5000_10CM_R02,5000,10,2,0.7,True,False,,,,,72.0,22.822301864624023,408.0,273.1777038574219
poco,ROI_5000_10CM_R02,5000,10,2,0.8,True,False,,,,,61.233333587646484,14.800000190734863,418.76666259765625,281.20001220703125
poco,ROI_5000_10CM_R02,5000,10,2,0.9,True,False,,,,,61.233333587646484,14.800000190734863,418.76666259765625,281.20001220703125
poco,ROI_5000_10CM_R03,5000,10,3,0.7,True,False,,,,,72.0,22.822301864624023,408.0,273.1777038574219
poco,ROI_5000_10CM_R03,5000,10,3,0.8,True,False,,,,,61.233333587646484,14.800000190734863,418.76666259765625,281.20001220703125
poco,ROI_5000_10CM_R03,5000,10,3,0.9,True,False,,,,,61.233333587646484,14.800000190734863,418.76666259765625,281.20001220703125
poco,ROI_5000_10CM_R04,5000,10,4,0.7,True,False,,,,,72.0,22.822301864624023,408.0,273.1777038574219
poco,ROI_5000_10CM_R04,5000,10,4,0.8,True,False,,,,,61.233333587646484,14.800000190734863,418.76666259765625,281.20001220703125
poco,ROI_5000_10CM_R04,5000,10,4,0.9,True,False,,,,,61.233333587646484,14.800000190734863,418.76666259765625,281.20001220703125
poco,ROI_5000_10CM_R05,5000,10,5,0.7,True,False,,,,,72.0,22.822301864624023,408.0,273.1777038574219
poco,ROI_5000_10CM_R05,5000,10,5,0.8,True,False,,,,,61.233333587646484,14.800000190734863,418.76666259765625,281.20001220703125
poco,ROI_5000_10CM_R05,5000,10,5,0.9,True,False,,,,,61.233333587646484,14.800000190734863,418.76666259765625,281.20001220703125
poco,ROI_50000_10CM_R01,50000,10,1,0.7,True,False,,,,,72.0,22.822301864624023,408.0,273.1777038574219
poco,ROI_50000_10CM_R01,50000,10,1,0.8,True,False,,,,,61.233333587646484,14.800000190734863,418.76666259765625,281.20001220703125
poco,ROI_50000_10CM_R01,50000,10,1,0.9,True,False,,,,,61.233333587646484,14.800000190734863,418.76666259765625,281.20001220703125
poco,ROI_50000_10CM_R02,50000,10,2,0.7,True,False,,,,,72.0,22.822301864624023,408.0,273.1777038574219
poco,ROI_50000_10CM_R02,50000,10,2,0.8,True,False,,,,,61.233333587646484,14.800000190734863,418.76666259765625,281.20001220703125
poco,ROI_50000_10CM_R02,50000,10,2,0.9,True,False,,,,,61.233333587646484,14.800000190734863,418.76666259765625,281.20001220703125
poco,ROI_50000_10CM_R03,50000,10,3,0.7,True,False,,,,,72.0,22.822301864624023,408.0,273.1777038574219
poco,ROI_50000_10CM_R03,50000,10,3,0.8,True,False,,,,,61.233333587646484,14.800000190734863,418.76666259765625,281.20001220703125
poco,ROI_50000_10CM_R03,50000,10,3,0.9,True,False,,,,,61.233333587646484,14.800000190734863,418.76666259765625,281.20001220703125
poco,ROI_50000_10CM_R04,50000,10,4,0.7,True,False,,,,,72.0,22.822301864624023,408.0,273.1777038574219
poco,ROI_50000_10CM_R04,50000,10,4,0.8,True,False,,,,,61.233333587646484,14.800000190734863,418.76666259765625,281.20001220703125
poco,ROI_50000_10CM_R04,50000,10,4,0.9,True,False,,,,,61.233333587646484,14.800000190734863,418.76666259765625,281.20001220703125
poco,ROI_50000_10CM_R05,50000,10,5,0.7,True,False,,,,,72.0,22.822301864624023,408.0,273.1777038574219
poco,ROI_50000_10CM_R05,50000,10,5,0.8,True,False,,,,,61.233333587646484,14.800000190734863,418.76666259765625,281.20001220703125
poco,ROI_50000_10CM_R05,50000,10,5,0.9,True,False,,,,,61.233333587646484,14.800000190734863,418.76666259765625,281.20001220703125
poco,ROI_1000_20CM_R01,1000,20,1,0.7,False,False,0.9837318529668289,0.6234847428696203,0.3765152571303797,,72.0,22.822301864624023,408.0,273.1777038574219
poco,ROI_1000_20CM_R01,1000,20,1,0.8,False,True,1.0,0.55975060012326,0.44024939987674006,False,61.233333587646484,14.800000190734863,418.76666259765625,281.20001220703125
poco,ROI_1000_20CM_R01,1000,20,1,0.9,False,True,1.0,0.55975060012326,0.44024939987674006,False,61.233333587646484,14.800000190734863,418.76666259765625,281.20001220703125
poco,ROI_1000_20CM_R02,1000,20,2,0.7,False,False,0.9575291450749068,0.6450890281852847,0.3549109718147153,,72.0,22.822301864624023,408.0,273.1777038574219
poco,ROI_1000_20CM_R02,1000,20,2,0.8,False,False,0.9990523122916263,0.5944308688202308,0.4055691311797692,,61.233333587646484,14.800000190734863,418.76666259765625,281.20001220703125
poco,ROI_1000_20CM_R02,1000,20,2,0.9,False,False,0.9990523122916263,0.5944308688202308,0.4055691311797692,,61.233333587646484,14.800000190734863,418.76666259765625,281.20001220703125
poco,ROI_1000_20CM_R03,1000,20,3,0.7,False,False,0.9506708504693734,0.6438478610907008,0.3561521389092992,,72.0,22.822301864624023,408.0,273.1777038574219
poco,ROI_1000_20CM_R03,1000,20,3,0.8,False,False,0.9993566942231418,0.5977493008997405,0.40225069910025946,,61.233333587646484,14.800000190734863,418.76666259765625,281.20001220703125
poco,ROI_1000_20CM_R03,1000,20,3,0.9,False,False,0.9993566942231418,0.5977493008997405,0.40225069910025946,,61.233333587646484,14.800000190734863,418.76666259765625,281.20001220703125
poco,ROI_1000_20CM_R04,1000,20,4,0.7,False,False,0.9604911385974161,0.6350804235361248,0.3649195764638752,,72.0,22.822301864624023,408.0,273.1777038574219
poco,ROI_1000_20CM_R04,1000,20,4,0.8,False,False,0.9916290052108738,0.5790686535256865,0.4209313464743135,,61.233333587646484,14.800000190734863,418.76666259765625,281.20001220703125
poco,ROI_1000_20CM_R04,1000,20,4,0.9,False,False,0.9916290052108738,0.5790686535256865,0.4209313464743135,,61.233333587646484,14.800000190734863,418.76666259765625,281.20001220703125
poco,ROI_1000_20CM_R05,1000,20,5,0.7,False,False,0.9292915239800813,0.616741724631431,0.38325827536856905,,72.0,22.822301864624023,408.0,273.1777038574219
poco,ROI_1000_20CM_R05,1000,20,5,0.8,False,False,0.9604104418517818,0.5629290998022545,0.4370709001977455,,61.233333587646484,14.800000190734863,418.76666259765625,281.20001220703125
poco,ROI_1000_20CM_R05,1000,20,5,0.9,False,False,0.9604104418517818,0.5629290998022545,0.4370709001977455,,61.233333587646484,14.800000190734863,418.76666259765625,281.20001220703125
poco,ROI_10000_20CM_R01,10000,20,1,0.7,False,False,0.9516618415505156,0.5879141235895766,0.4120858764104234,,72.0,22.822301864624023,408.0,273.1777038574219
poco,ROI_10000_20CM_R01,10000,20,1,0.8,False,False,0.9841894825826851,0.536976683963092,0.46302331603690805,,61.233333587646484,14.800000190734863,418.76666259765625,281.20001220703125
poco,ROI_10000_20CM_R01,10000,20,1,0.9,False,False,0.9841894825826851,0.536976683963092,0.46302331603690805,,61.233333587646484,14.800000190734863,418.76666259765625,281.20001220703125
poco,ROI_10000_20CM_R02,10000,20,2,0.7,False,False,0.9447463008529949,0.5982104052123576,0.4017895947876424,,72.0,22.822301864624023,408.0,273.1777038574219
poco,ROI_10000_20CM_R02,10000,20,2,0.8,False,False,0.9774700725117355,0.5466227509226398,0.4533772490773602,,61.233333587646484,14.800000190734863,418.76666259765625,281.20001220703125
poco,ROI_10000_20CM_R02,10000,20,2,0.9,False,False,0.9774700725117355,0.5466227509226398,0.4533772490773602,,61.233333587646484,14.800000190734863,418.76666259765625,281.20001220703125
poco,ROI_10000_20CM_R03,10000,20,3,0.7,False,False,0.9497175165608924,0.5964756132219557,0.40352438677804425,,72.0,22.822301864624023,408.0,273.1777038574219
poco,ROI_10000_20CM_R03,10000,20,3,0.8,False,False,0.9826417229680394,0.5450532277785257,0.4549467722214743,,61.233333587646484,14.800000190734863,418.76666259765625,281.20001220703125
poco,ROI_10000_20CM_R03,10000,20,3,0.9,False,False,0.9826417229680394,0.5450532277785257,0.4549467722214743,,61.233333587646484,14.800000190734863,418.76666259765625,281.20001220703125
poco,ROI_10000_20CM_R04,10000,20,4,0.7,False,False,0.9990340425895643,0.6222233292600245,0.37777667073997545,,72.0,22.822301864624023,408.0,273.1777038574219
poco,ROI_10000_20CM_R04,10000,20,4,0.8,False,True,1.0000000239067983,0.5500617988256885,0.4499382011743115,False,61.233333587646484,14.800000190734863,418.76666259765625,281.20001220703125
poco,ROI_10000_20CM_R04,10000,20,4,0.9,False,True,1.0000000239067983,0.5500617988256885,0.4499382011743115,False,61.233333587646484,14.800000190734863,418.76666259765625,281.20001220703125
poco,ROI_10000_20CM_R05,10000,20,5,0.7,False,False,0.9851143053422005,0.6136923022740854,0.38630769772591456,,72.0,22.822301864624023,408.0,273.1777038574219
poco,ROI_10000_20CM_R05,10000,20,5,0.8,False,True,1.0,0.5501859826793697,0.4498140173206303,False,61.233333587646484,14.800000190734863,418.76666259765625,281.20001220703125
poco,ROI_10000_20CM_R05,10000,20,5,0.9,False,True,1.0,0.5501859826793697,0.4498140173206303,False,61.233333587646484,14.800000190734863,418.76666259765625,281.20001220703125
poco,ROI_100000_20CM_R01,100000,20,1,0.7,False,False,0.9222355619828106,0.6173934209426173,0.3826065790573827,,72.0,22.822301864624023,408.0,273.1777038574219
poco,ROI_100000_20CM_R01,100000,20,1,0.8,False,False,0.9667492208864581,0.5715831723586188,0.4284168276413812,,61.233333587646484,14.800000190734863,418.76666259765625,281.20001220703125
poco,ROI_100000_20CM_R01,100000,20,1,0.9,False,False,0.9667492208864581,0.5715831723586188,0.4284168276413812,,61.233333587646484,14.800000190734863,418.76666259765625,281.20001220703125
poco,ROI_100000_20CM_R02,100000,20,2,0.7,False,False,0.9367181918211629,0.6078465854340046,0.3921534145659954,,72.0,22.822301864624023,408.0,273.1777038574219
poco,ROI_100000_20CM_R02,100000,20,2,0.8,False,False,0.9775154114608141,0.5602141979706878,0.43978580202931217,,61.233333587646484,14.800000190734863,418.76666259765625,281.20001220703125
poco,ROI_100000_20CM_R02,100000,20,2,0.9,False,False,0.9775154114608141,0.5602141979706878,0.43978580202931217,,61.233333587646484,14.800000190734863,418.76666259765625,281.20001220703125
poco,ROI_100000_20CM_R03,100000,20,3,0.7,False,False,0.9093337855678175,0.6346271987964085,0.3653728012035915,,72.0,22.822301864624023,408.0,273.1777038574219
poco,ROI_100000_20CM_R03,100000,20,3,0.8,False,False,0.9484543523346375,0.5845979109025506,0.41540208909744936,,61.233333587646484,14.800000190734863,418.76666259765625,281.20001220703125
poco,ROI_100000_20CM_R03,100000,20,3,0.9,False,False,0.9484543523346375,0.5845979109025506,0.41540208909744936,,61.233333587646484,14.800000190734863,418.76666259765625,281.20001220703125
poco,ROI_100000_20CM_R04,100000,20,4,0.7,False,False,0.9092913431491872,0.6308398002542709,0.3691601997457291,,72.0,22.822301864624023,408.0,273.1777038574219
poco,ROI_100000_20CM_R04,100000,20,4,0.8,False,False,0.9484122796590458,0.581110428015619,0.41888957198438104,,61.233333587646484,14.800000190734863,418.76666259765625,281.20001220703125
poco,ROI_100000_20CM_R04,100000,20,4,0.9,False,False,0.9484122796590458,0.581110428015619,0.41888957198438104,,61.233333587646484,14.800000190734863,418.76666259765625,281.20001220703125
poco,ROI_100000_20CM_R05,100000,20,5,0.7,False,False,0.8998504602288795,0.6394206076624411,0.36057939233755887,,72.0,22.822301864624023,408.0,273.1777038574219
poco,ROI_100000_20CM_R05,100000,20,5,0.8,False,False,0.9575193445338854,0.6009098373925024,0.39909016260749763,,61.233333587646484,14.800000190734863,418.76666259765625,281.20001220703125
poco,ROI_100000_20CM_R05,100000,20,5,0.9,False,False,0.9575193445338854,0.6009098373925024,0.39909016260749763,,61.233333587646484,14.800000190734863,418.76666259765625,281.20001220703125
poco,ROI_2000_20CM_R01,2000,20,1,0.7,False,False,0.9828217531588614,0.6317678893575466,0.3682321106424534,,72.0,22.822301864624023,408.0,273.1777038574219
poco,ROI_2000_20CM_R01,2000,20,1,0.8,False,True,0.9999999763900733,0.5677122287610139,0.4322877712389861,False,61.233333587646484,14.800000190734863,418.76666259765625,281.20001220703125
poco,ROI_2000_20CM_R01,2000,20,1,0.9,False,True,0.9999999763900733,0.5677122287610139,0.4322877712389861,False,61.233333587646484,14.800000190734863,418.76666259765625,281.20001220703125
poco,ROI_2000_20CM_R02,2000,20,2,0.7,False,False,0.9937106918238994,0.6348593836015911,0.3651406163984089,,72.0,22.822301864624023,408.0,273.1777038574219
poco,ROI_2000_20CM_R02,2000,20,2,0.8,False,True,1.0,0.5642389359709692,0.4357610640290308,False,61.233333587646484,14.800000190734863,418.76666259765625,281.20001220703125
poco,ROI_2000_20CM_R02,2000,20,2,0.9,False,True,1.0,0.5642389359709692,0.4357610640290308,False,61.233333587646484,14.800000190734863,418.76666259765625,281.20001220703125
poco,ROI_2000_20CM_R03,2000,20,3,0.7,False,True,1.0,0.591456799347052,0.408543200652948,False,72.0,22.822301864624023,408.0,273.1777038574219
poco,ROI_2000_20CM_R03,2000,20,3,0.8,False,True,1.0,0.5223583004235725,0.47764169957642755,False,61.233333587646484,14.800000190734863,418.76666259765625,281.20001220703125
poco,ROI_2000_20CM_R03,2000,20,3,0.9,False,True,1.0,0.5223583004235725,0.47764169957642755,False,61.233333587646484,14.800000190734863,418.76666259765625,281.20001220703125
poco,ROI_2000_20CM_R04,2000,20,4,0.7,False,False,0.9928843799077638,0.6195480959347113,0.3804519040652887,,72.0,22.822301864624023,408.0,273.1777038574219
poco,ROI_2000_20CM_R04,2000,20,4,0.8,False,True,1.000000011780285,0.5510891044237264,0.4489108955762736,False,61.233333587646484,14.800000190734863,418.76666259765625,281.20001220703125
poco,ROI_2000_20CM_R04,2000,20,4,0.9,False,True,1.000000011780285,0.5510891044237264,0.4489108955762736,False,61.233333587646484,14.800000190734863,418.76666259765625,281.20001220703125
poco,ROI_2000_20CM_R05,2000,20,5,0.7,False,True,1.0,0.5954154574014923,0.40458454259850773,False,72.0,22.822301864624023,408.0,273.1777038574219
poco,ROI_2000_20CM_R05,2000,20,5,0.8,False,True,1.0,0.5258544778207354,0.47414552217926464,False,61.233333587646484,14.800000190734863,418.76666259765625,281.20001220703125
poco,ROI_2000_20CM_R05,2000,20,5,0.9,False,True,1.0,0.5258544778207354,0.47414552217926464,False,61.233333587646484,14.800000190734863,418.76666259765625,281.20001220703125
poco,ROI_20000_20CM_R01,20000,20,1,0.7,False,False,0.9411764705882353,0.6430857841231307,0.35691421587686933,,72.0,22.822301864624023,408.0,273.1777038574219
poco,ROI_20000_20CM_R01,20000,20,1,0.8,False,False,0.9797384986603337,0.5912259575158166,0.40877404248418336,,61.233333587646484,14.800000190734863,418.76666259765625,281.20001220703125
poco,ROI_20000_20CM_R01,20000,20,1,0.9,False,False,0.9797384986603337,0.5912259575158166,0.40877404248418336,,61.233333587646484,14.800000190734863,418.76666259765625,281.20001220703125
poco,ROI_20000_20CM_R02,20000,20,2,0.7,False,False,0.9496135112631462,0.6405362092143823,0.35946379078561774,,72.0,22.822301864624023,408.0,273.1777038574219
poco,ROI_20000_20CM_R02,20000,20,2,0.8,False,False,0.9947977803255689,0.5926210573013752,0.40737894269862485,,61.233333587646484,14.800000190734863,418.76666259765625,281.20001220703125
poco,ROI_20000_20CM_R02,20000,20,2,0.9,False,False,0.9947977803255689,0.5926210573013752,0.40737894269862485,,61.233333587646484,14.800000190734863,418.76666259765625,281.20001220703125
poco,ROI_20000_20CM_R03,20000,20,3,0.7,False,False,0.9524594789940164,0.6343817794573305,0.36561822054266946,,72.0,22.822301864624023,408.0,273.1777038574219
poco,ROI_20000_20CM_R03,20000,20,3,0.8,False,False,0.9962275482077296,0.5860142958334396,0.41398570416656044,,61.233333587646484,14.800000190734863,418.76666259765625,281.20001220703125
poco,ROI_20000_20CM_R03,20000,20,3,0.9,False,False,0.9962275482077296,0.5860142958334396,0.41398570416656044,,61.233333587646484,14.800000190734863,418.76666259765625,281.20001220703125
poco,ROI_20000_20CM_R04,20000,20,4,0.7,False,False,0.945547566610374,0.6238281441964854,0.37617185580351464,,72.0,22.822301864624023,408.0,273.1777038574219
poco,ROI_20000_20CM_R04,20000,20,4,0.8,False,False,0.976400768876568,0.5689251949619628,0.4310748050380372,,61.233333587646484,14.800000190734863,418.76666259765625,281.20001220703125
poco,ROI_20000_20CM_R04,20000,20,4,0.9,False,False,0.976400768876568,0.5689251949619628,0.4310748050380372,,61.233333587646484,14.800000190734863,418.76666259765625,281.20001220703125
poco,ROI_20000_20CM_R05,20000,20,5,0.7,False,False,0.9660101913914128,0.6244871775475155,0.3755128224524845,,72.0,22.822301864624023,408.0,273.1777038574219
poco,ROI_20000_20CM_R05,20000,20,5,0.8,False,False,0.9987442645591897,0.5702188724654363,0.42978112753456366,,61.233333587646484,14.800000190734863,418.76666259765625,281.20001220703125
poco,ROI_20000_20CM_R05,20000,20,5,0.9,False,False,0.9987442645591897,0.5702188724654363,0.42978112753456366,,61.233333587646484,14.800000190734863,418.76666259765625,281.20001220703125
poco,ROI_5000_20CM_R01,5000,20,1,0.7,False,False,0.9924012617522927,0.601437727567434,0.39856227243256603,,72.0,22.822301864624023,408.0,273.1777038574219
poco,ROI_5000_20CM_R01,5000,20,1,0.8,False,True,0.9999999870417758,0.5352403246509546,0.4647596753490454,False,61.233333587646484,14.800000190734863,418.76666259765625,281.20001220703125
poco,ROI_5000_20CM_R01,5000,20,1,0.9,False,True,0.9999999870417758,0.5352403246509546,0.4647596753490454,False,61.233333587646484,14.800000190734863,418.76666259765625,281.20001220703125
poco,ROI_5000_20CM_R02,5000,20,2,0.7,False,True,0.9999999892366019,0.6009715933525495,0.39902840664745054,False,72.0,22.822301864624023,408.0,273.1777038574219
poco,ROI_5000_20CM_R02,5000,20,2,0.8,False,True,0.9999999892366019,0.530761503550291,0.46923849644970905,False,61.233333587646484,14.800000190734863,418.76666259765625,281.20001220703125
poco,ROI_5000_20CM_R02,5000,20,2,0.9,False,True,0.9999999892366019,0.530761503550291,0.46923849644970905,False,61.233333587646484,14.800000190734863,418.76666259765625,281.20001220703125
poco,ROI_5000_20CM_R03,5000,20,3,0.7,False,False,0.9430963966319349,0.5862628252551184,0.4137371747448816,,72.0,22.822301864624023,408.0,273.1777038574219
poco,ROI_5000_20CM_R03,5000,20,3,0.8,False,False,0.9758878285475107,0.5357740117341622,0.46422598826583783,,61.233333587646484,14.800000190734863,418.76666259765625,281.20001220703125
poco,ROI_5000_20CM_R03,5000,20,3,0.9,False,False,0.9758878285475107,0.5357740117341622,0.46422598826583783,,61.233333587646484,14.800000190734863,418.76666259765625,281.20001220703125
poco,ROI_5000_20CM_R04,5000,20,4,0.7,False,True,1.0000000105620956,0.6000012930516916,0.3999987069483084,False,72.0,22.822301864624023,408.0,273.1777038574219
poco,ROI_5000_20CM_R04,5000,20,4,0.8,False,True,1.0000000105620956,0.5299045611385779,0.47009543886142213,False,61.233333587646484,14.800000190734863,418.76666259765625,281.20001220703125
poco,ROI_5000_20CM_R04,5000,20,4,0.9,False,True,1.0000000105620956,0.5299045611385779,0.47009543886142213,False,61.233333587646484,14.800000190734863,418.76666259765625,281.20001220703125
poco,ROI_5000_20CM_R05,5000,20,5,0.7,False,False,0.9990458958399647,0.6097597417917477,0.39024025820825226,,72.0,22.822301864624023,408.0,273.1777038574219
poco,ROI_5000_20CM_R05,5000,20,5,0.8,False,True,0.9999999829304623,0.5390372418760713,0.46096275812392873,False,61.233333587646484,14.800000190734863,418.76666259765625,281.20001220703125
poco,ROI_5000_20CM_R05,5000,20,5,0.9,False,True,0.9999999829304623,0.5390372418760713,0.46096275812392873,False,61.233333587646484,14.800000190734863,418.76666259765625,281.20001220703125
poco,ROI_50000_20CM_R01,50000,20,1,0.7,False,False,0.9101775273016489,0.6719677628463587,0.32803223715364127,,72.0,22.822301864624023,408.0,273.1777038574219
poco,ROI_50000_20CM_R01,50000,20,1,0.8,False,False,0.9666037352032443,0.6302549577547072,0.3697450422452928,,61.233333587646484,14.800000190734863,418.76666259765625,281.20001220703125
poco,ROI_50000_20CM_R01,50000,20,1,0.9,False,False,0.9666037352032443,0.6302549577547072,0.3697450422452928,,61.233333587646484,14.800000190734863,418.76666259765625,281.20001220703125
poco,ROI_50000_20CM_R02,50000,20,2,0.7,False,False,0.9202855234949056,0.6238445828806922,0.3761554171193078,,72.0,22.822301864624023,408.0,273.1777038574219
poco,ROI_50000_20CM_R02,50000,20,2,0.8,False,False,0.961780841173737,0.5758049722535296,0.42419502774647044,,61.233333587646484,14.800000190734863,418.76666259765625,281.20001220703125
poco,ROI_50000_20CM_R02,50000,20,2,0.9,False,False,0.961780841173737,0.5758049722535296,0.42419502774647044,,61.233333587646484,14.800000190734863,418.76666259765625,281.20001220703125
poco,ROI_50000_20CM_R03,50000,20,3,0.7,False,False,0.9194590651607755,0.6232570160126972,0.37674298398730277,,72.0,22.822301864624023,408.0,273.1777038574219
poco,ROI_50000_20CM_R03,50000,20,3,0.8,False,False,0.9748967065572908,0.5836316719353354,0.4163683280646646,,61.233333587646484,14.800000190734863,418.76666259765625,281.20001220703125
poco,ROI_50000_20CM_R03,50000,20,3,0.9,False,False,0.9748967065572908,0.5836316719353354,0.4163683280646646,,61.233333587646484,14.800000190734863,418.76666259765625,281.20001220703125
poco,ROI_50000_20CM_R04,50000,20,4,0.7,False,False,0.9227076299177921,0.6351282536059925,0.36487174639400755,,72.0,22.822301864624023,408.0,273.1777038574219
poco,ROI_50000_20CM_R04,50000,20,4,0.8,False,False,0.9743339230510172,0.5923121151052787,0.4076878848947213,,61.233333587646484,14.800000190734863,418.76666259765625,281.20001220703125
poco,ROI_50000_20CM_R04,50000,20,4,0.9,False,False,0.9743339230510172,0.5923121151052787,0.4076878848947213,,61.233333587646484,14.800000190734863,418.76666259765625,281.20001220703125
poco,ROI_50000_20CM_R05,50000,20,5,0.7,False,False,0.9223673625041792,0.6231286178154314,0.3768713821845686,,72.0,22.822301864624023,408.0,273.1777038574219
poco,ROI_50000_20CM_R05,50000,20,5,0.8,False,False,0.9699728984101427,0.5787337918462591,0.42126620815374094,,61.233333587646484,14.800000190734863,418.76666259765625,281.20001220703125
poco,ROI_50000_20CM_R05,50000,20,5,0.9,False,False,0.9699728984101427,0.5787337918462591,0.42126620815374094,,61.233333587646484,14.800000190734863,418.76666259765625,281.20001220703125
poco,ROI_1000_30CM_R01,1000,30,1,0.7,False,True,0.9999999687369834,0.2908667516932502,0.7091332483067498,True,72.0,22.822301864624023,408.0,273.1777038574219
poco,ROI_1000_30CM_R01,1000,30,1,0.8,False,True,0.9999999687369834,0.25688547706602466,0.7431145229339753,True,61.233333587646484,14.800000190734863,418.76666259765625,281.20001220703125
poco,ROI_1000_30CM_R01,1000,30,1,0.9,False,True,0.9999999687369834,0.25688547706602466,0.7431145229339753,True,61.233333587646484,14.800000190734863,418.76666259765625,281.20001220703125
poco,ROI_1000_30CM_R02,1000,30,2,0.7,False,True,0.9999999896039183,0.28633399348951555,0.7136660065104845,True,72.0,22.822301864624023,408.0,273.1777038574219
poco,ROI_1000_30CM_R02,1000,30,2,0.8,False,True,0.9999999896039183,0.25288227028211796,0.747117729717882,True,61.233333587646484,14.800000190734863,418.76666259765625,281.20001220703125
poco,ROI_1000_30CM_R02,1000,30,2,0.9,False,True,0.9999999896039183,0.25288227028211796,0.747117729717882,True,61.233333587646484,14.800000190734863,418.76666259765625,281.20001220703125
poco,ROI_1000_30CM_R03,1000,30,3,0.7,False,True,1.0,0.2852968007462846,0.7147031992537154,True,72.0,22.822301864624023,408.0,273.1777038574219
poco,ROI_1000_30CM_R03,1000,30,3,0.8,False,True,1.0,0.2519662503138567,0.7480337496861433,True,61.233333587646484,14.800000190734863,418.76666259765625,281.20001220703125
poco,ROI_1000_30CM_R03,1000,30,3,0.9,False,True,1.0,0.2519662503138567,0.7480337496861433,True,61.233333587646484,14.800000190734863,418.76666259765625,281.20001220703125
poco,ROI_1000_30CM_R04,1000,30,4,0.7,False,True,1.0,0.273052302860178,0.726947697139822,True,72.0,22.822301864624023,408.0,273.1777038574219
poco,ROI_1000_30CM_R04,1000,30,4,0.8,False,True,1.0,0.24115224815446376,0.7588477518455362,True,61.233333587646484,14.800000190734863,418.76666259765625,281.20001220703125
poco,ROI_1000_30CM_R04,1000,30,4,0.9,False,True,1.0,0.24115224815446376,0.7588477518455362,True,61.233333587646484,14.800000190734863,418.76666259765625,281.20001220703125
poco,ROI_1000_30CM_R05,1000,30,5,0.7,False,True,1.0,0.2755963053336021,0.7244036946663979,True,72.0,22.822301864624023,408.0,273.1777038574219
poco,ROI_1000_30CM_R05,1000,30,5,0.8,False,True,1.0,0.24339904083612404,0.7566009591638759,True,61.233333587646484,14.800000190734863,418.76666259765625,281.20001220703125
poco,ROI_1000_30CM_R05,1000,30,5,0.9,False,True,1.0,0.24339904083612404,0.7566009591638759,True,61.233333587646484,14.800000190734863,418.76666259765625,281.20001220703125
poco,ROI_10000_30CM_R01,10000,30,1,0.7,False,True,1.0,0.26083752462913473,0.7391624753708652,True,72.0,22.822301864624023,408.0,273.1777038574219
poco,ROI_10000_30CM_R01,10000,30,1,0.8,False,True,1.0,0.23036449357312755,0.7696355064268725,True,61.233333587646484,14.800000190734863,418.76666259765625,281.20001220703125
poco,ROI_10000_30CM_R01,10000,30,1,0.9,False,True,1.0,0.23036449357312755,0.7696355064268725,True,61.233333587646484,14.800000190734863,418.76666259765625,281.20001220703125
poco,ROI_10000_30CM_R02,10000,30,2,0.7,False,True,1.0,0.2731414618253681,0.726858538174632,True,72.0,22.822301864624023,408.0,273.1777038574219
poco,ROI_10000_30CM_R02,10000,30,2,0.8,False,True,1.0,0.2412309908886341,0.7587690091113659,True,61.233333587646484,14.800000190734863,418.76666259765625,281.20001220703125
poco,ROI_10000_30CM_R02,10000,30,2,0.9,False,True,1.0,0.2412309908886341,0.7587690091113659,True,61.233333587646484,14.800000190734863,418.76666259765625,281.20001220703125
poco,ROI_10000_30CM_R03,10000,30,3,0.7,False,True,1.0000000194339638,0.2870106961042201,0.71298930389578,True,72.0,22.822301864624023,408.0,273.1777038574219
poco,ROI_10000_30CM_R03,10000,30,3,0.8,False,True,1.0000000194339638,0.2534799153309186,0.7465200846690814,True,61.233333587646484,14.800000190734863,418.76666259765625,281.20001220703125
poco,ROI_10000_30CM_R03,10000,30,3,0.9,False,True,1.0000000194339638,0.2534799153309186,0.7465200846690814,True,61.233333587646484,14.800000190734863,418.76666259765625,281.20001220703125
poco,ROI_10000_30CM_R04,10000,30,4,0.7,False,True,0.9999999958714224,0.2857534850395982,0.7142465149604018,True,72.0,22.822301864624023,408.0,273.1777038574219
poco,ROI_10000_30CM_R04,10000,30,4,0.8,False,True,0.9999999958714224,0.2523695812613558,0.7476304187386442,True,61.233333587646484,14.800000190734863,418.76666259765625,281.20001220703125
poco,ROI_10000_30CM_R04,10000,30,4,0.9,False,True,0.9999999958714224,0.2523695812613558,0.7476304187386442,True,61.233333587646484,14.800000190734863,418.76666259765625,281.20001220703125
poco,ROI_10000_30CM_R05,10000,30,5,0.7,False,True,1.0,0.27963817842221983,0.7203618215777802,True,72.0,22.822301864624023,408.0,273.1777038574219
poco,ROI_10000_30CM_R05,10000,30,5,0.8,False,True,1.0,0.246968711451846,0.753031288548154,True,61.233333587646484,14.800000190734863,418.76666259765625,281.20001220703125
poco,ROI_10000_30CM_R05,10000,30,5,0.9,False,True,1.0,0.246968711451846,0.753031288548154,True,61.233333587646484,14.800000190734863,418.76666259765625,281.20001220703125
poco,ROI_100000_30CM_R01,100000,30,1,0.7,False,True,1.0000000253402288,0.32881459510115535,0.6711854048988446,True,72.0,22.822301864624023,408.0,273.1777038574219
poco,ROI_100000_30CM_R01,100000,30,1,0.8,False,True,1.0000000253402288,0.2903999636847877,0.7096000363152123,True,61.233333587646484,14.800000190734863,418.76666259765625,281.20001220703125
poco,ROI_100000_30CM_R01,100000,30,1,0.9,False,True,1.0000000253402288,0.2903999636847877,0.7096000363152123,True,61.233333587646484,14.800000190734863,418.76666259765625,281.20001220703125
poco,ROI_100000_30CM_R02,100000,30,2,0.7,False,True,1.0,0.32739766410904836,0.6726023358909516,True,72.0,22.822301864624023,408.0,273.1777038574219
poco,ROI_100000_30CM_R02,100000,30,2,0.8,False,True,1.0,0.28914856938909006,0.7108514306109099,True,61.233333587646484,14.800000190734863,418.76666259765625,281.20001220703125
poco,ROI_100000_30CM_R02,100000,30,2,0.9,False,True,1.0,0.28914856938909006,0.7108514306109099,True,61.233333587646484,14.800000190734863,418.76666259765625,281.20001220703125
poco,ROI_100000_30CM_R03,100000,30,3,0.7,False,True,0.999999990354601,0.3225815011321079,0.6774184988678922,True,72.0,22.822301864624023,408.0,273.1777038574219
poco,ROI_100000_30CM_R03,100000,30,3,0.8,False,True,0.999999990354601,0.28489506734130754,0.7151049326586925,True,61.233333587646484,14.800000190734863,418.76666259765625,281.20001220703125
poco,ROI_100000_30CM_R03,100000,30,3,0.9,False,True,0.999999990354601,0.28489506734130754,0.7151049326586925,True,61.233333587646484,14.800000190734863,418.76666259765625,281.20001220703125
poco,ROI_100000_30CM_R04,100000,30,4,0.7,False,True,1.0,0.3014702370317682,0.6985297629682319,True,72.0,22.822301864624023,408.0,273.1777038574219
poco,ROI_100000_30CM_R04,100000,30,4,0.8,False,True,1.0,0.2662501822923559,0.733749817707644,True,61.233333587646484,14.800000190734863,418.76666259765625,281.20001220703125
poco,ROI_100000_30CM_R04,100000,30,4,0.9,False,True,1.0,0.2662501822923559,0.733749817707644,True,61.233333587646484,14.800000190734863,418.76666259765625,281.20001220703125
poco,ROI_100000_30CM_R05,100000,30,5,0.7,False,True,1.0,0.30988684334571337,0.6901131566542866,True,72.0,22.822301864624023,408.0,273.1777038574219
poco,ROI_100000_30CM_R05,100000,30,5,0.8,False,True,1.0,0.2736834963980358,0.7263165036019642,True,61.233333587646484,14.800000190734863,418.76666259765625,281.20001220703125
poco,ROI_100000_30CM_R05,100000,30,5,0.9,False,True,1.0,0.2736834963980358,0.7263165036019642,True,61.233333587646484,14.800000190734863,418.76666259765625,281.20001220703125
poco,ROI_2000_30CM_R01,2000,30,1,0.7,False,True,0.9999999670699319,0.2533897326332943,0.7466102673667057,True,72.0,22.822301864624023,408.0,273.1777038574219
poco,ROI_2000_30CM_R01,2000,30,1,0.8,False,True,0.9999999670699319,0.22378680950025798,0.776213190499742,True,61.233333587646484,14.800000190734863,418.76666259765625,281.20001220703125
poco,ROI_2000_30CM_R01,2000,30,1,0.9,False,True,0.9999999670699319,0.22378680950025798,0.776213190499742,True,61.233333587646484,14.800000190734863,418.76666259765625,281.20001220703125
poco,ROI_2000_30CM_R02,2000,30,2,0.7,False,True,1.0,0.24192393614680885,0.7580760638531912,True,72.0,22.822301864624023,408.0,273.1777038574219
poco,ROI_2000_30CM_R02,2000,30,2,0.8,False,True,1.0,0.21366053489779332,0.7863394651022066,True,61.233333587646484,14.800000190734863,418.76666259765625,281.20001220703125
poco,ROI_2000_30CM_R02,2000,30,2,0.9,False,True,1.0,0.21366053489779332,0.7863394651022066,True,61.233333587646484,14.800000190734863,418.76666259765625,281.20001220703125
poco,ROI_2000_30CM_R03,2000,30,3,0.7,False,True,1.0,0.2497877568765754,0.7502122431234246,True,72.0,22.822301864624023,408.0,273.1777038574219
poco,ROI_2000_30CM_R03,2000,30,3,0.8,False,True,1.0,0.22060564405161706,0.7793943559483829,True,61.233333587646484,14.800000190734863,418.76666259765625,281.20001220703125
poco,ROI_2000_30CM_R03,2000,30,3,0.9,False,True,1.0,0.22060564405161706,0.7793943559483829,True,61.233333587646484,14.800000190734863,418.76666259765625,281.20001220703125
poco,ROI_2000_30CM_R04,2000,30,4,0.7,False,True,1.0,0.26337558317154613,0.7366244168284539,True,72.0,22.822301864624023,408.0,273.1777038574219
poco,ROI_2000_30CM_R04,2000,30,4,0.8,False,True,1.0,0.23260603673917649,0.7673939632608235,True,61.233333587646484,14.800000190734863,418.76666259765625,281.20001220703125
poco,ROI_2000_30CM_R04,2000,30,4,0.9,False,True,1.0,0.23260603673917649,0.7673939632608235,True,61.233333587646484,14.800000190734863,418.76666259765625,281.20001220703125
poco,ROI_2000_30CM_R05,2000,30,5,0.7,False,True,1.0,0.2533897790702553,0.7466102209297447,True,72.0,22.822301864624023,408.0,273.1777038574219
poco,ROI_2000_30CM_R05,2000,30,5,0.8,False,True,1.0,0.2237868505120987,0.7762131494879013,True,61.233333587646484,14.800000190734863,418.76666259765625,281.20001220703125
poco,ROI_2000_30CM_R05,2000,30,5,0.9,False,True,1.0,0.2237868505120987,0.7762131494879013,True,61.233333587646484,14.800000190734863,418.76666259765625,281.20001220703125
poco,ROI_20000_30CM_R01,20000,30,1,0.7,False,True,1.000000007032006,0.30452715895832105,0.695472841041679,True,72.0,22.822301864624023,408.0,273.1777038574219
poco,ROI_20000_30CM_R01,20000,30,1,0.8,False,True,1.000000007032006,0.2689499712606196,0.7310500287393804,True,61.233333587646484,14.800000190734863,418.76666259765625,281.20001220703125
poco,ROI_20000_30CM_R01,20000,30,1,0.9,False,True,1.000000007032006,0.2689499712606196,0.7310500287393804,True,61.233333587646484,14.800000190734863,418.76666259765625,281.20001220703125
poco,ROI_20000_30CM_R02,20000,30,2,0.7,False,True,1.0,0.30256986426911275,0.6974301357308872,True,72.0,22.822301864624023,408.0,273.1777038574219
poco,ROI_20000_30CM_R02,20000,30,2,0.8,False,True,1.0,0.2672213426804568,0.7327786573195432,True,61.233333587646484,14.800000190734863,418.76666259765625,281.20001220703125
poco,ROI_20000_30CM_R02,20000,30,2,0.9,False,True,1.0,0.2672213426804568,0.7327786573195432,True,61.233333587646484,14.800000190734863,418.76666259765625,281.20001220703125
poco,ROI_20000_30CM_R03,20000,30,3,0.7,False,True,1.0,0.2958294465007414,0.7041705534992586,True,72.0,22.822301864624023,408.0,273.1777038574219
poco,ROI_20000_30CM_R03,20000,30,3,0.8,False,True,1.0,0.26126839197717927,0.7387316080228208,True,61.233333587646484,14.800000190734863,418.76666259765625,281.20001220703125
poco,ROI_20000_30CM_R03,20000,30,3,0.9,False,True,1.0,0.26126839197717927,0.7387316080228208,True,61.233333587646484,14.800000190734863,418.76666259765625,281.20001220703125
poco,ROI_20000_30CM_R04,20000,30,4,0.7,False,True,0.9999999657814642,0.29591379924046424,0.7040862007595358,True,72.0,22.822301864624023,408.0,273.1777038574219
poco,ROI_20000_30CM_R04,20000,30,4,0.8,False,True,0.9999999657814642,0.2613428899858357,0.7386571100141643,True,61.233333587646484,14.800000190734863,418.76666259765625,281.20001220703125
poco,ROI_20000_30CM_R04,20000,30,4,0.9,False,True,0.9999999657814642,0.2613428899858357,0.7386571100141643,True,61.233333587646484,14.800000190734863,418.76666259765625,281.20001220703125
poco,ROI_20000_30CM_R05,20000,30,5,0.7,False,True,1.0,0.27874064483930616,0.7212593551606938,True,72.0,22.822301864624023,408.0,273.1777038574219
poco,ROI_20000_30CM_R05,20000,30,5,0.8,False,True,1.0,0.24617603459453127,0.7538239654054687,True,61.233333587646484,14.800000190734863,418.76666259765625,281.20001220703125
poco,ROI_20000_30CM_R05,20000,30,5,0.9,False,True,1.0,0.24617603459453127,0.7538239654054687,True,61.233333587646484,14.800000190734863,418.76666259765625,281.20001220703125
poco,ROI_5000_30CM_R01,5000,30,1,0.7,False,True,1.0,0.2532887322430398,0.7467112677569602,True,72.0,22.822301864624023,408.0,273.1777038574219
poco,ROI_5000_30CM_R01,5000,30,1,0.8,False,True,1.0,0.22369760874670563,0.7763023912532944,True,61.233333587646484,14.800000190734863,418.76666259765625,281.20001220703125
poco,ROI_5000_30CM_R01,5000,30,1,0.9,False,True,1.0,0.22369760874670563,0.7763023912532944,True,61.233333587646484,14.800000190734863,418.76666259765625,281.20001220703125
poco,ROI_5000_30CM_R02,5000,30,2,0.7,False,True,1.0,0.25382368603418043,0.7461763139658195,True,72.0,22.822301864624023,408.0,273.1777038574219
poco,ROI_5000_30CM_R02,5000,30,2,0.8,False,True,1.0,0.22417006515172766,0.7758299348482723,True,61.233333587646484,14.800000190734863,418.76666259765625,281.20001220703125
poco,ROI_5000_30CM_R02,5000,30,2,0.9,False,True,1.0,0.22417006515172766,0.7758299348482723,True,61.233333587646484,14.800000190734863,418.76666259765625,281.20001220703125
poco,ROI_5000_30CM_R03,5000,30,3,0.7,False,True,1.0,0.25466772423798,0.74533227576202,True,72.0,22.822301864624023,408.0,273.1777038574219
poco,ROI_5000_30CM_R03,5000,30,3,0.8,False,True,1.0,0.2249154963685402,0.7750845036314598,True,61.233333587646484,14.800000190734863,418.76666259765625,281.20001220703125
poco,ROI_5000_30CM_R03,5000,30,3,0.9,False,True,1.0,0.2249154963685402,0.7750845036314598,True,61.233333587646484,14.800000190734863,418.76666259765625,281.20001220703125
poco,ROI_5000_30CM_R04,5000,30,4,0.7,False,True,1.0,0.2530331432094949,0.7469668567905051,True,72.0,22.822301864624023,408.0,273.1777038574219
poco,ROI_5000_30CM_R04,5000,30,4,0.8,False,True,1.0,0.22347187957541734,0.7765281204245826,True,61.233333587646484,14.800000190734863,418.76666259765625,281.20001220703125
poco,ROI_5000_30CM_R04,5000,30,4,0.9,False,True,1.0,0.22347187957541734,0.7765281204245826,True,61.233333587646484,14.800000190734863,418.76666259765625,281.20001220703125
poco,ROI_5000_30CM_R05,5000,30,5,0.7,False,True,1.0,0.255921893681654,0.7440781063183459,True,72.0,22.822301864624023,408.0,273.1777038574219
poco,ROI_5000_30CM_R05,5000,30,5,0.8,False,True,1.0,0.22602314416253627,0.7739768558374638,True,61.233333587646484,14.800000190734863,418.76666259765625,281.20001220703125
poco,ROI_5000_30CM_R05,5000,30,5,0.9,False,True,1.0,0.22602314416253627,0.7739768558374638,True,61.233333587646484,14.800000190734863,418.76666259765625,281.20001220703125
poco,ROI_50000_30CM_R01,50000,30,1,0.7,False,True,1.0,0.30581525060203224,0.6941847493979678,True,72.0,22.822301864624023,408.0,273.1777038574219
poco,ROI_50000_30CM_R01,50000,30,1,0.8,False,True,1.0,0.27008757820425705,0.7299124217957429,True,61.233333587646484,14.800000190734863,418.76666259765625,281.20001220703125
poco,ROI_50000_30CM_R01,50000,30,1,0.9,False,True,1.0,0.27008757820425705,0.7299124217957429,True,61.233333587646484,14.800000190734863,418.76666259765625,281.20001220703125
poco,ROI_50000_30CM_R02,50000,30,2,0.7,False,True,0.999999993442449,0.31713672101361623,0.6828632789863838,True,72.0,22.822301864624023,408.0,273.1777038574219
poco,ROI_50000_30CM_R02,50000,30,2,0.8,False,True,0.999999993442449,0.2800863880057835,0.7199136119942164,True,61.233333587646484,14.800000190734863,418.76666259765625,281.20001220703125
poco,ROI_50000_30CM_R02,50000,30,2,0.9,False,True,0.999999993442449,0.2800863880057835,0.7199136119942164,True,61.233333587646484,14.800000190734863,418.76666259765625,281.20001220703125
poco,ROI_50000_30CM_R03,50000,30,3,0.7,False,True,0.9999999857820642,0.32382183236139306,0.6761781676386069,True,72.0,22.822301864624023,408.0,273.1777038574219
poco,ROI_50000_30CM_R03,50000,30,3,0.8,False,True,0.9999999857820642,0.2859904936067709,0.714009506393229,True,61.233333587646484,14.800000190734863,418.76666259765625,281.20001220703125
poco,ROI_50000_30CM_R03,50000,30,3,0.9,False,True,0.9999999857820642,0.2859904936067709,0.714009506393229,True,61.233333587646484,14.800000190734863,418.76666259765625,281.20001220703125
poco,ROI_50000_30CM_R04,50000,30,4,0.7,False,True,0.9999999755533389,0.3116402565574909,0.688359743442509,True,72.0,22.822301864624023,408.0,273.1777038574219
poco,ROI_50000_30CM_R04,50000,30,4,0.8,False,True,0.9999999755533389,0.275232062491545,0.724767937508455,True,61.233333587646484,14.800000190734863,418.76666259765625,281.20001220703125
poco,ROI_50000_30CM_R04,50000,30,4,0.9,False,True,0.9999999755533389,0.275232062491545,0.724767937508455,True,61.233333587646484,14.800000190734863,418.76666259765625,281.20001220703125
poco,ROI_50000_30CM_R05,50000,30,5,0.7,False,True,0.9999999986276455,0.32555485974727555,0.6744451402527245,True,72.0,22.822301864624023,408.0,273.1777038574219
poco,ROI_50000_30CM_R05,50000,30,5,0.8,False,True,0.9999999986276455,0.28752105550220686,0.7124789444977931,True,61.233333587646484,14.800000190734863,418.76666259765625,281.20001220703125
poco,ROI_50000_30CM_R05,50000,30,5,0.9,False,True,0.9999999986276455,0.28752105550220686,0.7124789444977931,True,61.233333587646484,14.800000190734863,418.76666259765625,281.20001220703125
redmi,ROI_1000_10CM_R01,1000,10,1,0.7,True,False,,,,,72.0,100.82230377197266,408.0,351.1777038574219
redmi,ROI_1000_10CM_R01,1000,10,1,0.8,True,False,,,,,48.0,82.93977355957031,432.0,369.06024169921875
redmi,ROI_1000_10CM_R01,1000,10,1,0.9,True,False,,,,,24.0,65.05724334716797,456.0,386.9427490234375
redmi,ROI_1000_10CM_R02,1000,10,2,0.7,True,False,,,,,72.0,100.82230377197266,408.0,351.1777038574219
redmi,ROI_1000_10CM_R02,1000,10,2,0.8,True,False,,,,,48.0,82.93977355957031,432.0,369.06024169921875
redmi,ROI_1000_10CM_R02,1000,10,2,0.9,True,False,,,,,24.0,65.05724334716797,456.0,386.9427490234375
redmi,ROI_1000_10CM_R03,1000,10,3,0.7,True,False,,,,,72.0,100.82230377197266,408.0,351.1777038574219
redmi,ROI_1000_10CM_R03,1000,10,3,0.8,True,False,,,,,48.0,82.93977355957031,432.0,369.06024169921875
redmi,ROI_1000_10CM_R03,1000,10,3,0.9,True,False,,,,,24.0,65.05724334716797,456.0,386.9427490234375
redmi,ROI_1000_10CM_R04,1000,10,4,0.7,True,False,,,,,72.0,100.82230377197266,408.0,351.1777038574219
redmi,ROI_1000_10CM_R04,1000,10,4,0.8,True,False,,,,,48.0,82.93977355957031,432.0,369.06024169921875
redmi,ROI_1000_10CM_R04,1000,10,4,0.9,True,False,,,,,24.0,65.05724334716797,456.0,386.9427490234375
redmi,ROI_1000_10CM_R05,1000,10,5,0.7,True,False,,,,,72.0,100.82230377197266,408.0,351.1777038574219
redmi,ROI_1000_10CM_R05,1000,10,5,0.8,True,False,,,,,48.0,82.93977355957031,432.0,369.06024169921875
redmi,ROI_1000_10CM_R05,1000,10,5,0.9,True,False,,,,,24.0,65.05724334716797,456.0,386.9427490234375
redmi,ROI_10000_10CM_R01,10000,10,1,0.7,True,False,,,,,72.0,100.82230377197266,408.0,351.1777038574219
redmi,ROI_10000_10CM_R01,10000,10,1,0.8,True,False,,,,,48.0,82.93977355957031,432.0,369.06024169921875
redmi,ROI_10000_10CM_R01,10000,10,1,0.9,True,False,,,,,24.0,65.05724334716797,456.0,386.9427490234375
redmi,ROI_10000_10CM_R02,10000,10,2,0.7,True,False,,,,,72.0,100.82230377197266,408.0,351.1777038574219
redmi,ROI_10000_10CM_R02,10000,10,2,0.8,True,False,,,,,48.0,82.93977355957031,432.0,369.06024169921875
redmi,ROI_10000_10CM_R02,10000,10,2,0.9,True,False,,,,,24.0,65.05724334716797,456.0,386.9427490234375
redmi,ROI_10000_10CM_R03,10000,10,3,0.7,True,False,,,,,72.0,100.82230377197266,408.0,351.1777038574219
redmi,ROI_10000_10CM_R03,10000,10,3,0.8,True,False,,,,,48.0,82.93977355957031,432.0,369.06024169921875
redmi,ROI_10000_10CM_R03,10000,10,3,0.9,True,False,,,,,24.0,65.05724334716797,456.0,386.9427490234375
redmi,ROI_10000_10CM_R04,10000,10,4,0.7,True,False,,,,,72.0,100.82230377197266,408.0,351.1777038574219
redmi,ROI_10000_10CM_R04,10000,10,4,0.8,True,False,,,,,48.0,82.93977355957031,432.0,369.06024169921875
redmi,ROI_10000_10CM_R04,10000,10,4,0.9,True,False,,,,,24.0,65.05724334716797,456.0,386.9427490234375
redmi,ROI_10000_10CM_R05,10000,10,5,0.7,True,False,,,,,72.0,100.82230377197266,408.0,351.1777038574219
redmi,ROI_10000_10CM_R05,10000,10,5,0.8,True,False,,,,,48.0,82.93977355957031,432.0,369.06024169921875
redmi,ROI_10000_10CM_R05,10000,10,5,0.9,True,False,,,,,24.0,65.05724334716797,456.0,386.9427490234375
redmi,ROI_100000_10CM_R01,100000,10,1,0.7,True,False,,,,,72.0,100.82230377197266,408.0,351.1777038574219
redmi,ROI_100000_10CM_R01,100000,10,1,0.8,True,False,,,,,48.0,82.93977355957031,432.0,369.06024169921875
redmi,ROI_100000_10CM_R01,100000,10,1,0.9,True,False,,,,,24.0,65.05724334716797,456.0,386.9427490234375
redmi,ROI_100000_10CM_R02,100000,10,2,0.7,True,False,,,,,72.0,100.82230377197266,408.0,351.1777038574219
redmi,ROI_100000_10CM_R02,100000,10,2,0.8,True,False,,,,,48.0,82.93977355957031,432.0,369.06024169921875
redmi,ROI_100000_10CM_R02,100000,10,2,0.9,True,False,,,,,24.0,65.05724334716797,456.0,386.9427490234375
redmi,ROI_100000_10CM_R03,100000,10,3,0.7,True,False,,,,,72.0,100.82230377197266,408.0,351.1777038574219
redmi,ROI_100000_10CM_R03,100000,10,3,0.8,True,False,,,,,48.0,82.93977355957031,432.0,369.06024169921875
redmi,ROI_100000_10CM_R03,100000,10,3,0.9,True,False,,,,,24.0,65.05724334716797,456.0,386.9427490234375
redmi,ROI_100000_10CM_R04,100000,10,4,0.7,True,False,,,,,72.0,100.82230377197266,408.0,351.1777038574219
redmi,ROI_100000_10CM_R04,100000,10,4,0.8,True,False,,,,,48.0,82.93977355957031,432.0,369.06024169921875
redmi,ROI_100000_10CM_R04,100000,10,4,0.9,True,False,,,,,24.0,65.05724334716797,456.0,386.9427490234375
redmi,ROI_100000_10CM_R05,100000,10,5,0.7,True,False,,,,,72.0,100.82230377197266,408.0,351.1777038574219
redmi,ROI_100000_10CM_R05,100000,10,5,0.8,True,False,,,,,48.0,82.93977355957031,432.0,369.06024169921875
redmi,ROI_100000_10CM_R05,100000,10,5,0.9,True,False,,,,,24.0,65.05724334716797,456.0,386.9427490234375
redmi,ROI_2000_10CM_R01,2000,10,1,0.7,True,False,,,,,72.0,100.82230377197266,408.0,351.1777038574219
redmi,ROI_2000_10CM_R01,2000,10,1,0.8,True,False,,,,,48.0,82.93977355957031,432.0,369.06024169921875
redmi,ROI_2000_10CM_R01,2000,10,1,0.9,True,False,,,,,24.0,65.05724334716797,456.0,386.9427490234375
redmi,ROI_2000_10CM_R02,2000,10,2,0.7,True,False,,,,,72.0,100.82230377197266,408.0,351.1777038574219
redmi,ROI_2000_10CM_R02,2000,10,2,0.8,True,False,,,,,48.0,82.93977355957031,432.0,369.06024169921875
redmi,ROI_2000_10CM_R02,2000,10,2,0.9,True,False,,,,,24.0,65.05724334716797,456.0,386.9427490234375
redmi,ROI_2000_10CM_R03,2000,10,3,0.7,True,False,,,,,72.0,100.82230377197266,408.0,351.1777038574219
redmi,ROI_2000_10CM_R03,2000,10,3,0.8,True,False,,,,,48.0,82.93977355957031,432.0,369.06024169921875
redmi,ROI_2000_10CM_R03,2000,10,3,0.9,True,False,,,,,24.0,65.05724334716797,456.0,386.9427490234375
redmi,ROI_2000_10CM_R04,2000,10,4,0.7,True,False,,,,,72.0,100.82230377197266,408.0,351.1777038574219
redmi,ROI_2000_10CM_R04,2000,10,4,0.8,True,False,,,,,48.0,82.93977355957031,432.0,369.06024169921875
redmi,ROI_2000_10CM_R04,2000,10,4,0.9,True,False,,,,,24.0,65.05724334716797,456.0,386.9427490234375
redmi,ROI_2000_10CM_R05,2000,10,5,0.7,True,False,,,,,72.0,100.82230377197266,408.0,351.1777038574219
redmi,ROI_2000_10CM_R05,2000,10,5,0.8,True,False,,,,,48.0,82.93977355957031,432.0,369.06024169921875
redmi,ROI_2000_10CM_R05,2000,10,5,0.9,True,False,,,,,24.0,65.05724334716797,456.0,386.9427490234375
redmi,ROI_20000_10CM_R01,20000,10,1,0.7,True,False,,,,,72.0,100.82230377197266,408.0,351.1777038574219
redmi,ROI_20000_10CM_R01,20000,10,1,0.8,True,False,,,,,48.0,82.93977355957031,432.0,369.06024169921875
redmi,ROI_20000_10CM_R01,20000,10,1,0.9,True,False,,,,,24.0,65.05724334716797,456.0,386.9427490234375
redmi,ROI_20000_10CM_R02,20000,10,2,0.7,True,False,,,,,72.0,100.82230377197266,408.0,351.1777038574219
redmi,ROI_20000_10CM_R02,20000,10,2,0.8,True,False,,,,,48.0,82.93977355957031,432.0,369.06024169921875
redmi,ROI_20000_10CM_R02,20000,10,2,0.9,True,False,,,,,24.0,65.05724334716797,456.0,386.9427490234375
redmi,ROI_20000_10CM_R03,20000,10,3,0.7,True,False,,,,,72.0,100.82230377197266,408.0,351.1777038574219
redmi,ROI_20000_10CM_R03,20000,10,3,0.8,True,False,,,,,48.0,82.93977355957031,432.0,369.06024169921875
redmi,ROI_20000_10CM_R03,20000,10,3,0.9,True,False,,,,,24.0,65.05724334716797,456.0,386.9427490234375
redmi,ROI_20000_10CM_R04,20000,10,4,0.7,True,False,,,,,72.0,100.82230377197266,408.0,351.1777038574219
redmi,ROI_20000_10CM_R04,20000,10,4,0.8,True,False,,,,,48.0,82.93977355957031,432.0,369.06024169921875
redmi,ROI_20000_10CM_R04,20000,10,4,0.9,True,False,,,,,24.0,65.05724334716797,456.0,386.9427490234375
redmi,ROI_20000_10CM_R05,20000,10,5,0.7,True,False,,,,,72.0,100.82230377197266,408.0,351.1777038574219
redmi,ROI_20000_10CM_R05,20000,10,5,0.8,True,False,,,,,48.0,82.93977355957031,432.0,369.06024169921875
redmi,ROI_20000_10CM_R05,20000,10,5,0.9,True,False,,,,,24.0,65.05724334716797,456.0,386.9427490234375
redmi,ROI_5000_10CM_R01,5000,10,1,0.7,True,False,,,,,72.0,100.82230377197266,408.0,351.1777038574219
redmi,ROI_5000_10CM_R01,5000,10,1,0.8,True,False,,,,,48.0,82.93977355957031,432.0,369.06024169921875
redmi,ROI_5000_10CM_R01,5000,10,1,0.9,True,False,,,,,24.0,65.05724334716797,456.0,386.9427490234375
redmi,ROI_5000_10CM_R02,5000,10,2,0.7,True,False,,,,,72.0,100.82230377197266,408.0,351.1777038574219
redmi,ROI_5000_10CM_R02,5000,10,2,0.8,True,False,,,,,48.0,82.93977355957031,432.0,369.06024169921875
redmi,ROI_5000_10CM_R02,5000,10,2,0.9,True,False,,,,,24.0,65.05724334716797,456.0,386.9427490234375
redmi,ROI_5000_10CM_R03,5000,10,3,0.7,True,False,,,,,72.0,100.82230377197266,408.0,351.1777038574219
redmi,ROI_5000_10CM_R03,5000,10,3,0.8,True,False,,,,,48.0,82.93977355957031,432.0,369.06024169921875
redmi,ROI_5000_10CM_R03,5000,10,3,0.9,True,False,,,,,24.0,65.05724334716797,456.0,386.9427490234375
redmi,ROI_5000_10CM_R04,5000,10,4,0.7,True,False,,,,,72.0,100.82230377197266,408.0,351.1777038574219
redmi,ROI_5000_10CM_R04,5000,10,4,0.8,True,False,,,,,48.0,82.93977355957031,432.0,369.06024169921875
redmi,ROI_5000_10CM_R04,5000,10,4,0.9,True,False,,,,,24.0,65.05724334716797,456.0,386.9427490234375
redmi,ROI_5000_10CM_R05,5000,10,5,0.7,True,False,,,,,72.0,100.82230377197266,408.0,351.1777038574219
redmi,ROI_5000_10CM_R05,5000,10,5,0.8,True,False,,,,,48.0,82.93977355957031,432.0,369.06024169921875
redmi,ROI_5000_10CM_R05,5000,10,5,0.9,True,False,,,,,24.0,65.05724334716797,456.0,386.9427490234375
redmi,ROI_50000_10CM_R01,50000,10,1,0.7,True,False,,,,,72.0,100.82230377197266,408.0,351.1777038574219
redmi,ROI_50000_10CM_R01,50000,10,1,0.8,True,False,,,,,48.0,82.93977355957031,432.0,369.06024169921875
redmi,ROI_50000_10CM_R01,50000,10,1,0.9,True,False,,,,,24.0,65.05724334716797,456.0,386.9427490234375
redmi,ROI_50000_10CM_R02,50000,10,2,0.7,True,False,,,,,72.0,100.82230377197266,408.0,351.1777038574219
redmi,ROI_50000_10CM_R02,50000,10,2,0.8,True,False,,,,,48.0,82.93977355957031,432.0,369.06024169921875
redmi,ROI_50000_10CM_R02,50000,10,2,0.9,True,False,,,,,24.0,65.05724334716797,456.0,386.9427490234375
redmi,ROI_50000_10CM_R03,50000,10,3,0.7,True,False,,,,,72.0,100.82230377197266,408.0,351.1777038574219
redmi,ROI_50000_10CM_R03,50000,10,3,0.8,True,False,,,,,48.0,82.93977355957031,432.0,369.06024169921875
redmi,ROI_50000_10CM_R03,50000,10,3,0.9,True,False,,,,,24.0,65.05724334716797,456.0,386.9427490234375
redmi,ROI_50000_10CM_R04,50000,10,4,0.7,True,False,,,,,72.0,100.82230377197266,408.0,351.1777038574219
redmi,ROI_50000_10CM_R04,50000,10,4,0.8,True,False,,,,,48.0,82.93977355957031,432.0,369.06024169921875
redmi,ROI_50000_10CM_R04,50000,10,4,0.9,True,False,,,,,24.0,65.05724334716797,456.0,386.9427490234375
redmi,ROI_50000_10CM_R05,50000,10,5,0.7,True,False,,,,,72.0,100.82230377197266,408.0,351.1777038574219
redmi,ROI_50000_10CM_R05,50000,10,5,0.8,True,False,,,,,48.0,82.93977355957031,432.0,369.06024169921875
redmi,ROI_50000_10CM_R05,50000,10,5,0.9,True,False,,,,,24.0,65.05724334716797,456.0,386.9427490234375
redmi,ROI_1000_20CM_R01,1000,20,1,0.7,False,False,0.9939577039274925,0.6062215286010695,0.3937784713989305,,72.0,100.82230377197266,408.0,351.1777038574219
redmi,ROI_1000_20CM_R01,1000,20,1,0.8,False,True,1.0,0.46695984982145045,0.5330401501785496,True,48.0,82.93977355957031,432.0,369.06024169921875
redmi,ROI_1000_20CM_R01,1000,20,1,0.9,False,True,1.0,0.368955954772056,0.631044045227944,True,24.0,65.05724334716797,456.0,386.9427490234375
redmi,ROI_1000_20CM_R02,1000,20,2,0.7,False,True,1.0,0.5909634575752929,0.4090365424247071,False,72.0,100.82230377197266,408.0,351.1777038574219
redmi,ROI_1000_20CM_R02,1000,20,2,0.8,False,True,1.0,0.4524563799707443,0.5475436200292557,True,48.0,82.93977355957031,432.0,369.06024169921875
redmi,ROI_1000_20CM_R02,1000,20,2,0.9,False,True,1.0,0.35749642229122036,0.6425035777087796,True,24.0,65.05724334716797,456.0,386.9427490234375
redmi,ROI_1000_20CM_R03,1000,20,3,0.7,False,False,0.9895717272295856,0.6150447370130704,0.3849552629869296,,72.0,100.82230377197266,408.0,351.1777038574219
redmi,ROI_1000_20CM_R03,1000,20,3,0.8,False,True,0.999999990878422,0.47585596029606864,0.5241440397039314,True,48.0,82.93977355957031,432.0,369.06024169921875
redmi,ROI_1000_20CM_R03,1000,20,3,0.9,False,True,0.999999990878422,0.37598498079040743,0.6240150192095926,True,24.0,65.05724334716797,456.0,386.9427490234375
redmi,ROI_1000_20CM_R04,1000,20,4,0.7,False,True,1.0,0.588449174737777,0.411550825262223,False,72.0,100.82230377197266,408.0,351.1777038574219
redmi,ROI_1000_20CM_R04,1000,20,4,0.8,False,True,1.0,0.4505313822465997,0.5494686177534003,True,48.0,82.93977355957031,432.0,369.06024169921875
redmi,ROI_1000_20CM_R04,1000,20,4,0.9,False,True,1.0,0.3559754363359667,0.6440245636640334,True,24.0,65.05724334716797,456.0,386.9427490234375
redmi,ROI_1000_20CM_R05,1000,20,5,0.7,False,False,0.964727960983408,0.6076896795723848,0.39231032042761516,,72.0,100.82230377197266,408.0,351.1777038574219
redmi,ROI_1000_20CM_R05,1000,20,5,0.8,False,True,1.0000000043388744,0.4822731526760087,0.5177268473239913,True,48.0,82.93977355957031,432.0,369.06024169921875
redmi,ROI_1000_20CM_R05,1000,20,5,0.9,False,True,1.0000000043388744,0.38105535534702517,0.6189446446529748,True,24.0,65.05724334716797,456.0,386.9427490234375
redmi,ROI_10000_20CM_R01,10000,20,1,0.7,False,False,0.9989655398322851,0.5664644312328484,0.4335355687671516,,72.0,100.82230377197266,408.0,351.1777038574219
redmi,ROI_10000_20CM_R01,10000,20,1,0.8,False,True,1.0,0.43414842289217787,0.5658515771078221,True,48.0,82.93977355957031,432.0,369.06024169921875
redmi,ROI_10000_20CM_R01,10000,20,1,0.9,False,True,1.0,0.34303087501465884,0.6569691249853411,True,24.0,65.05724334716797,456.0,386.9427490234375
redmi,ROI_10000_20CM_R02,10000,20,2,0.7,False,True,1.0,0.5639007394684131,0.4360992605315869,False,72.0,100.82230377197266,408.0,351.1777038574219
redmi,ROI_10000_20CM_R02,10000,20,2,0.8,False,True,1.0,0.4317364872094436,0.5682635127905564,True,48.0,82.93977355957031,432.0,369.06024169921875
redmi,ROI_10000_20CM_R02,10000,20,2,0.9,False,True,1.0,0.34112514793124404,0.658874852068756,True,24.0,65.05724334716797,456.0,386.9427490234375
redmi,ROI_10000_20CM_R03,10000,20,3,0.7,False,True,1.0,0.5700051566649353,0.42999484333506466,False,72.0,100.82230377197266,408.0,351.1777038574219
redmi,ROI_10000_20CM_R03,10000,20,3,0.8,False,True,1.0,0.43641018144749666,0.5635898185525033,True,48.0,82.93977355957031,432.0,369.06024169921875
redmi,ROI_10000_20CM_R03,10000,20,3,0.9,False,True,1.0,0.34481794361929496,0.655182056380705,True,24.0,65.05724334716797,456.0,386.9427490234375
redmi,ROI_10000_20CM_R04,10000,20,4,0.7,False,True,1.0,0.5935134039991566,0.40648659600084336,False,72.0,100.82230377197266,408.0,351.1777038574219
redmi,ROI_10000_20CM_R04,10000,20,4,0.8,False,True,1.0,0.4544086826271462,0.5455913173728538,True,48.0,82.93977355957031,432.0,369.06024169921875
redmi,ROI_10000_20CM_R04,10000,20,4,0.9,False,True,1.0,0.3590389825153429,0.6409610174846572,True,24.0,65.05724334716797,456.0,386.9427490234375
redmi,ROI_10000_20CM_R05,10000,20,5,0.7,False,True,1.0,0.5392334255778902,0.4607665744221098,False,72.0,100.82230377197266,408.0,351.1777038574219
redmi,ROI_10000_20CM_R05,10000,20,5,0.8,False,True,1.0,0.4128505757314295,0.5871494242685704,True,48.0,82.93977355957031,432.0,369.06024169921875
redmi,ROI_10000_20CM_R05,10000,20,5,0.9,False,True,1.0,0.3262029452969586,0.6737970547030414,True,24.0,65.05724334716797,456.0,386.9427490234375
redmi,ROI_100000_20CM_R01,100000,20,1,0.7,False,False,0.9444518403898916,0.6015589326187544,0.39844106738124563,,72.0,100.82230377197266,408.0,351.1777038574219
redmi,ROI_100000_20CM_R01,100000,20,1,0.8,False,True,1.0,0.4876569884725367,0.5123430115274633,True,48.0,82.93977355957031,432.0,369.06024169921875
redmi,ROI_100000_20CM_R01,100000,20,1,0.9,False,True,1.0,0.3853092505746416,0.6146907494253584,True,24.0,65.05724334716797,456.0,386.9427490234375
redmi,ROI_100000_20CM_R02,100000,20,2,0.7,False,False,0.9533579316140873,0.6051518996324055,0.39484810036759455,,72.0,100.82230377197266,408.0,351.1777038574219
redmi,ROI_100000_20CM_R02,100000,20,2,0.8,False,True,1.0,0.4859868367827942,0.5140131632172058,True,48.0,82.93977355957031,432.0,369.06024169921875
redmi,ROI_100000_20CM_R02,100000,20,2,0.9,False,True,1.0,0.38398962446216384,0.6160103755378361,True,24.0,65.05724334716797,456.0,386.9427490234375
redmi,ROI_100000_20CM_R03,100000,20,3,0.7,False,False,0.914453873934585,0.5726682235267457,0.42733177647325427,,72.0,100.82230377197266,408.0,351.1777038574219
redmi,ROI_100000_20CM_R03,100000,20,3,0.8,False,False,0.9825286167163386,0.4710885831198669,0.5289114168801331,,48.0,82.93977355957031,432.0,369.06024169921875
redmi,ROI_100000_20CM_R03,100000,20,3,0.9,False,True,1.0,0.3788369699139877,0.6211630300860123,True,24.0,65.05724334716797,456.0,386.9427490234375
redmi,ROI_100000_20CM_R04,100000,20,4,0.7,False,False,0.9486277937712334,0.6008130621449035,0.3991869378550965,,72.0,100.82230377197266,408.0,351.1777038574219
redmi,ROI_100000_20CM_R04,100000,20,4,0.8,False,True,1.0,0.4849082919586281,0.5150917080413719,True,48.0,82.93977355957031,432.0,369.06024169921875
redmi,ROI_100000_20CM_R04,100000,20,4,0.9,False,True,1.0,0.3831374408418444,0.6168625591581556,True,24.0,65.05724334716797,456.0,386.9427490234375
redmi,ROI_100000_20CM_R05,100000,20,5,0.7,False,False,0.9370465674897883,0.599972413832855,0.40002758616714496,,72.0,100.82230377197266,408.0,351.1777038574219
redmi,ROI_100000_20CM_R05,100000,20,5,0.8,False,True,1.0,0.4902145504606436,0.5097854495393563,True,48.0,82.93977355957031,432.0,369.06024169921875
redmi,ROI_100000_20CM_R05,100000,20,5,0.9,False,True,1.0,0.3873300404253569,0.6126699595746431,True,24.0,65.05724334716797,456.0,386.9427490234375
redmi,ROI_2000_20CM_R01,2000,20,1,0.7,False,True,1.000000039798513,0.5600981095740849,0.4399018904259151,False,72.0,100.82230377197266,408.0,351.1777038574219
redmi,ROI_2000_20CM_R01,2000,20,1,0.8,False,True,1.000000039798513,0.4288250988075015,0.5711749011924985,True,48.0,82.93977355957031,432.0,369.06024169921875
redmi,ROI_2000_20CM_R01,2000,20,1,0.9,False,True,1.000000039798513,0.3388247915131033,0.6611752084868967,True,24.0,65.05724334716797,456.0,386.9427490234375
redmi,ROI_2000_20CM_R02,2000,20,2,0.7,False,True,1.0000000191109544,0.5494274066531711,0.45057259334682886,False,72.0,100.82230377197266,408.0,351.1777038574219
redmi,ROI_2000_20CM_R02,2000,20,2,0.8,False,True,1.0000000191109544,0.420655342194886,0.579344657805114,True,48.0,82.93977355957031,432.0,369.06024169921875
redmi,ROI_2000_20CM_R02,2000,20,2,0.9,False,True,1.0000000191109544,0.3323696747564583,0.6676303252435417,True,24.0,65.05724334716797,456.0,386.9427490234375
redmi,ROI_2000_20CM_R03,2000,20,3,0.7,False,True,1.0,0.5616063820800417,0.43839361791995834,False,72.0,100.82230377197266,408.0,351.1777038574219
redmi,ROI_2000_20CM_R03,2000,20,3,0.8,False,True,1.0,0.4299798699008861,0.5700201300991139,True,48.0,82.93977355957031,432.0,369.06024169921875
redmi,ROI_2000_20CM_R03,2000,20,3,0.9,False,True,1.0,0.3397372033006816,0.6602627966993184,True,24.0,65.05724334716797,456.0,386.9427490234375
redmi,ROI_2000_20CM_R04,2000,20,4,0.7,False,True,1.0,0.5437270374577059,0.4562729625422941,False,72.0,100.82230377197266,408.0,351.1777038574219
redmi,ROI_2000_20CM_R04,2000,20,4,0.8,False,True,1.0,0.4162909971958581,0.5837090028041418,True,48.0,82.93977355957031,432.0,369.06024169921875
redmi,ROI_2000_20CM_R04,2000,20,4,0.9,False,True,1.0,0.32892130317443324,0.6710786968255668,True,24.0,65.05724334716797,456.0,386.9427490234375
redmi,ROI_2000_20CM_R05,2000,20,5,0.7,False,True,1.000000007901768,0.5509426447033364,0.4490573552966636,False,72.0,100.82230377197266,408.0,351.1777038574219
redmi,ROI_2000_20CM_R05,2000,20,5,0.8,False,True,1.000000007901768,0.4218154462828521,0.5781845537171479,True,48.0,82.93977355957031,432.0,369.06024169921875
redmi,ROI_2000_20CM_R05,2000,20,5,0.9,False,True,1.000000007901768,0.33328630026842504,0.666713699731575,True,24.0,65.05724334716797,456.0,386.9427490234375
redmi,ROI_20000_20CM_R01,20000,20,1,0.7,False,False,0.999609438869359,0.5814221479923525,0.4185778520076475,,72.0,100.82230377197266,408.0,351.1777038574219
redmi,ROI_20000_20CM_R01,20000,20,1,0.8,False,True,1.0,0.4453252418295279,0.5546747581704721,True,48.0,82.93977355957031,432.0,369.06024169921875
redmi,ROI_20000_20CM_R01,20000,20,1,0.9,False,True,1.0,0.3518619424049733,0.6481380575950266,True,24.0,65.05724334716797,456.0,386.9427490234375
redmi,ROI_20000_20CM_R02,20000,20,2,0.7,False,True,1.0,0.566985639687493,0.43301436031250695,False,72.0,100.82230377197266,408.0,351.1777038574219
redmi,ROI_20000_20CM_R02,20000,20,2,0.8,False,True,1.0,0.43409836384970607,0.565901636150294,True,48.0,82.93977355957031,432.0,369.06024169921875
redmi,ROI_20000_20CM_R02,20000,20,2,0.9,False,True,1.0,0.3429913221883993,0.6570086778116007,True,24.0,65.05724334716797,456.0,386.9427490234375
redmi,ROI_20000_20CM_R03,20000,20,3,0.7,False,True,1.0,0.5895428580524411,0.4104571419475589,False,72.0,100.82230377197266,408.0,351.1777038574219
redmi,ROI_20000_20CM_R03,20000,20,3,0.8,False,True,1.0,0.45136873350249235,0.5486312664975077,True,48.0,82.93977355957031,432.0,369.06024169921875
redmi,ROI_20000_20CM_R03,20000,20,3,0.9,False,True,1.0,0.35663704724794465,0.6433629527520554,True,24.0,65.05724334716797,456.0,386.9427490234375
redmi,ROI_20000_20CM_R04,20000,20,4,0.7,False,True,1.0,0.5590207720698301,0.44097922793016986,False,72.0,100.82230377197266,408.0,351.1777038574219
redmi,ROI_20000_20CM_R04,20000,20,4,0.8,False,True,1.0,0.4280002623122268,0.5719997376877732,True,48.0,82.93977355957031,432.0,369.06024169921875
redmi,ROI_20000_20CM_R04,20000,20,4,0.9,False,True,1.0,0.3381730688076902,0.6618269311923097,True,24.0,65.05724334716797,456.0,386.9427490234375
redmi,ROI_20000_20CM_R05,20000,20,5,0.7,False,False,0.9993872329136506,0.5793801290521757,0.42061987094782427,,72.0,100.82230377197266,408.0,351.1777038574219
redmi,ROI_20000_20CM_R05,20000,20,5,0.8,False,True,1.0,0.4438598771317157,0.5561401228682843,True,48.0,82.93977355957031,432.0,369.06024169921875
redmi,ROI_20000_20CM_R05,20000,20,5,0.9,False,True,1.0,0.3507041233090119,0.6492958766909881,True,24.0,65.05724334716797,456.0,386.9427490234375
redmi,ROI_5000_20CM_R01,5000,20,1,0.7,False,True,1.0,0.520724024263411,0.479275975736589,False,72.0,100.82230377197266,408.0,351.1777038574219
redmi,ROI_5000_20CM_R01,5000,20,1,0.8,False,True,1.0,0.39867931588985467,0.6013206841101453,True,48.0,82.93977355957031,432.0,369.06024169921875
redmi,ROI_5000_20CM_R01,5000,20,1,0.9,False,True,1.0,0.31500589975402726,0.6849941002459727,True,24.0,65.05724334716797,456.0,386.9427490234375
redmi,ROI_5000_20CM_R02,5000,20,2,0.7,False,True,1.0,0.5148514203781491,0.4851485796218509,False,72.0,100.82230377197266,408.0,351.1777038574219
redmi,ROI_5000_20CM_R02,5000,20,2,0.8,False,True,1.0,0.39418310371147447,0.6058168962885255,True,48.0,82.93977355957031,432.0,369.06024169921875
redmi,ROI_5000_20CM_R02,5000,20,2,0.9,False,True,1.0,0.31145333681362386,0.6885466631863761,True,24.0,65.05724334716797,456.0,386.9427490234375
redmi,ROI_5000_20CM_R03,5000,20,3,0.7,False,True,1.0,0.5464136942959027,0.4535863057040973,False,72.0,100.82230377197266,408.0,351.1777038574219
redmi,ROI_5000_20CM_R03,5000,20,3,0.8,False,True,1.0,0.4183479687592466,0.5816520312407534,True,48.0,82.93977355957031,432.0,369.06024169921875
redmi,ROI_5000_20CM_R03,5000,20,3,0.9,False,True,1.0,0.330546564762553,0.669453435237447,True,24.0,65.05724334716797,456.0,386.9427490234375
redmi,ROI_5000_20CM_R04,5000,20,4,0.7,False,True,0.9999999695954229,0.5911051831814561,0.4088948168185439,False,72.0,100.82230377197266,408.0,351.1777038574219
redmi,ROI_5000_20CM_R04,5000,20,4,0.8,False,True,0.9999999695954229,0.45256488863382954,0.5474351113661704,True,48.0,82.93977355957031,432.0,369.06024169921875
redmi,ROI_5000_20CM_R04,5000,20,4,0.9,False,True,0.9999999695954229,0.3575821575367773,0.6424178424632228,True,24.0,65.05724334716797,456.0,386.9427490234375
redmi,ROI_5000_20CM_R05,5000,20,5,0.7,False,True,1.0,0.5521139241804838,0.4478860758195162,False,72.0,100.82230377197266,408.0,351.1777038574219
redmi,ROI_5000_20CM_R05,5000,20,5,0.8,False,True,1.0,0.42271220709838286,0.5772877929016171,True,48.0,82.93977355957031,432.0,369.06024169921875
redmi,ROI_5000_20CM_R05,5000,20,5,0.9,False,True,1.0,0.3339948520700903,0.6660051479299097,True,24.0,65.05724334716797,456.0,386.9427490234375
redmi,ROI_50000_20CM_R01,50000,20,1,0.7,False,False,0.9576798317957766,0.593590303607219,0.406409696392781,,72.0,100.82230377197266,408.0,351.1777038574219
redmi,ROI_50000_20CM_R01,50000,20,1,0.8,False,True,1.0,0.47455062098899925,0.5254493790110008,True,48.0,82.93977355957031,432.0,369.06024169921875
redmi,ROI_50000_20CM_R01,50000,20,1,0.9,False,True,1.0,0.3749536015175953,0.6250463984824046,True,24.0,65.05724334716797,456.0,386.9427490234375
redmi,ROI_50000_20CM_R02,50000,20,2,0.7,False,False,0.9793092316358829,0.603201407943129,0.39679859205687096,,72.0,100.82230377197266,408.0,351.1777038574219
redmi,ROI_50000_20CM_R02,50000,20,2,0.8,False,True,1.0,0.47158348501703173,0.5284165149829683,True,48.0,82.93977355957031,432.0,369.06024169921875
redmi,ROI_50000_20CM_R02,50000,20,2,0.9,False,True,1.0,0.3726091976338473,0.6273908023661527,True,24.0,65.05724334716797,456.0,386.9427490234375
redmi,ROI_50000_20CM_R03,50000,20,3,0.7,False,False,0.9771371871831221,0.5899628803682163,0.4100371196317837,,72.0,100.82230377197266,408.0,351.1777038574219
redmi,ROI_50000_20CM_R03,50000,20,3,0.8,False,True,1.0,0.46225885065114,0.53774114934886,True,48.0,82.93977355957031,432.0,369.06024169921875
redmi,ROI_50000_20CM_R03,50000,20,3,0.9,False,True,1.0,0.36524158481513624,0.6347584151848638,True,24.0,65.05724334716797,456.0,386.9427490234375
redmi,ROI_50000_20CM_R04,50000,20,4,0.7,False,False,0.9762217572492631,0.5827197824414427,0.41728021755855726,,72.0,100.82230377197266,408.0,351.1777038574219
redmi,ROI_50000_20CM_R04,50000,20,4,0.8,False,True,1.0,0.4570117528356821,0.5429882471643179,True,48.0,82.93977355957031,432.0,369.06024169921875
redmi,ROI_50000_20CM_R04,50000,20,4,0.9,False,True,1.0,0.3610957294808396,0.6389042705191603,True,24.0,65.05724334716797,456.0,386.9427490234375
redmi,ROI_50000_20CM_R05,50000,20,5,0.7,False,False,0.9779643838228762,0.6020242774088466,0.39797572259115344,,72.0,100.82230377197266,408.0,351.1777038574219
redmi,ROI_50000_20CM_R05,50000,20,5,0.8,False,True,1.0,0.471310435694458,0.528689564305542,True,48.0,82.93977355957031,432.0,369.06024169921875
redmi,ROI_50000_20CM_R05,50000,20,5,0.9,False,True,1.0,0.37239345494515885,0.6276065450548411,True,24.0,65.05724334716797,456.0,386.9427490234375
redmi,ROI_1000_30CM_R01,1000,30,1,0.7,False,True,1.0000000095960273,0.2556448759382376,0.7443551240617624,True,72.0,100.82230377197266,408.0,351.1777038574219
redmi,ROI_1000_30CM_R01,1000,30,1,0.8,False,True,1.0000000095960273,0.19572810068437785,0.8042718993156222,True,48.0,82.93977355957031,432.0,369.06024169921875
redmi,ROI_1000_30CM_R01,1000,30,1,0.9,False,True,1.0000000095960273,0.15464937358391373,0.8453506264160863,True,24.0,65.05724334716797,456.0,386.9427490234375
redmi,ROI_1000_30CM_R02,1000,30,2,0.7,False,True,0.9999999692531797,0.2672268810079551,0.7327731189920449,True,72.0,100.82230377197266,408.0,351.1777038574219
redmi,ROI_1000_30CM_R02,1000,30,2,0.8,False,True,0.9999999692531797,0.20459557297809333,0.7954044270219067,True,48.0,82.93977355957031,432.0,369.06024169921875
redmi,ROI_1000_30CM_R02,1000,30,2,0.9,False,True,0.9999999692531797,0.16165577190229918,0.8383442280977008,True,24.0,65.05724334716797,456.0,386.9427490234375
redmi,ROI_1000_30CM_R03,1000,30,3,0.7,False,True,1.0,0.2434039768233532,0.7565960231766468,True,72.0,100.82230377197266,408.0,351.1777038574219
redmi,ROI_1000_30CM_R03,1000,30,3,0.8,False,True,1.0,0.18635616265654806,0.8136438373434519,True,48.0,82.93977355957031,432.0,369.06024169921875
redmi,ROI_1000_30CM_R03,1000,30,3,0.9,False,True,1.0,0.14724438502987713,0.8527556149701229,True,24.0,65.05724334716797,456.0,386.9427490234375
redmi,ROI_1000_30CM_R04,1000,30,4,0.7,False,True,0.9999999762748019,0.2599518344517451,0.7400481655482549,True,72.0,100.82230377197266,408.0,351.1777038574219
redmi,ROI_1000_30CM_R04,1000,30,4,0.8,False,True,0.9999999762748019,0.19902561567067037,0.8009743843293297,True,48.0,82.93977355957031,432.0,369.06024169921875
redmi,ROI_1000_30CM_R04,1000,30,4,0.9,False,True,0.9999999762748019,0.15725481769352598,0.842745182306474,True,24.0,65.05724334716797,456.0,386.9427490234375
redmi,ROI_1000_30CM_R05,1000,30,5,0.7,False,True,0.9999999758195589,0.2525477163613507,0.7474522836386492,True,72.0,100.82230377197266,408.0,351.1777038574219
redmi,ROI_1000_30CM_R05,1000,30,5,0.8,False,True,0.9999999758195589,0.1933568379736519,0.8066431620263481,True,48.0,82.93977355957031,432.0,369.06024169921875
redmi,ROI_1000_30CM_R05,1000,30,5,0.9,False,True,0.9999999758195589,0.15277578317183485,0.8472242168281652,True,24.0,65.05724334716797,456.0,386.9427490234375
redmi,ROI_10000_30CM_R01,10000,30,1,0.7,False,True,1.0000000227350996,0.28003277863207515,0.7199672213679249,True,72.0,100.82230377197266,408.0,351.1777038574219
redmi,ROI_10000_30CM_R01,10000,30,1,0.8,False,True,1.0000000227350996,0.2144000879730786,0.7855999120269214,True,48.0,82.93977355957031,432.0,369.06024169921875
redmi,ROI_10000_30CM_R01,10000,30,1,0.9,False,True,1.0000000227350996,0.16940254968723065,0.8305974503127693,True,24.0,65.05724334716797,456.0,386.9427490234375
redmi,ROI_10000_30CM_R02,10000,30,2,0.7,False,True,1.0,0.2687251231302515,0.7312748768697486,True,72.0,100.82230377197266,408.0,351.1777038574219
redmi,ROI_10000_30CM_R02,10000,30,2,0.8,False,True,1.0,0.20574266455928053,0.7942573354407194,True,48.0,82.93977355957031,432.0,369.06024169921875
redmi,ROI_10000_30CM_R02,10000,30,2,0.9,False,True,1.0,0.16256211592675812,0.8374378840732419,True,24.0,65.05724334716797,456.0,386.9427490234375
redmi,ROI_10000_30CM_R03,10000,30,3,0.7,False,True,1.000000039772539,0.29129230222341784,0.7087076977765822,True,72.0,100.82230377197266,408.0,351.1777038574219
redmi,ROI_10000_30CM_R03,10000,30,3,0.8,False,True,1.000000039772539,0.22302066039431842,0.7769793396056816,True,48.0,82.93977355957031,432.0,369.06024169921875
redmi,ROI_10000_30CM_R03,10000,30,3,0.9,False,True,1.000000039772539,0.176213866612179,0.823786133387821,True,24.0,65.05724334716797,456.0,386.9427490234375
redmi,ROI_10000_30CM_R04,10000,30,4,0.7,False,True,1.0,0.2665377565009232,0.7334622434990767,True,72.0,100.82230377197266,408.0,351.1777038574219
redmi,ROI_10000_30CM_R04,10000,30,4,0.8,False,True,1.0,0.2040679620474952,0.7959320379525048,True,48.0,82.93977355957031,432.0,369.06024169921875
redmi,ROI_10000_30CM_R04,10000,30,4,0.9,False,True,1.0,0.1612388941028022,0.8387611058971978,True,24.0,65.05724334716797,456.0,386.9427490234375
redmi,ROI_10000_30CM_R05,10000,30,5,0.7,False,True,1.0000000135256628,0.28576939187590555,0.7142306081240944,True,72.0,100.82230377197266,408.0,351.1777038574219
redmi,ROI_10000_30CM_R05,10000,30,5,0.8,False,True,1.0000000135256628,0.218792182320579,0.781207817679421,True,48.0,82.93977355957031,432.0,369.06024169921875
redmi,ROI_10000_30CM_R05,10000,30,5,0.9,False,True,1.0000000135256628,0.1728728466818236,0.8271271533181764,True,24.0,65.05724334716797,456.0,386.9427490234375
redmi,ROI_100000_30CM_R01,100000,30,1,0.7,False,True,1.0,0.2968993563449693,0.7031006436550307,True,72.0,100.82230377197266,408.0,351.1777038574219
redmi,ROI_100000_30CM_R01,100000,30,1,0.8,False,True,1.0,0.22731356104260259,0.7726864389573974,True,48.0,82.93977355957031,432.0,369.06024169921875
redmi,ROI_100000_30CM_R01,100000,30,1,0.9,False,True,1.0,0.17960578833314683,0.8203942116668532,True,24.0,65.05724334716797,456.0,386.9427490234375
redmi,ROI_100000_30CM_R02,100000,30,2,0.7,False,True,1.0,0.31436856972430594,0.6856314302756941,True,72.0,100.82230377197266,408.0,351.1777038574219
redmi,ROI_100000_30CM_R02,100000,30,2,0.8,False,True,1.0,0.24068842702667081,0.7593115729733292,True,48.0,82.93977355957031,432.0,369.06024169921875
redmi,ROI_100000_30CM_R02,100000,30,2,0.9,False,True,1.0,0.19017358436740348,0.8098264156325965,True,24.0,65.05724334716797,456.0,386.9427490234375
redmi,ROI_100000_30CM_R03,100000,30,3,0.7,False,True,1.0,0.30832953576942124,0.6916704642305788,True,72.0,100.82230377197266,408.0,351.1777038574219
redmi,ROI_100000_30CM_R03,100000,30,3,0.8,False,True,1.0,0.23606479183108955,0.7639352081689105,True,48.0,82.93977355957031,432.0,369.06024169921875
redmi,ROI_100000_30CM_R03,100000,30,3,0.9,False,True,1.0,0.18652034150561214,0.8134796584943879,True,24.0,65.05724334716797,456.0,386.9427490234375
redmi,ROI_100000_30CM_R04,100000,30,4,0.7,False,True,1.0,0.30410934471827156,0.6958906552817284,True,72.0,100.82230377197266,408.0,351.1777038574219
redmi,ROI_100000_30CM_R04,100000,30,4,0.8,False,True,1.0,0.23283370818063415,0.7671662918193658,True,48.0,82.93977355957031,432.0,369.06024169921875
redmi,ROI_100000_30CM_R04,100000,30,4,0.9,False,True,1.0,0.18396738635613197,0.816032613643868,True,24.0,65.05724334716797,456.0,386.9427490234375
redmi,ROI_100000_30CM_R05,100000,30,5,0.7,False,True,1.0,0.31127178164311015,0.6887282183568899,True,72.0,100.82230377197266,408.0,351.1777038574219
redmi,ROI_100000_30CM_R05,100000,30,5,0.8,False,True,1.0,0.23831744874232255,0.7616825512576775,True,48.0,82.93977355957031,432.0,369.06024169921875
redmi,ROI_100000_30CM_R05,100000,30,5,0.9,False,True,1.0,0.18830021868729196,0.811699781312708,True,24.0,65.05724334716797,456.0,386.9427490234375
redmi,ROI_2000_30CM_R01,2000,30,1,0.7,False,True,1.0000000266265663,0.25798355740625617,0.7420164425937439,True,72.0,100.82230377197266,408.0,351.1777038574219
redmi,ROI_2000_30CM_R01,2000,30,1,0.8,False,True,1.0000000266265663,0.19751865361512236,0.8024813463848777,True,48.0,82.93977355957031,432.0,369.06024169921875
redmi,ROI_2000_30CM_R01,2000,30,1,0.9,False,True,1.0000000266265663,0.15606413154733467,0.8439358684526653,True,24.0,65.05724334716797,456.0,386.9427490234375
redmi,ROI_2000_30CM_R02,2000,30,2,0.7,False,True,1.0000000149412345,0.26805329639133746,0.7319467036086625,True,72.0,100.82230377197266,408.0,351.1777038574219
redmi,ROI_2000_30CM_R02,2000,30,2,0.8,False,True,1.0000000149412345,0.20522829723189318,0.7947717027681068,True,48.0,82.93977355957031,432.0,369.06024169921875
redmi,ROI_2000_30CM_R02,2000,30,2,0.9,False,True,1.0000000149412345,0.16215570220949246,0.8378442977905075,True,24.0,65.05724334716797,456.0,386.9427490234375
redmi,ROI_2000_30CM_R03,2000,30,3,0.7,False,True,0.9999999954750189,0.26568617228446734,0.7343138277155327,True,72.0,100.82230377197266,408.0,351.1777038574219
redmi,ROI_2000_30CM_R03,2000,30,3,0.8,False,True,0.9999999954750189,0.20341596790660746,0.7965840320933926,True,48.0,82.93977355957031,432.0,369.06024169921875
redmi,ROI_2000_30CM_R03,2000,30,3,0.9,False,True,0.9999999954750189,0.1607237382048187,0.8392762617951813,True,24.0,65.05724334716797,456.0,386.9427490234375
redmi,ROI_2000_30CM_R04,2000,30,4,0.7,False,True,0.9999999824462353,0.2628671468878276,0.7371328531121724,True,72.0,100.82230377197266,408.0,351.1777038574219
redmi,ROI_2000_30CM_R04,2000,30,4,0.8,False,True,0.9999999824462353,0.2012576516695215,0.7987423483304785,True,48.0,82.93977355957031,432.0,369.06024169921875
redmi,ROI_2000_30CM_R04,2000,30,4,0.9,False,True,0.9999999824462353,0.1590184018075705,0.8409815981924296,True,24.0,65.05724334716797,456.0,386.9427490234375
redmi,ROI_2000_30CM_R05,2000,30,5,0.7,False,True,0.9999999697661504,0.26019061330721394,0.7398093866927861,True,72.0,100.82230377197266,408.0,351.1777038574219
redmi,ROI_2000_30CM_R05,2000,30,5,0.8,False,True,0.9999999697661504,0.1992084307249248,0.8007915692750752,True,48.0,82.93977355957031,432.0,369.06024169921875
redmi,ROI_2000_30CM_R05,2000,30,5,0.9,False,True,0.9999999697661504,0.15739926416556194,0.8426007358344381,True,24.0,65.05724334716797,456.0,386.9427490234375
redmi,ROI_20000_30CM_R01,20000,30,1,0.7,False,True,1.0,0.2777480104762307,0.7222519895237693,True,72.0,100.82230377197266,408.0,351.1777038574219
redmi,ROI_20000_30CM_R01,20000,30,1,0.8,False,True,1.0,0.21265081242039505,0.7873491875796049,True,48.0,82.93977355957031,432.0,369.06024169921875
redmi,ROI_20000_30CM_R01,20000,30,1,0.9,False,True,1.0,0.1680204059505763,0.8319795940494237,True,24.0,65.05724334716797,456.0,386.9427490234375
redmi,ROI_20000_30CM_R02,20000,30,2,0.7,False,True,1.0,0.28213463159700325,0.7178653684029968,True,72.0,100.82230377197266,408.0,351.1777038574219
redmi,ROI_20000_30CM_R02,20000,30,2,0.8,False,True,1.0,0.21600931908805152,0.7839906809119485,True,48.0,82.93977355957031,432.0,369.06024169921875
redmi,ROI_20000_30CM_R02,20000,30,2,0.9,False,True,1.0,0.1706740410214444,0.8293259589785555,True,24.0,65.05724334716797,456.0,386.9427490234375
redmi,ROI_20000_30CM_R03,20000,30,3,0.7,False,True,1.0,0.27587567219297415,0.7241243278070258,True,72.0,100.82230377197266,408.0,351.1777038574219
redmi,ROI_20000_30CM_R03,20000,30,3,0.8,False,True,1.0,0.21121730347688314,0.7887826965231168,True,48.0,82.93977355957031,432.0,369.06024169921875
redmi,ROI_20000_30CM_R03,20000,30,3,0.9,False,True,1.0,0.16688775683496185,0.8331122431650382,True,24.0,65.05724334716797,456.0,386.9427490234375
redmi,ROI_20000_30CM_R04,20000,30,4,0.7,False,True,1.0,0.2831926513253197,0.7168073486746803,True,72.0,100.82230377197266,408.0,351.1777038574219
redmi,ROI_20000_30CM_R04,20000,30,4,0.8,False,True,1.0,0.21681936541168684,0.7831806345883132,True,48.0,82.93977355957031,432.0,369.06024169921875
redmi,ROI_20000_30CM_R04,20000,30,4,0.9,False,True,1.0,0.1713140776645535,0.8286859223354465,True,24.0,65.05724334716797,456.0,386.9427490234375
redmi,ROI_20000_30CM_R05,20000,30,5,0.7,False,True,1.0,0.28010180717518185,0.7198981928248182,True,72.0,100.82230377197266,408.0,351.1777038574219
redmi,ROI_20000_30CM_R05,20000,30,5,0.8,False,True,1.0,0.21445293794938144,0.7855470620506185,True,48.0,82.93977355957031,432.0,369.06024169921875
redmi,ROI_20000_30CM_R05,20000,30,5,0.9,False,True,1.0,0.16944430769592014,0.8305556923040799,True,24.0,65.05724334716797,456.0,386.9427490234375
redmi,ROI_5000_30CM_R01,5000,30,1,0.7,False,True,0.9999999960201374,0.27346831045905934,0.7265316895409406,True,72.0,100.82230377197266,408.0,351.1777038574219
redmi,ROI_5000_30CM_R01,5000,30,1,0.8,False,True,0.9999999960201374,0.20937416721956487,0.7906258327804352,True,48.0,82.93977355957031,432.0,369.06024169921875
redmi,ROI_5000_30CM_R01,5000,30,1,0.9,False,True,0.9999999960201374,0.16543145154907082,0.8345685484509292,True,24.0,65.05724334716797,456.0,386.9427490234375
redmi,ROI_5000_30CM_R02,5000,30,2,0.7,False,True,1.0000000374954547,0.27376149021479695,0.7262385097852031,True,72.0,100.82230377197266,408.0,351.1777038574219
redmi,ROI_5000_30CM_R02,5000,30,2,0.8,False,True,1.0000000374954547,0.20959863296150094,0.7904013670384991,True,48.0,82.93977355957031,432.0,369.06024169921875
redmi,ROI_5000_30CM_R02,5000,30,2,0.9,False,True,1.0000000374954547,0.16560880720858054,0.8343911927914195,True,24.0,65.05724334716797,456.0,386.9427490234375
redmi,ROI_5000_30CM_R03,5000,30,3,0.7,False,True,1.0,0.2565816719788446,0.7434183280211554,True,72.0,100.82230377197266,408.0,351.1777038574219
redmi,ROI_5000_30CM_R03,5000,30,3,0.8,False,True,1.0,0.19644533512564616,0.8035546648743539,True,48.0,82.93977355957031,432.0,369.06024169921875
redmi,ROI_5000_30CM_R03,5000,30,3,0.9,False,True,1.0,0.1552160773769159,0.8447839226230841,True,24.0,65.05724334716797,456.0,386.9427490234375
redmi,ROI_5000_30CM_R04,5000,30,4,0.7,False,True,1.0,0.24859302863694996,0.75140697136305,True,72.0,100.82230377197266,408.0,351.1777038574219
redmi,ROI_5000_30CM_R04,5000,30,4,0.8,False,True,1.0,0.19032903029999534,0.8096709697000046,True,48.0,82.93977355957031,432.0,369.06024169921875
redmi,ROI_5000_30CM_R04,5000,30,4,0.9,False,True,1.0,0.15038344115029428,0.8496165588497058,True,24.0,65.05724334716797,456.0,386.9427490234375
redmi,ROI_5000_30CM_R05,5000,30,5,0.7,False,True,1.0,0.2548995394894427,0.7451004605105573,True,72.0,100.82230377197266,408.0,351.1777038574219
redmi,ROI_5000_30CM_R05,5000,30,5,0.8,False,True,1.0,0.19515745248750688,0.8048425475124932,True,48.0,82.93977355957031,432.0,369.06024169921875
redmi,ROI_5000_30CM_R05,5000,30,5,0.9,False,True,1.0,0.15419849102860197,0.845801508971398,True,24.0,65.05724334716797,456.0,386.9427490234375
redmi,ROI_50000_30CM_R01,50000,30,1,0.7,False,True,1.0,0.28050599448712293,0.7194940055128771,True,72.0,100.82230377197266,408.0,351.1777038574219
redmi,ROI_50000_30CM_R01,50000,30,1,0.8,False,True,1.0,0.21476239384829832,0.7852376061517017,True,48.0,82.93977355957031,432.0,369.06024169921875
redmi,ROI_50000_30CM_R01,50000,30,1,0.9,False,True,1.0,0.16968881607643374,0.8303111839235663,True,24.0,65.05724334716797,456.0,386.9427490234375
redmi,ROI_50000_30CM_R02,50000,30,2,0.7,False,True,1.0,0.28322237098060943,0.7167776290193906,True,72.0,100.82230377197266,408.0,351.1777038574219
redmi,ROI_50000_30CM_R02,50000,30,2,0.8,False,True,1.0,0.2168421195219013,0.7831578804780988,True,48.0,82.93977355957031,432.0,369.06024169921875
redmi,ROI_50000_30CM_R02,50000,30,2,0.9,False,True,1.0,0.17133205622194422,0.8286679437780557,True,24.0,65.05724334716797,456.0,386.9427490234375
redmi,ROI_50000_30CM_R03,50000,30,3,0.7,False,True,1.0,0.2918291831525317,0.7081708168474683,True,72.0,100.82230377197266,408.0,351.1777038574219
redmi,ROI_50000_30CM_R03,50000,30,3,0.8,False,True,1.0,0.22343170984001318,0.7765682901599869,True,48.0,82.93977355957031,432.0,369.06024169921875
redmi,ROI_50000_30CM_R03,50000,30,3,0.9,False,True,1.0,0.1765386464422925,0.8234613535577076,True,24.0,65.05724334716797,456.0,386.9427490234375
redmi,ROI_50000_30CM_R04,50000,30,4,0.7,False,True,1.0,0.2975769644855764,0.7024230355144236,True,72.0,100.82230377197266,408.0,351.1777038574219
redmi,ROI_50000_30CM_R04,50000,30,4,0.8,False,True,1.0,0.2278323547554926,0.7721676452445074,True,48.0,82.93977355957031,432.0,369.06024169921875
redmi,ROI_50000_30CM_R04,50000,30,4,0.9,False,True,1.0,0.1800156994416549,0.8199843005583451,True,24.0,65.05724334716797,456.0,386.9427490234375
redmi,ROI_50000_30CM_R05,50000,30,5,0.7,False,True,1.0,0.28769815106725133,0.7123018489327486,True,72.0,100.82230377197266,408.0,351.1777038574219
redmi,ROI_50000_30CM_R05,50000,30,5,0.8,False,True,1.0,0.22026888852020118,0.7797311114797988,True,48.0,82.93977355957031,432.0,369.06024169921875
redmi,ROI_50000_30CM_R05,50000,30,5,0.9,False,True,1.0,0.17403962696498446,0.8259603730350156,True,24.0,65.05724334716797,456.0,386.9427490234375
