device,distance_cm,candidate_roi_width_fraction,total,contained,mean_coverage,mean_occupancy,contained_rate
poco,10,0.7,35,0,,,0.0
poco,10,0.8,35,0,,,0.0
poco,10,0.9,35,0,,,0.0
poco,20,0.7,35,4,0.9555195019107009,0.6208003800377673,0.11428571428571428
poco,20,0.8,35,12,0.9846510033124328,0.5655130883229623,0.34285714285714286
poco,20,0.9,35,12,0.9846510033124328,0.5655130883229623,0.34285714285714286
poco,30,0.7,35,35,0.9999999966465718,0.28519514692164993,1.0
poco,30,0.8,35,35,0.9999999966465718,0.25187647246511724,1.0
poco,30,0.9,35,35,0.9999999966465718,0.25187647246511724,1.0
redmi,10,0.7,35,0,,,0.0
redmi,10,0.8,35,0,,,0.0
redmi,10,0.9,35,0,,,0.0
redmi,20,0.7,35,19,0.9860705725442555,0.5760145797596969,0.5428571428571428
redmi,20,0.8,35,34,0.9995008185240083,0.4474545196571654,0.9714285714285714
redmi,20,0.9,35,35,1.0000000009035415,0.35373344361236975,1.0
redmi,30,0.7,35,35,1.0000000008499335,0.2762308996897511,1.0
redmi,30,0.8,35,35,1.0000000008499335,0.2114892745187429,1.0
redmi,30,0.9,35,35,1.0000000008499335,0.16710264754870968,1.0
