sample_id,label,source_id,file_path,group_id,emission_year,side,condition,object_group,brightness_proxy,orientation_proxy,scale_proxy,luminance_mean,aspect_ratio,relative_area,reviewed
ds2_img004574_ann004570,1000,ds2,02_extracted/uang/1000/ds2_img004574_ann004570.png,ds2_img004574,2022,front,normal,not_applicable,medium,horizontal,low,144.86456298828125,1.8668478260869565,0.2743229166666667,True
ds4_img006836_ann008315,1000,ds4,02_extracted/uang/1000/ds4_img006836_ann008315.png,ds4_img006836,2016,front,lusuh,not_applicable,low,vertical,high,112.906494140625,0.6946068510606401,0.6307536313775509,True
ds6_img023414_ann024506,1000,ds6,02_extracted/uang/1000/ds6_img023414_ann024506.png,ds6_img023414,2022,back,terlipat,not_applicable,medium,diagonal_or_square,medium,133.49969482421875,0.8945349952061361,0.5068328125,True
ds8_img030040_ann031138,1000,ds8,02_extracted/uang/1000/ds8_img030040_ann031138.png,ds8_img030040,2022,front,terlipat,not_applicable,high,diagonal_or_square,high,163.00033569335938,1.0,1.0,True
ds9_img037825_ann037873,1000,ds9,02_extracted/uang/1000/ds9_img037825_ann037873.png,ds9_img037825,2016,front,lusuh,not_applicable,low,horizontal,medium,111.03850555419922,2.037102473498233,0.398314208984375,True
ds1_img000216_ann000216,1000,ds1,02_extracted/uang/1000/ds1_img000216_ann000216.png,ds1_img000216,2022,back,normal,not_applicable,medium,horizontal,high,147.66241455078125,1.8296703296703296,0.924774169921875,True
ds5_img019538_ann020627,1000,ds5,02_extracted/uang/1000/ds5_img019538_ann020627.png,ds5_img019538,2022,back,normal,not_applicable,low,diagonal_or_square,medium,99.57852935791016,1.1939359116256163,0.4157543906103516,True
ds10_img002509_ann002509,1000,ds10,02_extracted/uang/1000/ds10_img002509_ann002509.png,ds10_img002509,2022,back,lusuh,not_applicable,medium,vertical,low,121.97563934326172,0.5978847649674356,0.31978485438292964,True
ds7_img026170_ann027268,1000,ds7,02_extracted/uang/1000/ds7_img026170_ann027268.png,ds7_img026170,unknown,unknown,lusuh,not_applicable,low,diagonal_or_square,high,60.05571746826172,0.9374495430619693,0.877902353515625,True
ds9_img036309_ann036577,1000,ds9,02_extracted/uang/1000/ds9_img036309_ann036577.png,ds9_img036309,2016,front,lusuh,not_applicable,low,horizontal,medium,112.77750396728516,2.0367132867132867,0.40672607421875,True
ds1_img000166_ann000166,1000,ds1,02_extracted/uang/1000/ds1_img000166_ann000166.png,ds1_img000166,2016,front,terlipat,not_applicable,medium,horizontal,medium,141.62420654296875,3.77140169332079,0.45492235003757603,True
ds4_img011498_ann012779,1000,ds4,02_extracted/uang/1000/ds4_img011498_ann012779.png,ds4_img011498,2022,front,lusuh,not_applicable,high,horizontal,high,153.27403259277344,1.3566124446636982,0.6416944321189413,True
ds10_img003366_ann003365,1000,ds10,02_extracted/uang/1000/ds10_img003366_ann003365.png,ds10_img003366,2022,front,terlipat,not_applicable,medium,vertical,low,136.20887756347656,0.7018131724933915,0.25953717800845827,True
ds5_img020757_ann021846,1000,ds5,02_extracted/uang/1000/ds5_img020757_ann021846.png,ds5_img020757,2022,front,normal,not_applicable,medium,diagonal_or_square,low,124.5688705444336,0.8180776459792389,0.3681931625756836,True
ds8_img030473_ann031571,1000,ds8,02_extracted/uang/1000/ds8_img030473_ann031571.png,ds8_img030473,2022,front,normal,not_applicable,high,vertical,high,175.7791290283203,0.6974625894599871,0.64361875,True
ds7_img027120_ann028218,1000,ds7,02_extracted/uang/1000/ds7_img027120_ann028218.png,ds7_img027120,unknown,unknown,lusuh,not_applicable,medium,diagonal_or_square,high,127.92388153076172,0.8363415647062582,0.8003052148437501,True
ds2_img003876_ann003872,1000,ds2,02_extracted/uang/1000/ds2_img003876_ann003872.png,ds2_img003876,2022,front,normal,not_applicable,medium,horizontal,low,140.1551513671875,1.8203389830508474,0.17189127604166668,True
ds6_img024592_ann025684,1000,ds6,02_extracted/uang/1000/ds6_img024592_ann025684.png,ds6_img024592,2022,front,terlipat,not_applicable,high,diagonal_or_square,high,157.65817260742188,0.9448320442937262,0.7937918749999999,True
ds9_img035255_ann035659,1000,ds9,02_extracted/uang/1000/ds9_img035255_ann035659.png,ds9_img035255,2022,front,lusuh,not_applicable,medium,horizontal,medium,148.9070281982422,1.8667736757624398,0.4422296142578125,True
ds1_img000250_ann000250,1000,ds1,02_extracted/uang/1000/ds1_img000250_ann000250.png,ds1_img000250,2016,back,terlipat,not_applicable,low,horizontal,low,78.36468505859375,4.045234248788368,0.16545996447359432,True
ds5_img018586_ann019675,1000,ds5,02_extracted/uang/1000/ds5_img018586_ann019675.png,ds5_img018586,2022,back,normal,not_applicable,high,horizontal,low,177.20657348632812,1.3867444219993967,0.04052237974121094,True
ds4_img006037_ann007519,1000,ds4,02_extracted/uang/1000/ds4_img006037_ann007519.png,ds4_img006037,2022,front,lusuh,not_applicable,high,vertical,medium,169.87619018554688,0.6482987705012572,0.6070401409040178,True
ds10_img003648_ann003644,1000,ds10,02_extracted/uang/1000/ds10_img003648_ann003644.png,ds10_img003648,2016,back,lusuh,not_applicable,low,horizontal,low,65.04386138916016,1.765070566354254,0.3826921568627451,True
ds7_img026692_ann027790,1000,ds7,02_extracted/uang/1000/ds7_img026692_ann027790.png,ds7_img026692,unknown,unknown,lusuh,not_applicable,low,vertical,high,62.816532135009766,0.7628241529434033,0.7484937890625,True
ds2_img004518_ann004514,1000,ds2,02_extracted/uang/1000/ds2_img004518_ann004514.png,ds2_img004518,2022,front,normal,not_applicable,medium,horizontal,low,145.65467834472656,1.4038461538461537,0.26361111111111113,True
ds8_img029964_ann031062,1000,ds8,02_extracted/uang/1000/ds8_img029964_ann031062.png,ds8_img029964,2022,front,normal,not_applicable,high,vertical,medium,161.98092651367188,0.7888680355494455,0.5948079765625,True
ds6_img023423_ann024515,1000,ds6,02_extracted/uang/1000/ds6_img023423_ann024515.png,ds6_img023423,2022,back,terlipat,not_applicable,medium,diagonal_or_square,high,146.61300659179688,0.8689716666666667,0.6517287500000001,True
ds1_img000170_ann000170,1000,ds1,02_extracted/uang/1000/ds1_img000170_ann000170.png,ds1_img000170,2022,front,normal,not_applicable,medium,horizontal,low,139.3664093017578,1.8538732394366197,0.253509521484375,True
ds5_img016496_ann017585,1000,ds5,02_extracted/uang/1000/ds5_img016496_ann017585.png,ds5_img016496,2022,back,normal,not_applicable,high,vertical,low,176.88011169433594,0.7322936746090102,0.28973691714843747,True
ds9_img030876_ann031929,1000,ds9,02_extracted/uang/1000/ds9_img030876_ann031929.png,ds9_img030876,2022,front,lusuh,not_applicable,high,horizontal,medium,184.1265869140625,1.8504672897196262,0.4655126953125,True
ds7_img027579_ann028677,1000,ds7,02_extracted/uang/1000/ds7_img027579_ann028677.png,ds7_img027579,unknown,unknown,lusuh,not_applicable,low,diagonal_or_square,high,111.97785949707031,1.052956298200514,0.76244,True
ds10_img002725_ann002725,1000,ds10,02_extracted/uang/1000/ds10_img002725_ann002725.png,ds10_img002725,2022,front,normal,not_applicable,low,horizontal,low,112.47418212890625,1.8565605714066673,0.3643346757657311,True
ds4_img007215_ann008693,1000,ds4,02_extracted/uang/1000/ds4_img007215_ann008693.png,ds4_img007215,2016,front,lusuh,not_applicable,low,horizontal,medium,92.0323715209961,1.5375867063038342,0.5274059717793368,True
ds2_img004047_ann004042,1000,ds2,02_extracted/uang/1000/ds2_img004047_ann004042.png,ds2_img004047,2022,front,normal,not_applicable,medium,horizontal,low,146.55770874023438,2.6872037914691944,0.129814453125,True
ds8_img028054_ann029152,1000,ds8,02_extracted/uang/1000/ds8_img028054_ann029152.png,ds8_img028054,2022,front,terlipat,not_applicable,medium,diagonal_or_square,high,144.99749755859375,1.0,1.0,True
ds6_img025751_ann026849,1000,ds6,02_extracted/uang/1000/ds6_img025751_ann026849.png,ds6_img025751,2022,front,terlipat,not_applicable,medium,horizontal,high,141.64175415039062,1.2734125,0.955059375,True
ds5_img016793_ann017882,1000,ds5,02_extracted/uang/1000/ds5_img016793_ann017882.png,ds5_img016793,2022,back,normal,not_applicable,medium,diagonal_or_square,medium,141.96173095703125,0.9306865138715648,0.5851621143896485,True
ds7_img027337_ann028435,1000,ds7,02_extracted/uang/1000/ds7_img027337_ann028435.png,ds7_img027337,unknown,unknown,lusuh,not_applicable,low,diagonal_or_square,high,36.6233024597168,1.0554517357866744,0.798068158203125,True
ds1_img000618_ann000618,1000,ds1,02_extracted/uang/1000/ds1_img000618_ann000618.png,ds1_img000618,2022,back,normal,not_applicable,high,horizontal,medium,154.5569610595703,1.8342105263157895,0.4490492078993056,True
ds4_img007179_ann008657,1000,ds4,02_extracted/uang/1000/ds4_img007179_ann008657.png,ds4_img007179,2022,front,lusuh,not_applicable,high,vertical,high,167.16580200195312,0.7372893129394682,0.7316322943638393,True
ds9_img038237_ann038221,1000,ds9,02_extracted/uang/1000/ds9_img038237_ann038221.png,ds9_img038237,2022,front,lusuh,not_applicable,high,horizontal,medium,177.84239196777344,1.696629213483146,0.5249609375,True
ds8_img028348_ann029446,1000,ds8,02_extracted/uang/1000/ds8_img028348_ann029446.png,ds8_img028348,2022,front,normal,not_applicable,high,diagonal_or_square,high,183.26055908203125,0.9595613433858807,0.797890625,True
ds10_img003649_ann003645,1000,ds10,02_extracted/uang/1000/ds10_img003649_ann003645.png,ds10_img003649,2022,front,normal,not_applicable,low,horizontal,low,106.24739074707031,1.7376560129527403,0.342536066256568,True
ds2_img004640_ann004637,1000,ds2,02_extracted/uang/1000/ds2_img004640_ann004637.png,ds2_img004640,2022,front,normal,not_applicable,medium,horizontal,low,140.71951293945312,1.8571428571428572,0.1741796875,True
ds6_img023473_ann024565,1000,ds6,02_extracted/uang/1000/ds6_img023473_ann024565.png,ds6_img023473,2022,front,lusuh,not_applicable,high,diagonal_or_square,low,156.16404724121094,1.2245478879092695,0.06654071922634548,True
ds1_img000428_ann000428,1000,ds1,02_extracted/uang/1000/ds1_img000428_ann000428.png,ds1_img000428,2022,front,normal,not_applicable,medium,horizontal,high,148.06231689453125,1.847985347985348,0.9340311686197916,True
ds5_img018495_ann019584,1000,ds5,02_extracted/uang/1000/ds5_img018495_ann019584.png,ds5_img018495,2022,front,normal,not_applicable,low,diagonal_or_square,medium,107.64346313476562,0.9752266234708415,0.42081745204101556,True
ds8_img028900_ann029998,1000,ds8,02_extracted/uang/1000/ds8_img028900_ann029998.png,ds8_img028900,2022,front,terlipat,not_applicable,medium,vertical,high,138.6061553955078,0.76,0.76,True
ds9_img032755_ann033544,1000,ds9,02_extracted/uang/1000/ds9_img032755_ann033544.png,ds9_img032755,2022,back,lusuh,not_applicable,medium,horizontal,medium,149.20590209960938,1.7877358490566038,0.44136474609375,True
ds7_img026289_ann027387,1000,ds7,02_extracted/uang/1000/ds7_img026289_ann027387.png,ds7_img026289,unknown,unknown,lusuh,not_applicable,high,diagonal_or_square,high,158.8228759765625,1.063745908955668,0.7510259531250001,True
ds6_img024951_ann026043,2000,ds6,02_extracted/uang/2000/ds6_img024951_ann026043.png,ds6_img024951,2022,front,normal,not_applicable,high,diagonal_or_square,high,161.1701202392578,0.948152089261067,0.6727515151359375,True
ds4_img008242_ann009704,2000,ds4,02_extracted/uang/2000/ds4_img008242_ann009704.png,ds4_img008242,2016,front,lusuh,not_applicable,low,horizontal,medium,119.91624450683594,2.0240384615384617,0.43630420918367346,True
ds10_img003122_ann003121,2000,ds10,02_extracted/uang/2000/ds10_img003122_ann003121.png,ds10_img003122,2022,back,lusuh,not_applicable,medium,vertical,low,140.01132202148438,0.7430167597765364,0.19525508891828336,True
ds8_img030233_ann031331,2000,ds8,02_extracted/uang/2000/ds8_img030233_ann031331.png,ds8_img030233,2022,front,terlipat,not_applicable,medium,diagonal_or_square,high,134.3633270263672,0.9199999999999999,0.92,True
ds9_img038298_ann038276,2000,ds9,02_extracted/uang/2000/ds9_img038298_ann038276.png,ds9_img038298,2022,back,lusuh,not_applicable,high,vertical,medium,179.50538635253906,0.5223367697594502,0.431953125,True
ds5_img014296_ann015385,2000,ds5,02_extracted/uang/2000/ds5_img014296_ann015385.png,ds5_img014296,2022,back,lusuh,not_applicable,medium,diagonal_or_square,medium,143.1492462158203,0.8927907898725913,0.5771232238085937,True
ds7_img027540_ann028638,2000,ds7,02_extracted/uang/2000/ds7_img027540_ann028638.png,ds7_img027540,unknown,unknown,lusuh,not_applicable,high,diagonal_or_square,high,168.3030242919922,0.9941608649619814,0.9431970732421875,True
ds1_img001499_ann001499,2000,ds1,02_extracted/uang/2000/ds1_img001499_ann001499.png,ds1_img001499,2022,back,normal,not_applicable,high,horizontal,medium,163.23887634277344,1.8955223880597014,0.4363967047797309,True
ds10_img002434_ann002434,2000,ds10,02_extracted/uang/2000/ds10_img002434_ann002434.png,ds10_img002434,2022,front,terlipat,not_applicable,low,vertical,low,24.918804168701172,0.7,0.14697236919459142,True
ds9_img039151_ann039036,2000,ds9,02_extracted/uang/2000/ds9_img039151_ann039036.png,ds9_img039151,unknown,unknown,lusuh,not_applicable,medium,horizontal,medium,129.8357391357422,2.5030181086519114,0.37736083984375,True
ds5_img020705_ann021794,2000,ds5,02_extracted/uang/2000/ds5_img020705_ann021794.png,ds5_img020705,2022,front,normal,not_applicable,low,horizontal,low,125.91049194335938,1.3900744799907383,0.14584565203125,True
ds8_img028148_ann029246,2000,ds8,02_extracted/uang/2000/ds8_img028148_ann029246.png,ds8_img028148,2022,front,terlipat,not_applicable,medium,diagonal_or_square,high,138.04249572753906,1.0,1.0,True
ds7_img026070_ann027168,2000,ds7,02_extracted/uang/2000/ds7_img026070_ann027168.png,ds7_img026070,unknown,unknown,lusuh,not_applicable,low,diagonal_or_square,high,124.18013763427734,1.030250677506775,0.876749765625,True
ds6_img023647_ann024739,2000,ds6,02_extracted/uang/2000/ds6_img023647_ann024739.png,ds6_img023647,2022,front,normal,not_applicable,high,vertical,high,156.03843688964844,0.7709144324941991,0.6341071473875001,True
ds1_img000307_ann000307,2000,ds1,02_extracted/uang/2000/ds1_img000307_ann000307.png,ds1_img000307,2022,front,normal,not_applicable,medium,horizontal,medium,147.34735107421875,1.9114927344782033,0.5607344256789961,True
ds4_img005881_ann007363,2000,ds4,02_extracted/uang/2000/ds4_img005881_ann007363.png,ds4_img005881,2016,back,lusuh,not_applicable,medium,vertical,high,133.64035034179688,0.6318039833526095,0.6073043156489157,True
ds9_img030685_ann031765,2000,ds9,02_extracted/uang/2000/ds9_img030685_ann031765.png,ds9_img030685,unknown,unknown,lusuh,not_applicable,high,horizontal,medium,185.302001953125,1.9964973730297724,0.39730224609375,True
ds10_img002423_ann002423,2000,ds10,02_extracted/uang/2000/ds10_img002423_ann002423.png,ds10_img002423,2022,front,terlipat,not_applicable,low,diagonal_or_square,low,41.33529281616211,1.2189349112426036,0.28552991412614426,True
ds7_img026153_ann027251,2000,ds7,02_extracted/uang/2000/ds7_img026153_ann027251.png,ds7_img026153,unknown,unknown,lusuh,not_applicable,high,diagonal_or_square,high,174.60752868652344,0.9635955945393392,0.86541637890625,True
ds5_img016159_ann017248,2000,ds5,02_extracted/uang/2000/ds5_img016159_ann017248.png,ds5_img016159,2022,back,normal,not_applicable,low,diagonal_or_square,high,114.96501159667969,1.2021946421350194,0.7690529692114257,True
ds6_img023041_ann024133,2000,ds6,02_extracted/uang/2000/ds6_img023041_ann024133.png,ds6_img023041,2022,front,normal,not_applicable,low,diagonal_or_square,low,125.47854614257812,0.9002436790099317,0.2619473711242676,True
ds8_img029517_ann030615,2000,ds8,02_extracted/uang/2000/ds8_img029517_ann030615.png,ds8_img029517,2022,back,normal,not_applicable,medium,vertical,medium,149.78797912597656,0.6761340852130325,0.3784261728515625,True
ds1_img001606_ann001606,2000,ds1,02_extracted/uang/2000/ds1_img001606_ann001606.png,ds1_img001606,2022,front,normal,not_applicable,medium,horizontal,high,146.90248107910156,1.900763358778626,0.8848470052083334,True
ds4_img009818_ann011227,2000,ds4,02_extracted/uang/2000/ds4_img009818_ann011227.png,ds4_img009818,2022,back,lusuh,not_applicable,low,horizontal,medium,117.74178314208984,1.7938224256670376,0.5255464273756377,True
ds7_img026738_ann027836,2000,ds7,02_extracted/uang/2000/ds7_img026738_ann027836.png,ds7_img026738,unknown,unknown,lusuh,not_applicable,low,diagonal_or_square,high,97.2783432006836,0.982660572863971,0.788400447265625,True
ds10_img003296_ann003295,2000,ds10,02_extracted/uang/2000/ds10_img003296_ann003295.png,ds10_img003296,2022,front,normal,not_applicable,high,horizontal,low,169.08274841308594,1.8636363636363635,0.18494569895859578,True
ds9_img033120_ann033852,2000,ds9,02_extracted/uang/2000/ds9_img033120_ann033852.png,ds9_img033120,unknown,unknown,lusuh,not_applicable,high,horizontal,medium,185.73681640625,2.01056338028169,0.395908203125,True
ds8_img030220_ann031318,2000,ds8,02_extracted/uang/2000/ds8_img030220_ann031318.png,ds8_img030220,2022,back,normal,not_applicable,high,diagonal_or_square,high,169.208984375,1.213999569707401,0.640310794921875,True
ds6_img023565_ann024657,2000,ds6,02_extracted/uang/2000/ds6_img023565_ann024657.png,ds6_img023565,2022,front,terlipat,not_applicable,low,diagonal_or_square,low,104.1988296508789,0.8361757237499443,0.21877109290652802,True
ds5_img018993_ann020082,2000,ds5,02_extracted/uang/2000/ds5_img018993_ann020082.png,ds5_img018993,2022,front,normal,not_applicable,low,diagonal_or_square,medium,111.09689331054688,1.1800791821188734,0.45885041425781253,True
ds1_img000617_ann000617,2000,ds1,02_extracted/uang/2000/ds1_img000617_ann000617.png,ds1_img000617,2022,back,normal,not_applicable,medium,horizontal,medium,147.03553771972656,1.8364312267657992,0.5639620420773871,True
ds4_img010456_ann011817,2000,ds4,02_extracted/uang/2000/ds4_img010456_ann011817.png,ds4_img010456,2016,front,lusuh,not_applicable,low,vertical,medium,81.72428894042969,0.5376674438371646,0.47523187972337366,True
ds7_img026515_ann027613,2000,ds7,02_extracted/uang/2000/ds7_img026515_ann027613.png,ds7_img026515,unknown,unknown,lusuh,not_applicable,low,diagonal_or_square,high,107.62985229492188,0.9762416236493636,0.9273854218750001,True
ds10_img003547_ann003544,2000,ds10,02_extracted/uang/2000/ds10_img003547_ann003544.png,ds10_img003547,2022,front,normal,not_applicable,high,horizontal,low,189.35523986816406,1.9516129032258065,0.2461131057361216,True
ds9_img037301_ann037428,2000,ds9,02_extracted/uang/2000/ds9_img037301_ann037428.png,ds9_img037301,unknown,unknown,lusuh,not_applicable,low,horizontal,medium,117.3270034790039,2.14808362369338,0.431971435546875,True
ds8_img028517_ann029615,2000,ds8,02_extracted/uang/2000/ds8_img028517_ann029615.png,ds8_img028517,2022,front,normal,not_applicable,high,horizontal,high,160.59979248046875,1.4311270125223614,0.69875,True
ds1_img000527_ann000527,2000,ds1,02_extracted/uang/2000/ds1_img000527_ann000527.png,ds1_img000527,2022,front,normal,not_applicable,high,horizontal,high,159.6743927001953,1.921455938697318,0.887664794921875,True
ds5_img018622_ann019711,2000,ds5,02_extracted/uang/2000/ds5_img018622_ann019711.png,ds5_img018622,2022,back,normal,not_applicable,high,vertical,low,169.5213165283203,0.7114159984767385,0.248347464921875,True
ds4_img011174_ann012463,2000,ds4,02_extracted/uang/2000/ds4_img011174_ann012463.png,ds4_img011174,2016,front,lusuh,not_applicable,low,horizontal,low,100.1054458618164,2.2596685082872927,0.3688466597576531,True
ds6_img025850_ann026948,2000,ds6,02_extracted/uang/2000/ds6_img025850_ann026948.png,ds6_img025850,2016,front,normal,not_applicable,medium,horizontal,low,153.4845428466797,2.770266608049431,0.24864108072916669,True
ds10_img002598_ann002598,2000,ds10,02_extracted/uang/2000/ds10_img002598_ann002598.png,ds10_img002598,2022,front,normal,not_applicable,medium,horizontal,low,147.0260467529297,3.364705882352941,0.19938048521877888,True
ds7_img026503_ann027601,2000,ds7,02_extracted/uang/2000/ds7_img026503_ann027601.png,ds7_img026503,unknown,unknown,lusuh,not_applicable,high,diagonal_or_square,high,171.5752716064453,0.976233110857887,0.8994035888671875,True
ds8_img028717_ann029815,2000,ds8,02_extracted/uang/2000/ds8_img028717_ann029815.png,ds8_img028717,2022,back,normal,not_applicable,high,vertical,high,157.6256561279297,0.7424999999999999,0.7425,True
ds9_img038527_ann038474,2000,ds9,02_extracted/uang/2000/ds9_img038527_ann038474.png,ds9_img038527,unknown,unknown,lusuh,not_applicable,low,vertical,high,119.93743896484375,0.617693522906793,0.60425537109375,True
ds5_img014870_ann015959,2000,ds5,02_extracted/uang/2000/ds5_img014870_ann015959.png,ds5_img014870,2022,front,normal,not_applicable,medium,vertical,low,134.9807891845703,0.6410146063777206,0.3447978434765625,True
ds1_img001012_ann001012,2000,ds1,02_extracted/uang/2000/ds1_img001012_ann001012.png,ds1_img001012,2016,front,terlipat,not_applicable,low,horizontal,low,104.72262573242188,4.1449044585987265,0.17450254492040718,True
ds6_img023117_ann024209,2000,ds6,02_extracted/uang/2000/ds6_img023117_ann024209.png,ds6_img023117,2022,back,normal,not_applicable,high,horizontal,medium,153.89950561523438,1.9606457882653274,0.5806571771774293,True
ds4_img010028_ann011437,2000,ds4,02_extracted/uang/2000/ds4_img010028_ann011437.png,ds4_img010028,2022,front,lusuh,not_applicable,high,horizontal,medium,155.4180908203125,1.5941612206878197,0.5813348264508928,True
ds7_img027236_ann028334,2000,ds7,02_extracted/uang/2000/ds7_img027236_ann028334.png,ds7_img027236,unknown,unknown,lusuh,not_applicable,low,diagonal_or_square,high,41.037723541259766,0.9139275145575461,0.881490521484375,True
ds10_img003158_ann003157,2000,ds10,02_extracted/uang/2000/ds10_img003158_ann003157.png,ds10_img003158,2022,unknown,terlipat,not_applicable,medium,vertical,low,131.1543731689453,0.6061946902654868,0.253937416015789,True
ds4_img012163_ann013408,5000,ds4,02_extracted/uang/5000/ds4_img012163_ann013408.png,ds4_img012163,2016,back,lusuh,not_applicable,low,vertical,medium,99.57723999023438,0.5595798801197822,0.46428420908402424,True
ds8_img029552_ann030650,5000,ds8,02_extracted/uang/5000/ds8_img029552_ann030650.png,ds8_img029552,2022,front,terlipat,not_applicable,medium,diagonal_or_square,high,143.9319305419922,1.0,1.0,True
ds10_img002354_ann002354,5000,ds10,02_extracted/uang/5000/ds10_img002354_ann002354.png,ds10_img002354,2022,front,normal,not_applicable,high,horizontal,low,160.10964965820312,1.7987012987012987,0.3498631319811875,True
ds5_img022431_ann023520,5000,ds5,02_extracted/uang/5000/ds5_img022431_ann023520.png,ds5_img022431,2022,front,lusuh,not_applicable,medium,diagonal_or_square,low,142.86463928222656,0.8910121609459177,0.11955931111328125,True
ds7_img026817_ann027915,5000,ds7,02_extracted/uang/5000/ds7_img026817_ann027915.png,ds7_img026817,unknown,unknown,lusuh,not_applicable,low,diagonal_or_square,high,104.02156066894531,1.0986352805256696,0.82309583984375,True
ds9_img034410_ann034941,5000,ds9,02_extracted/uang/5000/ds9_img034410_ann034941.png,ds9_img034410,unknown,unknown,lusuh,not_applicable,low,horizontal,low,129.8485870361328,2.2323420074349443,0.394371337890625,True
ds1_img000217_ann000217,5000,ds1,02_extracted/uang/5000/ds1_img000217_ann000217.png,ds1_img000217,2022,back,normal,not_applicable,medium,horizontal,high,153.94644165039062,1.9737098344693282,0.8823517693413628,True
ds6_img022870_ann023962,5000,ds6,02_extracted/uang/5000/ds6_img022870_ann023962.png,ds6_img022870,2022,front,normal,not_applicable,high,horizontal,medium,156.13731384277344,1.9049493259864212,0.57643265625,True
ds8_img028122_ann029220,5000,ds8,02_extracted/uang/5000/ds8_img028122_ann029220.png,ds8_img028122,2022,front,normal,not_applicable,high,diagonal_or_square,medium,168.7233428955078,0.9987616171003718,0.45169618359375,True
ds10_img003621_ann003617,5000,ds10,02_extracted/uang/5000/ds10_img003621_ann003617.png,ds10_img003621,2022,front,lusuh,not_applicable,medium,vertical,low,154.04562377929688,0.5681818181818182,0.14434786260183086,True
ds9_img037997_ann038021,5000,ds9,02_extracted/uang/5000/ds9_img037997_ann038021.png,ds9_img037997,unknown,unknown,lusuh,not_applicable,high,horizontal,low,186.88067626953125,2.165745856353591,0.3897509765625,True
ds4_img007328_ann008806,5000,ds4,02_extracted/uang/5000/ds4_img007328_ann008806.png,ds4_img007328,2022,back,lusuh,not_applicable,high,horizontal,high,166.0280303955078,1.3466636710851492,0.7279168025749362,True
ds7_img026781_ann027879,5000,ds7,02_extracted/uang/5000/ds7_img026781_ann027879.png,ds7_img026781,unknown,unknown,lusuh,not_applicable,low,diagonal_or_square,high,106.4045181274414,1.0493021632937893,0.84169158203125,True
ds5_img021649_ann022738,5000,ds5,02_extracted/uang/5000/ds5_img021649_ann022738.png,ds5_img021649,2022,back,lusuh,not_applicable,low,vertical,low,117.76984405517578,0.48086551856413157,0.18433077738281248,True
ds1_img000940_ann000940,5000,ds1,02_extracted/uang/5000/ds1_img000940_ann000940.png,ds1_img000940,2016,front,terlipat,not_applicable,low,horizontal,medium,135.4761962890625,3.8160919540229883,0.44073486328125,True
ds6_img024572_ann025664,5000,ds6,02_extracted/uang/5000/ds6_img024572_ann025664.png,ds6_img024572,2022,back,normal,not_applicable,high,diagonal_or_square,high,187.40538024902344,1.0952369719894588,0.6407616263479168,True
ds8_img029340_ann030438,5000,ds8,02_extracted/uang/5000/ds8_img029340_ann030438.png,ds8_img029340,2022,back,normal,not_applicable,medium,horizontal,medium,145.62017822265625,1.3732801730914999,0.6088208779296875,True
ds5_img022615_ann023704,5000,ds5,02_extracted/uang/5000/ds5_img022615_ann023704.png,ds5_img022615,2022,front,normal,not_applicable,medium,vertical,low,141.02796936035156,0.6812882881117115,0.35070550045898435,True
ds4_img006704_ann008186,5000,ds4,02_extracted/uang/5000/ds4_img006704_ann008186.png,ds4_img006704,2016,back,lusuh,not_applicable,low,horizontal,medium,94.00252532958984,1.9438622290336012,0.49365839857700894,True
ds9_img035464_ann035839,5000,ds9,02_extracted/uang/5000/ds9_img035464_ann035839.png,ds9_img035464,unknown,unknown,lusuh,not_applicable,low,horizontal,medium,130.986083984375,2.0369127516778525,0.4416162109375,True
ds7_img026209_ann027307,5000,ds7,02_extracted/uang/5000/ds7_img026209_ann027307.png,ds7_img026209,unknown,unknown,lusuh,not_applicable,medium,diagonal_or_square,high,140.98709106445312,0.9287373882045895,0.89531876953125,True
ds6_img023853_ann024945,5000,ds6,02_extracted/uang/5000/ds6_img023853_ann024945.png,ds6_img023853,2022,back,normal,not_applicable,medium,horizontal,medium,143.6658935546875,1.817547613739262,0.6101994098348957,True
ds10_img002935_ann002934,5000,ds10,02_extracted/uang/5000/ds10_img002935_ann002934.png,ds10_img002935,2022,back,lusuh,not_applicable,high,horizontal,low,176.41738891601562,3.3734939759036147,0.19060479129923574,True
ds1_img001528_ann001528,5000,ds1,02_extracted/uang/5000/ds1_img001528_ann001528.png,ds1_img001528,2022,front,normal,not_applicable,high,horizontal,medium,155.98580932617188,2.013440860215054,0.4723917643229167,True
ds8_img027970_ann029068,5000,ds8,02_extracted/uang/5000/ds8_img027970_ann029068.png,ds8_img027970,2022,back,normal,not_applicable,medium,vertical,medium,146.32052612304688,0.6436029654036244,0.5789425512695312,True
ds7_img026489_ann027587,5000,ds7,02_extracted/uang/5000/ds7_img026489_ann027587.png,ds7_img026489,unknown,unknown,lusuh,not_applicable,high,diagonal_or_square,high,176.71273803710938,0.876624821229938,0.8475577099609375,True
ds4_img009013_ann010435,5000,ds4,02_extracted/uang/5000/ds4_img009013_ann010435.png,ds4_img009013,2022,front,lusuh,not_applicable,high,horizontal,low,180.1174774169922,1.933649289099526,0.42893016581632654,True
ds9_img030803_ann031863,5000,ds9,02_extracted/uang/5000/ds9_img030803_ann031863.png,ds9_img030803,unknown,unknown,lusuh,not_applicable,low,vertical,high,135.09873962402344,0.64375,0.64375,True
ds5_img022539_ann023628,5000,ds5,02_extracted/uang/5000/ds5_img022539_ann023628.png,ds5_img022539,2022,front,normal,not_applicable,low,diagonal_or_square,low,116.4489974975586,0.9365377393916635,0.12272871098144533,True
ds6_img024070_ann025162,5000,ds6,02_extracted/uang/5000/ds6_img024070_ann025162.png,ds6_img024070,2022,front,terlipat,not_applicable,medium,vertical,high,144.9357452392578,0.714029743547742,0.9369092730494792,True
ds1_img001487_ann001487,5000,ds1,02_extracted/uang/5000/ds1_img001487_ann001487.png,ds1_img001487,2016,front,terlipat,not_applicable,low,horizontal,medium,137.95989990234375,3.8173076923076925,0.4407494705199153,True
ds10_img003087_ann003086,5000,ds10,02_extracted/uang/5000/ds10_img003087_ann003086.png,ds10_img003087,2022,back,terlipat,not_applicable,high,diagonal_or_square,low,183.82357788085938,1.192090395480226,0.3063045241244646,True
ds8_img029318_ann030416,5000,ds8,02_extracted/uang/5000/ds8_img029318_ann030416.png,ds8_img029318,2022,front,normal,not_applicable,high,vertical,high,164.9495849609375,0.7544764891966499,0.6533275491894532,True
ds5_img021749_ann022838,5000,ds5,02_extracted/uang/5000/ds5_img021749_ann022838.png,ds5_img021749,2022,back,lusuh,not_applicable,low,vertical,low,84.5270004272461,0.3469788046773152,0.21580828830078125,True
ds6_img023296_ann024388,5000,ds6,02_extracted/uang/5000/ds6_img023296_ann024388.png,ds6_img023296,2022,front,normal,not_applicable,medium,diagonal_or_square,high,151.28811645507812,1.1353207754240895,0.66060625,True
ds7_img027628_ann028726,5000,ds7,02_extracted/uang/5000/ds7_img027628_ann028726.png,ds7_img027628,unknown,unknown,lusuh,not_applicable,high,diagonal_or_square,high,158.67941284179688,1.0689655172413792,0.8779296875,True
ds4_img008397_ann009844,5000,ds4,02_extracted/uang/5000/ds4_img008397_ann009844.png,ds4_img008397,2022,back,lusuh,not_applicable,high,vertical,medium,191.46922302246094,0.5661076070336392,0.4941495535714286,True
ds1_img000410_ann000410,5000,ds1,02_extracted/uang/5000/ds1_img000410_ann000410.png,ds1_img000410,2022,back,normal,not_applicable,medium,horizontal,high,143.68951416015625,2.014418125643666,0.8050181070963541,True
ds9_img032018_ann032902,5000,ds9,02_extracted/uang/5000/ds9_img032018_ann032902.png,ds9_img032018,unknown,unknown,lusuh,not_applicable,low,vertical,low,120.30525970458984,0.4809917355371901,0.42982177734375,True
ds10_img003365_ann003364,5000,ds10,02_extracted/uang/5000/ds10_img003365_ann003364.png,ds10_img003365,2022,unknown,terlipat,not_applicable,medium,diagonal_or_square,low,152.60829162597656,0.9103448275862069,0.15697830057949105,True
ds8_img029507_ann030605,5000,ds8,02_extracted/uang/5000/ds8_img029507_ann030605.png,ds8_img029507,2022,back,normal,not_applicable,high,diagonal_or_square,medium,157.73350524902344,0.8922173765166869,0.5378107691333008,True
ds7_img026126_ann027224,5000,ds7,02_extracted/uang/5000/ds7_img026126_ann027224.png,ds7_img026126,unknown,unknown,lusuh,not_applicable,low,diagonal_or_square,high,131.97386169433594,0.9562651524818171,0.91769433203125,True
ds4_img005717_ann007199,5000,ds4,02_extracted/uang/5000/ds4_img005717_ann007199.png,ds4_img005717,2022,back,lusuh,not_applicable,high,horizontal,medium,165.6970977783203,1.7220028536350664,0.4987212219387755,True
ds1_img000833_ann000833,5000,ds1,02_extracted/uang/5000/ds1_img000833_ann000833.png,ds1_img000833,2016,back,terlipat,not_applicable,medium,horizontal,low,144.0243682861328,3.9145631067961166,0.4400634765625,True
ds6_img024091_ann025183,5000,ds6,02_extracted/uang/5000/ds6_img024091_ann025183.png,ds6_img024091,2022,front,terlipat,not_applicable,medium,diagonal_or_square,high,140.50526428222656,0.939951216531862,0.7979137500000001,True
ds9_img035833_ann036159,5000,ds9,02_extracted/uang/5000/ds9_img035833_ann036159.png,ds9_img035833,unknown,unknown,lusuh,not_applicable,high,horizontal,low,167.4476318359375,2.1604938271604937,0.4239349365234375,True
ds5_img021588_ann022677,5000,ds5,02_extracted/uang/5000/ds5_img021588_ann022677.png,ds5_img021588,2022,front,normal,not_applicable,low,diagonal_or_square,medium,117.96510314941406,0.832233206082147,0.46536744402099606,True
ds10_img002323_ann002323,5000,ds10,02_extracted/uang/5000/ds10_img002323_ann002323.png,ds10_img002323,2022,unknown,terlipat,not_applicable,medium,diagonal_or_square,low,141.51333618164062,0.9772727272727273,0.24827832367514907,True
ds7_img027500_ann028598,5000,ds7,02_extracted/uang/5000/ds7_img027500_ann028598.png,ds7_img027500,unknown,unknown,lusuh,not_applicable,high,diagonal_or_square,high,202.093505859375,0.9739882462935755,0.85307930859375,True
ds8_img030175_ann031273,5000,ds8,02_extracted/uang/5000/ds8_img030175_ann031273.png,ds8_img030175,2022,back,normal,not_applicable,medium,horizontal,medium,142.4461669921875,1.4594135881383214,0.6008942507592773,True
ds1_img000108_ann000108,10000,ds1,02_extracted/uang/10000/ds1_img000108_ann000108.png,ds1_img000108,2016,back,terlipat,not_applicable,high,horizontal,medium,159.17739868164062,3.9073359073359075,0.4443834092881944,True
ds5_img018295_ann019384,10000,ds5,02_extracted/uang/10000/ds5_img018295_ann019384.png,ds5_img018295,2022,front,normal,not_applicable,medium,vertical,high,132.4468231201172,0.7708609375,0.7708609375000001,True
ds7_img026486_ann027584,10000,ds7,02_extracted/uang/10000/ds7_img026486_ann027584.png,ds7_img026486,unknown,unknown,lusuh,not_applicable,low,diagonal_or_square,high,92.78085327148438,1.0596363636363637,0.782568359375,True
ds10_img003554_ann003551,10000,ds10,02_extracted/uang/10000/ds10_img003554_ann003551.png,ds10_img003554,2022,front,terlipat,not_applicable,high,horizontal,low,171.95062255859375,1.3742331288343559,0.29945620223398,True
ds8_img030403_ann031501,10000,ds8,02_extracted/uang/10000/ds8_img030403_ann031501.png,ds8_img030403,2016,front,terlipat,not_applicable,medium,diagonal_or_square,high,136.6800079345703,1.0,1.0,True
ds6_img022891_ann023983,10000,ds6,02_extracted/uang/10000/ds6_img022891_ann023983.png,ds6_img022891,2022,front,terlipat,not_applicable,medium,vertical,high,124.44612884521484,0.71171875,0.9489583333333333,True
ds4_img008987_ann010409,10000,ds4,02_extracted/uang/10000/ds4_img008987_ann010409.png,ds4_img008987,2022,front,lusuh,not_applicable,medium,horizontal,medium,147.09034729003906,1.9170506912442395,0.4497767857142857,True
ds9_img033104_ann033838,10000,ds9,02_extracted/uang/10000/ds9_img033104_ann033838.png,ds9_img033104,unknown,unknown,lusuh,not_applicable,low,horizontal,medium,95.362548828125,2.1544117647058822,0.389140625,True
ds5_img016662_ann017751,10000,ds5,02_extracted/uang/10000/ds5_img016662_ann017751.png,ds5_img016662,2022,back,normal,not_applicable,medium,diagonal_or_square,low,144.7285919189453,0.809922015508447,0.14557878587890627,True
ds8_img028174_ann029272,10000,ds8,02_extracted/uang/10000/ds8_img028174_ann029272.png,ds8_img028174,2022,front,terlipat,not_applicable,high,diagonal_or_square,low,154.54493713378906,1.219342616580311,0.28387058203125,True
ds6_img025473_ann026568,10000,ds6,02_extracted/uang/10000/ds6_img025473_ann026568.png,ds6_img025473,2022,back,lusuh,not_applicable,high,vertical,high,159.64964294433594,0.5589464338342968,0.7105392017502172,True
ds4_img008191_ann009654,10000,ds4,02_extracted/uang/10000/ds4_img008191_ann009654.png,ds4_img008191,2016,back,normal,not_applicable,high,diagonal_or_square,high,186.10150146484375,1.0,1.0,True
ds7_img026534_ann027632,10000,ds7,02_extracted/uang/10000/ds7_img026534_ann027632.png,ds7_img026534,unknown,unknown,lusuh,not_applicable,low,diagonal_or_square,high,115.32401275634766,0.9933819084285215,0.9582468837890624,True
ds10_img003223_ann003222,10000,ds10,02_extracted/uang/10000/ds10_img003223_ann003222.png,ds10_img003223,2022,back,normal,not_applicable,low,diagonal_or_square,low,43.05982208251953,1.0285714285714285,0.16534391534391535,True
ds9_img038253_ann038236,10000,ds9,02_extracted/uang/10000/ds9_img038253_ann038236.png,ds9_img038253,unknown,unknown,lusuh,not_applicable,medium,horizontal,medium,125.23448944091797,1.7705382436260624,0.53863525390625,True
ds1_img001187_ann001187,10000,ds1,02_extracted/uang/10000/ds1_img001187_ann001187.png,ds1_img001187,2022,back,normal,not_applicable,high,horizontal,high,157.75790405273438,2.070778564206269,0.8585069444444444,True
ds8_img028916_ann030014,10000,ds8,02_extracted/uang/10000/ds8_img028916_ann030014.png,ds8_img028916,2022,front,normal,not_applicable,medium,vertical,medium,136.54998779296875,0.5300942981006567,0.49790964257812503,True
ds6_img024746_ann025838,10000,ds6,02_extracted/uang/10000/ds6_img024746_ann025838.png,ds6_img024746,2022,back,normal,not_applicable,low,diagonal_or_square,medium,72.54114532470703,0.858311586652803,0.3898579221760417,True
ds5_img020552_ann021641,10000,ds5,02_extracted/uang/10000/ds5_img020552_ann021641.png,ds5_img020552,2022,back,normal,not_applicable,medium,diagonal_or_square,medium,123.92814636230469,1.2020505101600187,0.4819932604614257,True
ds4_img008983_ann010405,10000,ds4,02_extracted/uang/10000/ds4_img008983_ann010405.png,ds4_img008983,2016,front,lusuh,not_applicable,low,horizontal,medium,116.44905090332031,2.1262626262626263,0.41532804528061223,True
ds7_img026086_ann027184,10000,ds7,02_extracted/uang/10000/ds7_img026086_ann027184.png,ds7_img026086,unknown,unknown,lusuh,not_applicable,low,diagonal_or_square,high,110.51806640625,1.1355198267912274,0.6897988876953125,True
ds10_img003032_ann003031,10000,ds10,02_extracted/uang/10000/ds10_img003032_ann003031.png,ds10_img003032,2022,front,terlipat,not_applicable,low,diagonal_or_square,low,43.327903747558594,0.9655172413793104,0.16649213697824808,True
ds9_img038883_ann038798,10000,ds9,02_extracted/uang/10000/ds9_img038883_ann038798.png,ds9_img038883,unknown,unknown,lusuh,not_applicable,low,horizontal,medium,98.6266098022461,2.097560975609756,0.4218115234375,True
ds1_img000235_ann000235,10000,ds1,02_extracted/uang/10000/ds1_img000235_ann000235.png,ds1_img000235,2016,back,terlipat,not_applicable,low,horizontal,low,104.7574691772461,3.847560975609756,0.1754489474826389,True
ds6_img023281_ann024373,10000,ds6,02_extracted/uang/10000/ds6_img023281_ann024373.png,ds6_img023281,2022,back,lusuh,not_applicable,high,vertical,high,164.2968292236328,0.5155075056737047,0.6455152187977429,True
ds4_img007447_ann008919,10000,ds4,02_extracted/uang/10000/ds4_img007447_ann008919.png,ds4_img007447,2016,front,lusuh,not_applicable,medium,horizontal,medium,141.39308166503906,1.9290223262677513,0.4633355064174107,True
ds10_img002953_ann002952,10000,ds10,02_extracted/uang/10000/ds10_img002953_ann002952.png,ds10_img002953,2022,back,normal,not_applicable,medium,horizontal,low,152.13917541503906,1.9298245614035088,0.20569570420760896,True
ds7_img027057_ann028155,10000,ds7,02_extracted/uang/10000/ds7_img027057_ann028155.png,ds7_img027057,unknown,unknown,lusuh,not_applicable,low,diagonal_or_square,high,97.61225128173828,1.0337831182901605,0.93661425,True
ds8_img028121_ann029219,10000,ds8,02_extracted/uang/10000/ds8_img028121_ann029219.png,ds8_img028121,2022,front,normal,not_applicable,high,horizontal,low,157.8589324951172,2.6586523046092188,0.25859651660156246,True
ds5_img021024_ann022113,10000,ds5,02_extracted/uang/10000/ds5_img021024_ann022113.png,ds5_img021024,2022,back,normal,not_applicable,low,diagonal_or_square,high,94.39837646484375,0.9137613039932644,0.8153183338476563,True
ds9_img034684_ann035167,10000,ds9,02_extracted/uang/10000/ds9_img034684_ann035167.png,ds9_img034684,unknown,unknown,lusuh,not_applicable,low,horizontal,medium,121.42041015625,1.9194847020933978,0.4518017578125,True
ds1_img000678_ann000678,10000,ds1,02_extracted/uang/10000/ds1_img000678_ann000678.png,ds1_img000678,2016,back,terlipat,not_applicable,medium,horizontal,low,140.8831787109375,3.484486873508353,0.3131552435868034,True
ds6_img024529_ann025621,10000,ds6,02_extracted/uang/10000/ds6_img024529_ann025621.png,ds6_img024529,2022,front,normal,not_applicable,low,horizontal,high,116.46517944335938,2.074766355140187,0.606221875,True
ds4_img006394_ann007876,10000,ds4,02_extracted/uang/10000/ds4_img006394_ann007876.png,ds4_img006394,2016,front,lusuh,not_applicable,low,vertical,high,102.08123779296875,0.6676839076351158,0.6665397971938775,True
ds10_img002974_ann002973,10000,ds10,02_extracted/uang/10000/ds10_img002974_ann002973.png,ds10_img002974,2022,back,normal,not_applicable,high,vertical,low,164.20245361328125,0.5236363636363637,0.3247826908541194,True
ds7_img026654_ann027752,10000,ds7,02_extracted/uang/10000/ds7_img026654_ann027752.png,ds7_img026654,unknown,unknown,lusuh,not_applicable,low,diagonal_or_square,high,121.4460678100586,0.95115266806384,0.89349853515625,True
ds5_img019145_ann020234,10000,ds5,02_extracted/uang/10000/ds5_img019145_ann020234.png,ds5_img019145,2022,back,lusuh,not_applicable,medium,diagonal_or_square,low,149.39715576171875,0.8784996144137414,0.09348249416748047,True
ds9_img035926_ann036238,10000,ds9,02_extracted/uang/10000/ds9_img035926_ann036238.png,ds9_img035926,unknown,unknown,lusuh,not_applicable,medium,horizontal,medium,125.44755554199219,1.8287461773700306,0.4774072265625,True
ds8_img029304_ann030402,10000,ds8,02_extracted/uang/10000/ds8_img029304_ann030402.png,ds8_img029304,2022,back,lusuh,not_applicable,low,horizontal,medium,77.87835693359375,1.433438477580813,0.5149633330078125,True
ds1_img000431_ann000431,10000,ds1,02_extracted/uang/10000/ds1_img000431_ann000431.png,ds1_img000431,2022,back,normal,not_applicable,high,horizontal,high,160.1599578857422,2.018200202224469,0.8814616755793226,True
ds6_img024040_ann025132,10000,ds6,02_extracted/uang/10000/ds6_img024040_ann025132.png,ds6_img024040,2022,back,lusuh,not_applicable,high,diagonal_or_square,medium,169.34022521972656,0.9414831291300007,0.41813402611458333,True
ds10_img003310_ann003309,10000,ds10,02_extracted/uang/10000/ds10_img003310_ann003309.png,ds10_img003310,2022,back,normal,not_applicable,medium,horizontal,low,150.138671875,1.900709219858156,0.30992142227261277,True
ds4_img010530_ann011886,10000,ds4,02_extracted/uang/10000/ds4_img010530_ann011886.png,ds4_img010530,2022,front,normal,not_applicable,high,vertical,medium,163.47531127929688,0.5589246290137775,0.5134677933673469,True
ds7_img027442_ann028540,10000,ds7,02_extracted/uang/10000/ds7_img027442_ann028540.png,ds7_img027442,unknown,unknown,lusuh,not_applicable,high,diagonal_or_square,high,176.71397399902344,1.0246967654986523,0.881501796875,True
ds5_img016155_ann017244,10000,ds5,02_extracted/uang/10000/ds5_img016155_ann017244.png,ds5_img016155,2022,back,normal,not_applicable,medium,vertical,low,141.95387268066406,0.41039303871724675,0.107330075,True
ds9_img038517_ann038466,10000,ds9,02_extracted/uang/10000/ds9_img038517_ann038466.png,ds9_img038517,unknown,unknown,lusuh,not_applicable,low,horizontal,medium,112.85777282714844,1.8134796238244515,0.450540771484375,True
ds8_img028852_ann029950,10000,ds8,02_extracted/uang/10000/ds8_img028852_ann029950.png,ds8_img028852,2022,front,terlipat,not_applicable,low,diagonal_or_square,low,75.99542236328125,1.0866856568364611,0.236233576171875,True
ds1_img000169_ann000169,10000,ds1,02_extracted/uang/10000/ds1_img000169_ann000169.png,ds1_img000169,2022,back,normal,not_applicable,high,horizontal,high,155.7117919921875,1.8803245436105476,0.946257197696737,True
ds4_img012134_ann013379,10000,ds4,02_extracted/uang/10000/ds4_img012134_ann013379.png,ds4_img012134,2016,front,lusuh,not_applicable,medium,horizontal,high,126.12741088867188,1.6712619953481922,0.5615376674107143,True
ds6_img025511_ann026609,10000,ds6,02_extracted/uang/10000/ds6_img025511_ann026609.png,ds6_img025511,2022,back,normal,not_applicable,high,diagonal_or_square,medium,168.97523498535156,1.0219960899053253,0.4990392200744792,True
ds9_img033125_ann033857,20000,ds9,02_extracted/uang/20000/ds9_img033125_ann033857.png,ds9_img033125,2016,back,lusuh,not_applicable,medium,horizontal,medium,139.8782501220703,2.0882882882882883,0.3926055908203125,True
ds3_img004925_ann005262,20000,ds3,02_extracted/uang/20000/ds3_img004925_ann005262.png,ds3_img004925,2022,front,normal,not_applicable,high,diagonal_or_square,low,151.64996337890625,0.8654781199351702,0.35750651041666665,True
ds4_img008124_ann009587,20000,ds4,02_extracted/uang/20000/ds4_img008124_ann009587.png,ds4_img008124,2022,back,lusuh,not_applicable,low,vertical,high,88.87810516357422,0.6461310658919076,0.6395998086734694,True
ds10_img002266_ann002266,20000,ds10,02_extracted/uang/20000/ds10_img002266_ann002266.png,ds10_img002266,2022,back,terlipat,not_applicable,low,diagonal_or_square,medium,123.8185806274414,1.0758532791033306,0.39247240804818656,True
ds7_img027680_ann028778,20000,ds7,02_extracted/uang/20000/ds7_img027680_ann028778.png,ds7_img027680,unknown,unknown,lusuh,not_applicable,medium,diagonal_or_square,high,136.4843292236328,1.0,0.765625,True
ds8_img030459_ann031557,20000,ds8,02_extracted/uang/20000/ds8_img030459_ann031557.png,ds8_img030459,2022,back,normal,not_applicable,low,vertical,medium,124.7583999633789,0.43572643767030345,0.4342747734375,True
ds6_img024263_ann025355,20000,ds6,02_extracted/uang/20000/ds6_img024263_ann025355.png,ds6_img024263,2022,front,normal,not_applicable,medium,horizontal,medium,139.4786834716797,2.1339301000317947,0.4756521,True
ds5_img017337_ann018426,20000,ds5,02_extracted/uang/20000/ds5_img017337_ann018426.png,ds5_img017337,2022,front,lusuh,not_applicable,low,vertical,medium,125.00934600830078,0.6274709064696877,0.4438378288085938,True
ds1_img001065_ann001065,20000,ds1,02_extracted/uang/20000/ds1_img001065_ann001065.png,ds1_img001065,2016,front,terlipat,not_applicable,low,horizontal,low,82.17694854736328,4.340175953079179,0.21391126844618055,True
ds10_img002866_ann002865,20000,ds10,02_extracted/uang/20000/ds10_img002866_ann002865.png,ds10_img002866,2022,back,normal,not_applicable,high,vertical,medium,167.2690887451172,0.5220561343070516,0.480670799692426,True
ds9_img035743_ann036080,20000,ds9,02_extracted/uang/20000/ds9_img035743_ann036080.png,ds9_img035743,2016,back,lusuh,not_applicable,medium,horizontal,medium,138.44898986816406,2.1809872029250457,0.3982977294921875,True
ds7_img026161_ann027259,20000,ds7,02_extracted/uang/20000/ds7_img026161_ann027259.png,ds7_img026161,unknown,unknown,lusuh,not_applicable,medium,diagonal_or_square,high,138.93556213378906,1.0104480679638257,0.8408949453125,True
ds6_img024896_ann025988,20000,ds6,02_extracted/uang/20000/ds6_img024896_ann025988.png,ds6_img024896,2022,front,terlipat,not_applicable,high,diagonal_or_square,medium,159.13116455078125,1.088804542596932,0.45156686984062494,True
ds4_img008639_ann010079,20000,ds4,02_extracted/uang/20000/ds4_img008639_ann010079.png,ds4_img008639,2016,back,lusuh,not_applicable,high,horizontal,medium,159.2112579345703,1.6033678323378773,0.5533956074617348,True
ds3_img005226_ann006040,20000,ds3,02_extracted/uang/20000/ds3_img005226_ann006040.png,ds3_img005226,2022,front,normal,not_applicable,medium,horizontal,low,134.0882110595703,2.126865671641791,0.16575520833333332,True
ds8_img029638_ann030736,20000,ds8,02_extracted/uang/20000/ds8_img029638_ann030736.png,ds8_img029638,2022,back,normal,not_applicable,high,vertical,medium,198.1524658203125,0.5600098197401683,0.43202995214843753,True
ds5_img017669_ann018758,20000,ds5,02_extracted/uang/20000/ds5_img017669_ann018758.png,ds5_img017669,2022,front,normal,not_applicable,medium,vertical,low,135.79505920410156,0.5668467923567284,0.1966500127001953,True
ds1_img001769_ann001769,20000,ds1,02_extracted/uang/20000/ds1_img001769_ann001769.png,ds1_img001769,2016,front,normal,not_applicable,medium,horizontal,low,140.55967712402344,2.176678445229682,0.2955593532986111,True
ds9_img036113_ann036399,20000,ds9,02_extracted/uang/20000/ds9_img036113_ann036399.png,ds9_img036113,2022,front,lusuh,not_applicable,medium,horizontal,medium,130.3933563232422,2.124777183600713,0.4081494140625,True
ds10_img002360_ann002360,20000,ds10,02_extracted/uang/20000/ds10_img002360_ann002360.png,ds10_img002360,2022,back,normal,not_applicable,high,horizontal,low,161.552978515625,2.0430039725077243,0.33336825259515573,True
ds4_img007479_ann008951,20000,ds4,02_extracted/uang/20000/ds4_img007479_ann008951.png,ds4_img007479,2022,back,lusuh,not_applicable,medium,horizontal,high,143.0674591064453,1.430676356514232,0.6869215571986607,True
ds7_img027399_ann028497,20000,ds7,02_extracted/uang/20000/ds7_img027399_ann028497.png,ds7_img027399,unknown,unknown,lusuh,not_applicable,low,diagonal_or_square,high,38.83608627319336,1.0115865550074568,0.675584525390625,True
ds3_img005554_ann006908,20000,ds3,02_extracted/uang/20000/ds3_img005554_ann006908.png,ds3_img005554,2022,front,normal,not_applicable,medium,horizontal,low,134.14295959472656,2.4081632653061225,0.15684678819444445,True
ds8_img029655_ann030753,20000,ds8,02_extracted/uang/20000/ds8_img029655_ann030753.png,ds8_img029655,2022,front,terlipat,not_applicable,medium,vertical,medium,129.58395385742188,0.7847222222222223,0.51485625,True
ds6_img023743_ann024835,20000,ds6,02_extracted/uang/20000/ds6_img023743_ann024835.png,ds6_img023743,2022,front,normal,not_applicable,medium,vertical,high,133.09739685058594,0.7122423216872485,0.8148891911015624,True
ds5_img019911_ann021000,20000,ds5,02_extracted/uang/20000/ds5_img019911_ann021000.png,ds5_img019911,2022,back,normal,not_applicable,medium,diagonal_or_square,high,135.29298400878906,1.1593550604166474,0.8203097653442384,True
ds1_img000315_ann000315,20000,ds1,02_extracted/uang/20000/ds1_img000315_ann000315.png,ds1_img000315,2022,front,terlipat,not_applicable,low,horizontal,low,113.94092559814453,4.106635071090047,0.36078091268948587,True
ds9_img037813_ann037866,20000,ds9,02_extracted/uang/20000/ds9_img037813_ann037866.png,ds9_img037813,2016,back,lusuh,not_applicable,medium,horizontal,medium,140.78273010253906,2.021015761821366,0.402181396484375,True
ds4_img006161_ann007643,20000,ds4,02_extracted/uang/20000/ds4_img006161_ann007643.png,ds4_img006161,2022,front,normal,not_applicable,high,vertical,high,177.33682250976562,0.6800182648401827,0.6499991230867347,True
ds7_img026101_ann027199,20000,ds7,02_extracted/uang/20000/ds7_img026101_ann027199.png,ds7_img026101,unknown,unknown,lusuh,not_applicable,low,diagonal_or_square,high,54.54633712768555,1.0969810124352697,0.86325310546875,True
ds3_img005006_ann005476,20000,ds3,02_extracted/uang/20000/ds3_img005006_ann005476.png,ds3_img005006,2022,front,normal,not_applicable,medium,horizontal,low,133.65585327148438,2.1466165413533833,0.1648068576388889,True
ds10_img002432_ann002432,20000,ds10,02_extracted/uang/20000/ds10_img002432_ann002432.png,ds10_img002432,2022,back,normal,not_applicable,low,horizontal,medium,106.73290252685547,2.0855967716902066,0.3994362745098039,True
ds8_img027925_ann029023,20000,ds8,02_extracted/uang/20000/ds8_img027925_ann029023.png,ds8_img027925,2022,front,normal,not_applicable,high,horizontal,high,156.59967041015625,1.4242315982803722,0.6048286083984376,True
ds6_img025294_ann026389,20000,ds6,02_extracted/uang/20000/ds6_img025294_ann026389.png,ds6_img025294,2022,back,terlipat,not_applicable,high,diagonal_or_square,medium,162.80381774902344,1.0071240871129956,0.38319096420312504,True
ds5_img019022_ann020111,20000,ds5,02_extracted/uang/20000/ds5_img019022_ann020111.png,ds5_img019022,2022,back,normal,not_applicable,medium,diagonal_or_square,high,130.50250244140625,1.031336821046502,0.7135541462768556,True
ds1_img000530_ann000530,20000,ds1,02_extracted/uang/20000/ds1_img000530_ann000530.png,ds1_img000530,2022,front,normal,not_applicable,high,horizontal,medium,151.7744598388672,2.1344086021505375,0.5007731119791666,True
ds9_img030802_ann031862,20000,ds9,02_extracted/uang/20000/ds9_img030802_ann031862.png,ds9_img030802,2016,front,lusuh,not_applicable,high,horizontal,medium,146.00830078125,2.0580204778157,0.43134521484375,True
ds10_img003398_ann003397,20000,ds10,02_extracted/uang/20000/ds10_img003398_ann003397.png,ds10_img003398,2022,front,terlipat,not_applicable,low,horizontal,medium,124.48770141601562,1.2630173317136049,0.47056899269511726,True
ds3_img005593_ann007006,20000,ds3,02_extracted/uang/20000/ds3_img005593_ann007006.png,ds3_img005593,2022,front,normal,not_applicable,medium,horizontal,low,140.21238708496094,2.7787610619469025,0.15400173611111112,True
ds8_img029218_ann030316,20000,ds8,02_extracted/uang/20000/ds8_img029218_ann030316.png,ds8_img029218,2022,front,normal,not_applicable,medium,diagonal_or_square,medium,141.0868377685547,1.009392008898971,0.4177642451171875,True
ds7_img027409_ann028507,20000,ds7,02_extracted/uang/20000/ds7_img027409_ann028507.png,ds7_img027409,unknown,unknown,lusuh,not_applicable,high,diagonal_or_square,high,176.707763671875,0.940495814344355,0.879163107421875,True
ds6_img022848_ann023940,20000,ds6,02_extracted/uang/20000/ds6_img022848_ann023940.png,ds6_img022848,2022,back,terlipat,not_applicable,high,vertical,high,146.93032836914062,0.75,1.0,True
ds4_img012619_ann013847,20000,ds4,02_extracted/uang/20000/ds4_img012619_ann013847.png,ds4_img012619,2022,front,normal,not_applicable,low,vertical,high,105.22696685791016,0.6309182927567407,0.5800437008131378,True
ds5_img020620_ann021709,20000,ds5,02_extracted/uang/20000/ds5_img020620_ann021709.png,ds5_img020620,2022,front,normal,not_applicable,medium,horizontal,high,130.24566650390625,1.3649830952427187,0.7158589307592773,True
ds1_img000405_ann000405,20000,ds1,02_extracted/uang/20000/ds1_img000405_ann000405.png,ds1_img000405,2016,front,terlipat,not_applicable,low,horizontal,low,93.54376220703125,4.003048780487805,0.22292620406777275,True
ds9_img032426_ann033249,20000,ds9,02_extracted/uang/20000/ds9_img032426_ann033249.png,ds9_img032426,2016,back,lusuh,not_applicable,high,horizontal,medium,164.4262237548828,2.1506352087114338,0.3985198974609375,True
ds7_img026370_ann027468,20000,ds7,02_extracted/uang/20000/ds7_img026370_ann027468.png,ds7_img026370,unknown,unknown,lusuh,not_applicable,high,diagonal_or_square,high,143.09906005859375,1.0764759865402265,0.9099536044921874,True
ds6_img023802_ann024894,20000,ds6,02_extracted/uang/20000/ds6_img023802_ann024894.png,ds6_img023802,2022,back,terlipat,not_applicable,low,diagonal_or_square,high,126.11387634277344,0.8019478272611421,0.5864292389375,True
ds4_img008449_ann009896,20000,ds4,02_extracted/uang/20000/ds4_img008449_ann009896.png,ds4_img008449,2022,back,lusuh,not_applicable,low,vertical,high,117.60296630859375,0.6506412562506746,0.6412411573660716,True
ds3_img005363_ann006404,20000,ds3,02_extracted/uang/20000/ds3_img005363_ann006404.png,ds3_img005363,2022,back,normal,not_applicable,low,horizontal,low,115.98445129394531,2.1358490566037736,0.16274956597222223,True
ds10_img002401_ann002401,50000,ds10,02_extracted/uang/50000/ds10_img002401_ann002401.png,ds10_img002401,2022,back,lusuh,not_applicable,high,horizontal,low,170.3455810546875,1.623931623931624,0.18232119236583522,True
ds5_img022096_ann023185,50000,ds5,02_extracted/uang/50000/ds5_img022096_ann023185.png,ds5_img022096,2022,front,normal,not_applicable,low,diagonal_or_square,high,123.89517211914062,0.9801929932760721,0.6768626902734376,True
ds1_img000249_ann000249,50000,ds1,02_extracted/uang/50000/ds1_img000249_ann000249.png,ds1_img000249,2016,back,terlipat,not_applicable,medium,horizontal,medium,142.42333984375,3.8095238095238093,0.46646341463414637,True
ds8_img030540_ann031638,50000,ds8,02_extracted/uang/50000/ds8_img030540_ann031638.png,ds8_img030540,2022,back,terlipat,not_applicable,low,vertical,medium,119.7291488647461,0.45921052631578946,0.4144375,True
ds4_img013088_ann014309,50000,ds4,02_extracted/uang/50000/ds4_img013088_ann014309.png,ds4_img013088,2016,back,lusuh,not_applicable,medium,horizontal,high,144.5289764404297,1.6261685003322748,0.5944280086096939,True
ds9_img037130_ann037280,50000,ds9,02_extracted/uang/50000/ds9_img037130_ann037280.png,ds9_img037130,unknown,unknown,lusuh,not_applicable,high,horizontal,medium,160.43460083007812,1.8774193548387097,0.440478515625,True
ds7_img027044_ann028142,50000,ds7,02_extracted/uang/50000/ds7_img027044_ann028142.png,ds7_img027044,unknown,unknown,lusuh,not_applicable,medium,diagonal_or_square,high,139.45059204101562,1.0170114635206042,0.889156279296875,True
ds6_img023655_ann024747,50000,ds6,02_extracted/uang/50000/ds6_img023655_ann024747.png,ds6_img023655,2016,back,normal,not_applicable,high,vertical,high,154.21583557128906,0.6281016525527973,0.6540793494981916,True
ds8_img027895_ann028993,50000,ds8,02_extracted/uang/50000/ds8_img027895_ann028993.png,ds8_img027895,2022,front,terlipat,not_applicable,high,diagonal_or_square,high,186.39588928222656,0.96875,0.96875,True
ds1_img000375_ann000375,50000,ds1,02_extracted/uang/50000/ds1_img000375_ann000375.png,ds1_img000375,2022,front,terlipat,not_applicable,medium,horizontal,medium,141.0032501220703,4.001964636542239,0.4394671122233073,True
ds9_img032925_ann033687,50000,ds9,02_extracted/uang/50000/ds9_img032925_ann033687.png,ds9_img032925,unknown,unknown,lusuh,not_applicable,high,vertical,medium,154.2646484375,0.5335753176043557,0.3954931640625,True
ds10_img003282_ann003281,50000,ds10,02_extracted/uang/50000/ds10_img003282_ann003281.png,ds10_img003282,2022,back,terlipat,not_applicable,high,vertical,low,169.46929931640625,0.4418604651162791,0.32833397633744854,True
ds7_img027554_ann028652,50000,ds7,02_extracted/uang/50000/ds7_img027554_ann028652.png,ds7_img027554,unknown,unknown,lusuh,not_applicable,low,diagonal_or_square,high,115.71551513671875,0.9397152864809281,0.8886844892578124,True
ds6_img024630_ann025722,50000,ds6,02_extracted/uang/50000/ds6_img024630_ann025722.png,ds6_img024630,2022,back,normal,not_applicable,medium,vertical,medium,139.92001342773438,0.5025136444620011,0.40270882978645833,True
ds4_img008844_ann010266,50000,ds4,02_extracted/uang/50000/ds4_img008844_ann010266.png,ds4_img008844,2016,back,lusuh,not_applicable,low,horizontal,medium,125.09490203857422,2.2311827956989245,0.3845962213010204,True
ds5_img021821_ann022910,50000,ds5,02_extracted/uang/50000/ds5_img021821_ann022910.png,ds5_img021821,2022,front,normal,not_applicable,low,vertical,medium,85.76901245117188,0.551738502236166,0.5008129347607422,True
ds8_img028336_ann029434,50000,ds8,02_extracted/uang/50000/ds8_img028336_ann029434.png,ds8_img028336,2022,front,lusuh,not_applicable,medium,vertical,low,136.9396209716797,0.6846846846846847,0.32953125,True
ds9_img032528_ann033340,50000,ds9,02_extracted/uang/50000/ds9_img032528_ann033340.png,ds9_img032528,unknown,unknown,lusuh,not_applicable,low,horizontal,medium,105.19216918945312,2.106164383561644,0.438427734375,True
ds10_img002207_ann002207,50000,ds10,02_extracted/uang/50000/ds10_img002207_ann002207.png,ds10_img002207,2022,front,normal,not_applicable,medium,horizontal,low,136.94915771484375,1.8503130105630954,0.23197801862546719,True
ds1_img000475_ann000475,50000,ds1,02_extracted/uang/50000/ds1_img000475_ann000475.png,ds1_img000475,2022,front,normal,not_applicable,medium,horizontal,low,136.82916259765625,2.1901408450704225,0.2994927300347222,True
ds6_img025917_ann027015,50000,ds6,02_extracted/uang/50000/ds6_img025917_ann027015.png,ds6_img025917,2022,front,normal,not_applicable,high,horizontal,high,164.05943298339844,2.13950252217777,0.6224190781250001,True
ds4_img007383_ann008861,50000,ds4,02_extracted/uang/50000/ds4_img007383_ann008861.png,ds4_img007383,2022,back,lusuh,not_applicable,medium,vertical,medium,133.42153930664062,0.5457599753619875,0.49953065756536985,True
ds7_img026571_ann027669,50000,ds7,02_extracted/uang/50000/ds7_img026571_ann027669.png,ds7_img026571,unknown,unknown,lusuh,not_applicable,low,diagonal_or_square,high,121.2437515258789,1.067344827586207,0.8765986328125,True
ds5_img022062_ann023151,50000,ds5,02_extracted/uang/50000/ds5_img022062_ann023151.png,ds5_img022062,2022,front,normal,not_applicable,medium,horizontal,low,141.5646209716797,2.26079380756229,0.34242995334960935,True
ds8_img028684_ann029782,50000,ds8,02_extracted/uang/50000/ds8_img028684_ann029782.png,ds8_img028684,2022,back,normal,not_applicable,medium,horizontal,high,139.630615234375,1.5779352226720649,0.6016765625,True
ds9_img031229_ann032240,50000,ds9,02_extracted/uang/50000/ds9_img031229_ann032240.png,ds9_img031229,unknown,unknown,lusuh,not_applicable,high,horizontal,medium,159.2925567626953,1.9637305699481866,0.4018084716796875,True
ds1_img000478_ann000478,50000,ds1,02_extracted/uang/50000/ds1_img000478_ann000478.png,ds1_img000478,2016,back,terlipat,not_applicable,medium,horizontal,low,133.15415954589844,3.8764568764568765,0.3328644293648661,True
ds4_img008912_ann010334,50000,ds4,02_extracted/uang/50000/ds4_img008912_ann010334.png,ds4_img008912,2016,back,lusuh,not_applicable,low,horizontal,medium,114.53121948242188,1.9173318129988597,0.48152669387755104,True
ds10_img002963_ann002962,50000,ds10,02_extracted/uang/50000/ds10_img002963_ann002962.png,ds10_img002963,2022,back,lusuh,not_applicable,medium,diagonal_or_square,low,153.2579345703125,1.0533412057781586,0.13205982147778095,True
ds7_img027381_ann028479,50000,ds7,02_extracted/uang/50000/ds7_img027381_ann028479.png,ds7_img027381,unknown,unknown,lusuh,not_applicable,low,diagonal_or_square,high,73.13103485107422,1.0352737352737353,0.8420694140625,True
ds6_img024487_ann025579,50000,ds6,02_extracted/uang/50000/ds6_img024487_ann025579.png,ds6_img024487,2022,front,normal,not_applicable,high,horizontal,low,168.45022583007812,1.7542900254692573,0.32073480365625007,True
ds5_img022053_ann023142,50000,ds5,02_extracted/uang/50000/ds5_img022053_ann023142.png,ds5_img022053,2022,back,normal,not_applicable,medium,horizontal,medium,143.28231811523438,1.3685315021706972,0.36963294990234374,True
ds8_img028065_ann029163,50000,ds8,02_extracted/uang/50000/ds8_img028065_ann029163.png,ds8_img028065,2022,back,normal,not_applicable,high,vertical,low,162.42982482910156,0.6855515021459228,0.3634561083984375,True
ds1_img000076_ann000076,50000,ds1,02_extracted/uang/50000/ds1_img000076_ann000076.png,ds1_img000076,2022,back,normal,not_applicable,high,horizontal,low,155.78463745117188,2.2031802120141344,0.29915788438585067,True
ds4_img010131_ann011540,50000,ds4,02_extracted/uang/50000/ds4_img010131_ann011540.png,ds4_img010131,2016,back,lusuh,not_applicable,low,horizontal,medium,118.18968963623047,2.1083743842364533,0.43289620535714285,True
ds10_img002850_ann002849,50000,ds10,02_extracted/uang/50000/ds10_img002850_ann002849.png,ds10_img002850,2022,back,terlipat,not_applicable,low,horizontal,low,104.07669067382812,1.4264562341387232,0.20752637156714535,True
ds9_img031546_ann032504,50000,ds9,02_extracted/uang/50000/ds9_img031546_ann032504.png,ds9_img031546,unknown,unknown,lusuh,not_applicable,low,vertical,medium,129.92507934570312,0.5903010033444817,0.5153662109375,True
ds7_img027702_ann028800,50000,ds7,02_extracted/uang/50000/ds7_img027702_ann028800.png,ds7_img027702,unknown,unknown,lusuh,not_applicable,low,diagonal_or_square,high,125.41401672363281,1.0,0.849853515625,True
ds6_img026045_ann027143,50000,ds6,02_extracted/uang/50000/ds6_img026045_ann027143.png,ds6_img026045,2022,back,normal,not_applicable,high,horizontal,low,162.34915161132812,1.9795734991044314,0.26205244895833335,True
ds5_img021702_ann022791,50000,ds5,02_extracted/uang/50000/ds5_img021702_ann022791.png,ds5_img021702,2022,back,normal,not_applicable,low,diagonal_or_square,high,124.78980255126953,0.8351125424563997,0.6583144318359375,True
ds8_img029118_ann030216,50000,ds8,02_extracted/uang/50000/ds8_img029118_ann030216.png,ds8_img029118,2022,back,normal,not_applicable,high,diagonal_or_square,medium,167.92922973632812,0.8587189569536424,0.4894912734375,True
ds1_img000852_ann000852,50000,ds1,02_extracted/uang/50000/ds1_img000852_ann000852.png,ds1_img000852,2022,front,normal,not_applicable,medium,horizontal,high,151.06185913085938,2.1702127659574466,0.8127848307291666,True
ds9_img036535_ann036774,50000,ds9,02_extracted/uang/50000/ds9_img036535_ann036774.png,ds9_img036535,unknown,unknown,lusuh,not_applicable,high,horizontal,medium,153.5373077392578,1.9140350877192982,0.379559326171875,True
ds4_img012911_ann014132,50000,ds4,02_extracted/uang/50000/ds4_img012911_ann014132.png,ds4_img012911,2016,front,lusuh,not_applicable,high,horizontal,low,175.1711883544922,2.2329545454545454,0.34462691326530615,True
ds6_img025882_ann026980,50000,ds6,02_extracted/uang/50000/ds6_img025882_ann026980.png,ds6_img025882,2022,front,normal,not_applicable,medium,horizontal,high,152.57504272460938,1.833330849145191,0.7263649046875,True
ds7_img026305_ann027403,50000,ds7,02_extracted/uang/50000/ds7_img026305_ann027403.png,ds7_img026305,unknown,unknown,lusuh,not_applicable,high,diagonal_or_square,high,153.3014373779297,1.0446599909284393,0.8380263681640625,True
ds10_img002191_ann002191,50000,ds10,02_extracted/uang/50000/ds10_img002191_ann002191.png,ds10_img002191,2022,front,terlipat,not_applicable,medium,diagonal_or_square,low,131.19969177246094,1.0338761407903974,0.179003516707609,True
ds5_img021883_ann022972,50000,ds5,02_extracted/uang/50000/ds5_img021883_ann022972.png,ds5_img021883,2022,front,normal,not_applicable,medium,horizontal,low,149.80401611328125,1.6754650757785496,0.20513819822753906,True
ds8_img028327_ann029425,50000,ds8,02_extracted/uang/50000/ds8_img028327_ann029425.png,ds8_img028327,2022,front,terlipat,not_applicable,low,diagonal_or_square,medium,106.15294647216797,0.9874825327510917,0.5057087060546874,True
ds1_img000509_ann000509,50000,ds1,02_extracted/uang/50000/ds1_img000509_ann000509.png,ds1_img000509,2016,back,terlipat,not_applicable,low,horizontal,low,88.47089385986328,4.397553516819572,0.22676793981481483,True
ds10_img003419_ann003418,100000,ds10,02_extracted/uang/100000/ds10_img003419_ann003418.png,ds10_img003419,2022,front,normal,not_applicable,medium,horizontal,low,148.04476928710938,3.9240190956873966,0.12456358248594578,True
ds4_img009383_ann010794,100000,ds4,02_extracted/uang/100000/ds4_img009383_ann010794.png,ds4_img009383,2016,back,lusuh,not_applicable,medium,vertical,high,154.36582946777344,0.6186733137460463,0.6090607462930485,True
ds6_img024232_ann025324,100000,ds6,02_extracted/uang/100000/ds6_img024232_ann025324.png,ds6_img024232,2022,back,terlipat,not_applicable,low,diagonal_or_square,low,81.48257446289062,1.157268451244609,0.2506174060682292,True
ds9_img036226_ann036501,100000,ds9,02_extracted/uang/100000/ds9_img036226_ann036501.png,ds9_img036226,unknown,unknown,lusuh,not_applicable,high,horizontal,medium,164.27029418945312,2.2490706319702602,0.39732666015625,True
ds7_img027679_ann028777,100000,ds7,02_extracted/uang/100000/ds7_img027679_ann028777.png,ds7_img027679,unknown,unknown,lusuh,not_applicable,medium,horizontal,high,143.82723999023438,1.2708333333333333,0.71484375,True
ds5_img015750_ann016839,100000,ds5,02_extracted/uang/100000/ds5_img015750_ann016839.png,ds5_img015750,2022,back,lusuh,not_applicable,medium,diagonal_or_square,low,144.48367309570312,0.918272947109522,0.13120108828125,True
ds1_img001124_ann001124,100000,ds1,02_extracted/uang/100000/ds1_img001124_ann001124.png,ds1_img001124,2022,back,normal,not_applicable,high,horizontal,high,162.36402893066406,2.302721088435374,0.7592697143554688,True
ds8_img028331_ann029429,100000,ds8,02_extracted/uang/100000/ds8_img028331_ann029429.png,ds8_img028331,2022,back,normal,not_applicable,high,horizontal,low,162.96560668945312,1.578259154066137,0.36237018554687495,True
ds7_img027748_ann028846,100000,ds7,02_extracted/uang/100000/ds7_img027748_ann028846.png,ds7_img027748,unknown,unknown,lusuh,not_applicable,low,diagonal_or_square,high,124.62347412109375,0.9836065573770492,0.8935546875,True
ds9_img036032_ann036326,100000,ds9,02_extracted/uang/100000/ds9_img036032_ann036326.png,ds9_img036032,unknown,unknown,lusuh,not_applicable,low,horizontal,low,110.73890686035156,2.2433460076045626,0.3788330078125,True
ds5_img017170_ann018259,100000,ds5,02_extracted/uang/100000/ds5_img017170_ann018259.png,ds5_img017170,2022,front,normal,not_applicable,low,horizontal,medium,120.58551788330078,1.8153026056959947,0.4360181722998046,True
ds6_img024115_ann025207,100000,ds6,02_extracted/uang/100000/ds6_img024115_ann025207.png,ds6_img024115,2022,back,normal,not_applicable,medium,horizontal,low,157.27305603027344,2.2656524108482574,0.33879957916666664,True
ds10_img002671_ann002671,100000,ds10,02_extracted/uang/100000/ds10_img002671_ann002671.png,ds10_img002671,2022,back,normal,not_applicable,low,vertical,low,57.552337646484375,0.5277912008556986,0.14683535058651162,True
ds1_img000444_ann000444,100000,ds1,02_extracted/uang/100000/ds1_img000444_ann000444.png,ds1_img000444,2022,back,normal,not_applicable,medium,horizontal,high,151.04124450683594,2.2527716186252773,0.7768690321180556,True
ds8_img030416_ann031514,100000,ds8,02_extracted/uang/100000/ds8_img030416_ann031514.png,ds8_img030416,2022,back,normal,not_applicable,high,horizontal,medium,161.0681610107422,1.5308674439144017,0.4574921025390626,True
ds4_img006400_ann007882,100000,ds4,02_extracted/uang/100000/ds4_img006400_ann007882.png,ds4_img006400,2016,front,lusuh,not_applicable,low,vertical,medium,114.44221496582031,0.5783868448689065,0.5722989028619261,True
ds7_img027830_ann028928,100000,ds7,02_extracted/uang/100000/ds7_img027830_ann028928.png,ds7_img027830,unknown,unknown,lusuh,not_applicable,medium,diagonal_or_square,high,142.0070343017578,1.0338983050847457,0.878662109375,True
ds9_img033265_ann033979,100000,ds9,02_extracted/uang/100000/ds9_img033265_ann033979.png,ds9_img033265,unknown,unknown,lusuh,not_applicable,high,horizontal,medium,166.88267517089844,2.181651376146789,0.3955108642578125,True
ds1_img001685_ann001685,100000,ds1,02_extracted/uang/100000/ds1_img001685_ann001685.png,ds1_img001685,2016,back,normal,not_applicable,high,horizontal,low,163.2071075439453,2.2812219227313566,0.30166562051649926,True
ds5_img016770_ann017859,100000,ds5,02_extracted/uang/100000/ds5_img016770_ann017859.png,ds5_img016770,2022,front,normal,not_applicable,medium,vertical,medium,135.35760498046875,0.7196945218368521,0.4254626513378907,True
ds6_img024294_ann025386,100000,ds6,02_extracted/uang/100000/ds6_img024294_ann025386.png,ds6_img024294,2022,front,normal,not_applicable,low,horizontal,high,93.35618591308594,1.889888802625586,0.646099092975,True
ds10_img003686_ann003682,100000,ds10,02_extracted/uang/100000/ds10_img003686_ann003682.png,ds10_img003686,2022,front,normal,not_applicable,high,vertical,low,161.55990600585938,0.4718043610320683,0.24226450833805743,True
ds8_img028919_ann030017,100000,ds8,02_extracted/uang/100000/ds8_img028919_ann030017.png,ds8_img028919,2022,back,normal,not_applicable,low,horizontal,low,133.28428649902344,1.297461847931825,0.3363685732421875,True
ds4_img012335_ann013577,100000,ds4,02_extracted/uang/100000/ds4_img012335_ann013577.png,ds4_img012335,2016,front,lusuh,not_applicable,low,horizontal,medium,117.09307098388672,2.167539267015707,0.3939831792091837,True
ds9_img036180_ann036459,100000,ds9,02_extracted/uang/100000/ds9_img036180_ann036459.png,ds9_img036180,unknown,unknown,lusuh,not_applicable,low,vertical,high,126.99894714355469,0.6737357259380098,0.61808837890625,True
ds7_img026167_ann027265,100000,ds7,02_extracted/uang/100000/ds7_img026167_ann027265.png,ds7_img026167,unknown,unknown,lusuh,not_applicable,high,diagonal_or_square,high,168.3165283203125,0.9734893035379383,0.9408514404296875,True
ds1_img001713_ann001713,100000,ds1,02_extracted/uang/100000/ds1_img001713_ann001713.png,ds1_img001713,2016,front,normal,not_applicable,medium,horizontal,medium,146.8354949951172,2.2605263157894737,0.5534193250868056,True
ds5_img017115_ann018204,100000,ds5,02_extracted/uang/100000/ds5_img017115_ann018204.png,ds5_img017115,2022,front,normal,not_applicable,low,vertical,low,117.2388916015625,0.5778712885299419,0.14263800890625,True
ds6_img024355_ann025447,100000,ds6,02_extracted/uang/100000/ds6_img024355_ann025447.png,ds6_img024355,2022,front,normal,not_applicable,medium,horizontal,high,154.08421325683594,1.5039473919202306,0.8865558333333333,True
ds10_img002301_ann002301,100000,ds10,02_extracted/uang/100000/ds10_img002301_ann002301.png,ds10_img002301,2022,front,terlipat,not_applicable,medium,diagonal_or_square,low,155.12619018554688,0.9064021491516339,0.18256968462780562,True
ds8_img029942_ann031040,100000,ds8,02_extracted/uang/100000/ds8_img029942_ann031040.png,ds8_img029942,2022,front,terlipat,not_applicable,high,diagonal_or_square,high,172.4952850341797,1.0143707810496518,0.9858328125,True
ds4_img006300_ann007782,100000,ds4,02_extracted/uang/100000/ds4_img006300_ann007782.png,ds4_img006300,2022,back,normal,not_applicable,low,horizontal,medium,117.82568359375,2.0531400966183573,0.43833207110969385,True
ds7_img027735_ann028833,100000,ds7,02_extracted/uang/100000/ds7_img027735_ann028833.png,ds7_img027735,unknown,unknown,lusuh,not_applicable,medium,diagonal_or_square,high,149.17550659179688,0.9180327868852459,0.833984375,True
ds1_img000067_ann000067,100000,ds1,02_extracted/uang/100000/ds1_img000067_ann000067.png,ds1_img000067,2022,back,normal,not_applicable,medium,horizontal,low,153.7408447265625,2.2588028169014085,0.3088819715711806,True
ds5_img014440_ann015529,100000,ds5,02_extracted/uang/100000/ds5_img014440_ann015529.png,ds5_img014440,2022,back,lusuh,not_applicable,medium,vertical,medium,149.54873657226562,0.7819310350105808,0.5214553372558595,True
ds9_img030749_ann031819,100000,ds9,02_extracted/uang/100000/ds9_img030749_ann031819.png,ds9_img030749,unknown,unknown,lusuh,not_applicable,low,horizontal,low,111.29773712158203,2.2595419847328246,0.378671875,True
ds10_img002895_ann002894,100000,ds10,02_extracted/uang/100000/ds10_img002895_ann002894.png,ds10_img002895,2022,back,normal,not_applicable,low,vertical,low,51.533546447753906,0.5900065431850212,0.2750586533919123,True
ds6_img025862_ann026960,100000,ds6,02_extracted/uang/100000/ds6_img025862_ann026960.png,ds6_img025862,2016,front,normal,not_applicable,low,vertical,medium,132.32192993164062,0.6615627860530915,0.49757890624999995,True
ds4_img006620_ann008102,100000,ds4,02_extracted/uang/100000/ds4_img006620_ann008102.png,ds4_img006620,2022,back,lusuh,not_applicable,low,vertical,high,117.96690368652344,0.645881776190626,0.6363500806361607,True
ds8_img028845_ann029943,100000,ds8,02_extracted/uang/100000/ds8_img028845_ann029943.png,ds8_img028845,2022,front,lusuh,not_applicable,high,horizontal,medium,173.58200073242188,1.336632481760536,0.46396916015625,True
ds1_img001054_ann001054,100000,ds1,02_extracted/uang/100000/ds1_img001054_ann001054.png,ds1_img001054,2016,back,normal,not_applicable,high,horizontal,medium,169.0623321533203,2.3034623217922605,0.5335247361139578,True
ds10_img003033_ann003032,100000,ds10,02_extracted/uang/100000/ds10_img003033_ann003032.png,ds10_img003033,2022,front,normal,not_applicable,high,vertical,low,175.96630859375,0.43839789679965774,0.30206108693284417,True
ds5_img021401_ann022490,100000,ds5,02_extracted/uang/100000/ds5_img021401_ann022490.png,ds5_img021401,2022,front,normal,not_applicable,medium,vertical,low,143.6793670654297,0.7145818966575389,0.35027488265625,True
ds9_img033615_ann034269,100000,ds9,02_extracted/uang/100000/ds9_img033615_ann034269.png,ds9_img033615,unknown,unknown,lusuh,not_applicable,medium,horizontal,medium,134.52166748046875,2.162629757785467,0.44097900390625,True
ds6_img024831_ann025923,100000,ds6,02_extracted/uang/100000/ds6_img024831_ann025923.png,ds6_img024831,2022,back,normal,not_applicable,high,vertical,low,158.74908447265625,0.5101442881074336,0.2739461885416667,True
ds8_img030398_ann031496,100000,ds8,02_extracted/uang/100000/ds8_img030398_ann031496.png,ds8_img030398,2022,back,normal,not_applicable,low,horizontal,low,129.33180236816406,1.737847222222222,0.225225,True
ds4_img006289_ann007771,100000,ds4,02_extracted/uang/100000/ds4_img006289_ann007771.png,ds4_img006289,2016,front,lusuh,not_applicable,low,horizontal,medium,115.35517883300781,2.1725888324873095,0.420101243622449,True
ds7_img026483_ann027581,100000,ds7,02_extracted/uang/100000/ds7_img026483_ann027581.png,ds7_img026483,unknown,unknown,lusuh,not_applicable,low,diagonal_or_square,high,106.02649688720703,1.0351509840927473,0.8900151171875,True
ds10_img003182_ann003181,100000,ds10,02_extracted/uang/100000/ds10_img003182_ann003181.png,ds10_img003182,2022,back,terlipat,not_applicable,high,diagonal_or_square,low,188.47225952148438,0.9918219223593753,0.19927319027147897,True
ds1_img001714_ann001714,100000,ds1,02_extracted/uang/100000/ds1_img001714_ann001714.png,ds1_img001714,2022,front,normal,not_applicable,medium,horizontal,low,155.46749877929688,2.2897526501766783,0.3109130859375,True
nm_000000299708,nonuang,ds11,raw_dataset/non_uang/000000299708.jpg,nm_000000299708,not_applicable,not_applicable,not_applicable,lainnya,high,not_applicable,not_applicable,138.43450927734375,,,True
nm_000000188036,nonuang,ds11,raw_dataset/non_uang/000000188036.jpg,nm_000000188036,not_applicable,not_applicable,not_applicable,tangan_kosong,medium,not_applicable,not_applicable,108.55831909179688,,,True
nm_000000120562,nonuang,ds11,raw_dataset/non_uang/000000120562.jpg,nm_000000120562,not_applicable,not_applicable,not_applicable,latar_kosong,low,not_applicable,not_applicable,67.14933013916016,,,True
nm_000000545516,nonuang,ds11,raw_dataset/non_uang/000000545516.jpg,nm_000000545516,not_applicable,not_applicable,not_applicable,layar_telepon,high,not_applicable,not_applicable,125.22352600097656,,,True
nm_000000467850,nonuang,ds11,raw_dataset/non_uang/000000467850.jpg,nm_000000467850,not_applicable,not_applicable,not_applicable,kemasan_produk,low,not_applicable,not_applicable,77.16472625732422,,,True
nm_000000289687,nonuang,ds11,raw_dataset/non_uang/000000289687.jpg,nm_000000289687,not_applicable,not_applicable,not_applicable,lainnya,medium,not_applicable,not_applicable,98.25606536865234,,,True
nm_000000377663,nonuang,ds11,raw_dataset/non_uang/000000377663.jpg,nm_000000377663,not_applicable,not_applicable,not_applicable,lainnya,medium,not_applicable,not_applicable,110.259521484375,,,True
nm_000000303442,nonuang,ds11,raw_dataset/non_uang/000000303442.jpg,nm_000000303442,not_applicable,not_applicable,not_applicable,lainnya,high,not_applicable,not_applicable,126.62700653076172,,,True
nm_000000304257,nonuang,ds11,raw_dataset/non_uang/000000304257.jpg,nm_000000304257,not_applicable,not_applicable,not_applicable,lainnya,high,not_applicable,not_applicable,160.20176696777344,,,True
nm_000000554214,nonuang,ds11,raw_dataset/non_uang/000000554214.jpg,nm_000000554214,not_applicable,not_applicable,not_applicable,lainnya,high,not_applicable,not_applicable,131.34823608398438,,,True
nm_000000288511,nonuang,ds11,raw_dataset/non_uang/000000288511.jpg,nm_000000288511,not_applicable,not_applicable,not_applicable,lainnya,low,not_applicable,not_applicable,91.99021911621094,,,True
nm_000000475921,nonuang,ds11,raw_dataset/non_uang/000000475921.jpg,nm_000000475921,not_applicable,not_applicable,not_applicable,tangan_kosong,high,not_applicable,not_applicable,120.02037048339844,,,True
nm_000000449470,nonuang,ds11,raw_dataset/non_uang/000000449470.jpg,nm_000000449470,not_applicable,not_applicable,not_applicable,lainnya,medium,not_applicable,not_applicable,115.19549560546875,,,True
nm_000000032755,nonuang,ds11,raw_dataset/non_uang/000000032755.jpg,nm_000000032755,not_applicable,not_applicable,not_applicable,lainnya,high,not_applicable,not_applicable,168.240966796875,,,True
nm_000000386391,nonuang,ds11,raw_dataset/non_uang/000000386391.jpg,nm_000000386391,not_applicable,not_applicable,not_applicable,lainnya,medium,not_applicable,not_applicable,109.71302795410156,,,True
nm_000000450431,nonuang,ds11,raw_dataset/non_uang/000000450431.jpg,nm_000000450431,not_applicable,not_applicable,not_applicable,lainnya,high,not_applicable,not_applicable,136.51235961914062,,,True
nm_000000058814,nonuang,ds11,raw_dataset/non_uang/000000058814.jpg,nm_000000058814,not_applicable,not_applicable,not_applicable,lainnya,high,not_applicable,not_applicable,123.91664123535156,,,True
nm_000000177993,nonuang,ds11,raw_dataset/non_uang/000000177993.jpg,nm_000000177993,not_applicable,not_applicable,not_applicable,lainnya,medium,not_applicable,not_applicable,103.4338150024414,,,True
nm_000000565621,nonuang,ds11,raw_dataset/non_uang/000000565621.jpg,nm_000000565621,not_applicable,not_applicable,not_applicable,lainnya,medium,not_applicable,not_applicable,110.60025024414062,,,True
nm_000000053832,nonuang,ds11,raw_dataset/non_uang/000000053832.jpg,nm_000000053832,not_applicable,not_applicable,not_applicable,tangan_kosong,high,not_applicable,not_applicable,123.9478530883789,,,True
nm_000000329714,nonuang,ds11,raw_dataset/non_uang/000000329714.jpg,nm_000000329714,not_applicable,not_applicable,not_applicable,lainnya,low,not_applicable,not_applicable,82.84003448486328,,,True
nm_000000145973,nonuang,ds11,raw_dataset/non_uang/000000145973.jpg,nm_000000145973,not_applicable,not_applicable,not_applicable,lainnya,high,not_applicable,not_applicable,131.0355682373047,,,True
nm_000000149724,nonuang,ds11,raw_dataset/non_uang/000000149724.jpg,nm_000000149724,not_applicable,not_applicable,not_applicable,lainnya,low,not_applicable,not_applicable,87.88865661621094,,,True
nm_000000224574,nonuang,ds11,raw_dataset/non_uang/000000224574.jpg,nm_000000224574,not_applicable,not_applicable,not_applicable,lainnya,high,not_applicable,not_applicable,131.61898803710938,,,True
nm_000000039980,nonuang,ds11,raw_dataset/non_uang/000000039980.jpg,nm_000000039980,not_applicable,not_applicable,not_applicable,lainnya,medium,not_applicable,not_applicable,111.80325317382812,,,True
nm_000000110803,nonuang,ds11,raw_dataset/non_uang/000000110803.jpg,nm_000000110803,not_applicable,not_applicable,not_applicable,tangan_kosong,medium,not_applicable,not_applicable,105.4372787475586,,,True
nm_000000451199,nonuang,ds11,raw_dataset/non_uang/000000451199.jpg,nm_000000451199,not_applicable,not_applicable,not_applicable,lainnya,low,not_applicable,not_applicable,81.10301208496094,,,True
nm_000000349509,nonuang,ds11,raw_dataset/non_uang/000000349509.jpg,nm_000000349509,not_applicable,not_applicable,not_applicable,lainnya,high,not_applicable,not_applicable,119.1965560913086,,,True
nm_000000566052,nonuang,ds11,raw_dataset/non_uang/000000566052.jpg,nm_000000566052,not_applicable,not_applicable,not_applicable,lainnya,low,not_applicable,not_applicable,89.0840072631836,,,True
nm_000000309640,nonuang,ds11,raw_dataset/non_uang/000000309640.jpg,nm_000000309640,not_applicable,not_applicable,not_applicable,lainnya,high,not_applicable,not_applicable,165.0211639404297,,,True
nm_000000026651,nonuang,ds11,raw_dataset/non_uang/000000026651.jpg,nm_000000026651,not_applicable,not_applicable,not_applicable,lainnya,high,not_applicable,not_applicable,162.51434326171875,,,True
nm_000000392846,nonuang,ds11,raw_dataset/non_uang/000000392846.jpg,nm_000000392846,not_applicable,not_applicable,not_applicable,unknown,medium,not_applicable,not_applicable,115.68079376220703,,,True
nm_000000277774,nonuang,ds11,raw_dataset/non_uang/000000277774.jpg,nm_000000277774,not_applicable,not_applicable,not_applicable,tangan_kosong,medium,not_applicable,not_applicable,114.10909271240234,,,True
nm_000000364156,nonuang,ds11,raw_dataset/non_uang/000000364156.jpg,nm_000000364156,not_applicable,not_applicable,not_applicable,lainnya,medium,not_applicable,not_applicable,103.07085418701172,,,True
nm_000000215054,nonuang,ds11,raw_dataset/non_uang/000000215054.jpg,nm_000000215054,not_applicable,not_applicable,not_applicable,tangan_kosong,low,not_applicable,not_applicable,87.96788787841797,,,True
nm_000000436639,nonuang,ds11,raw_dataset/non_uang/000000436639.jpg,nm_000000436639,not_applicable,not_applicable,not_applicable,lainnya,high,not_applicable,not_applicable,155.26295471191406,,,True
nm_000000541549,nonuang,ds11,raw_dataset/non_uang/000000541549.jpg,nm_000000541549,not_applicable,not_applicable,not_applicable,lainnya,high,not_applicable,not_applicable,129.6398468017578,,,True
nm_000000333345,nonuang,ds11,raw_dataset/non_uang/000000333345.jpg,nm_000000333345,not_applicable,not_applicable,not_applicable,lainnya,low,not_applicable,not_applicable,88.43278503417969,,,True
nm_000000226584,nonuang,ds11,raw_dataset/non_uang/000000226584.jpg,nm_000000226584,not_applicable,not_applicable,not_applicable,lainnya,medium,not_applicable,not_applicable,118.18324279785156,,,True
nm_000000450316,nonuang,ds11,raw_dataset/non_uang/000000450316.jpg,nm_000000450316,not_applicable,not_applicable,not_applicable,lainnya,low,not_applicable,not_applicable,81.75987243652344,,,True
nm_000000469538,nonuang,ds11,raw_dataset/non_uang/000000469538.jpg,nm_000000469538,not_applicable,not_applicable,not_applicable,lainnya,medium,not_applicable,not_applicable,101.41445922851562,,,True
nm_000000428353,nonuang,ds11,raw_dataset/non_uang/000000428353.jpg,nm_000000428353,not_applicable,not_applicable,not_applicable,lainnya,high,not_applicable,not_applicable,124.4989242553711,,,True
nm_000000029638,nonuang,ds11,raw_dataset/non_uang/000000029638.jpg,nm_000000029638,not_applicable,not_applicable,not_applicable,lainnya,low,not_applicable,not_applicable,64.50469970703125,,,True
nm_000000085300,nonuang,ds11,raw_dataset/non_uang/000000085300.jpg,nm_000000085300,not_applicable,not_applicable,not_applicable,lainnya,low,not_applicable,not_applicable,98.1142807006836,,,True
nm_000000552469,nonuang,ds11,raw_dataset/non_uang/000000552469.jpg,nm_000000552469,not_applicable,not_applicable,not_applicable,lainnya,medium,not_applicable,not_applicable,115.27651977539062,,,True
nm_000000259185,nonuang,ds11,raw_dataset/non_uang/000000259185.jpg,nm_000000259185,not_applicable,not_applicable,not_applicable,lainnya,high,not_applicable,not_applicable,143.77389526367188,,,True
nm_000000559638,nonuang,ds11,raw_dataset/non_uang/000000559638.jpg,nm_000000559638,not_applicable,not_applicable,not_applicable,tangan_kosong,medium,not_applicable,not_applicable,98.38994598388672,,,True
nm_000000485151,nonuang,ds11,raw_dataset/non_uang/000000485151.jpg,nm_000000485151,not_applicable,not_applicable,not_applicable,lainnya,medium,not_applicable,not_applicable,105.2480239868164,,,True
nm_000000054053,nonuang,ds11,raw_dataset/non_uang/000000054053.jpg,nm_000000054053,not_applicable,not_applicable,not_applicable,lainnya,high,not_applicable,not_applicable,141.50592041015625,,,True
nm_000000032573,nonuang,ds11,raw_dataset/non_uang/000000032573.jpg,nm_000000032573,not_applicable,not_applicable,not_applicable,lainnya,low,not_applicable,not_applicable,91.0049819946289,,,True
