candidate,model_sha256,session,phase,snapshot,total_pss_kb
fp32,bbcdee096fe23d19026b530643c17e512ff9eacbb75404ec82683315768795bd,1,baseline,1,217800
fp32,bbcdee096fe23d19026b530643c17e512ff9eacbb75404ec82683315768795bd,1,baseline,2,81530
fp32,bbcdee096fe23d19026b530643c17e512ff9eacbb75404ec82683315768795bd,1,baseline,3,81559
fp32,bbcdee096fe23d19026b530643c17e512ff9eacbb75404ec82683315768795bd,1,baseline,4,81523
fp32,bbcdee096fe23d19026b530643c17e512ff9eacbb75404ec82683315768795bd,1,baseline,5,81551
fp32,bbcdee096fe23d19026b530643c17e512ff9eacbb75404ec82683315768795bd,1,active,1,95172
fp32,bbcdee096fe23d19026b530643c17e512ff9eacbb75404ec82683315768795bd,1,active,2,95025
fp32,bbcdee096fe23d19026b530643c17e512ff9eacbb75404ec82683315768795bd,1,active,3,95018
fp32,bbcdee096fe23d19026b530643c17e512ff9eacbb75404ec82683315768795bd,1,active,4,95015
fp32,bbcdee096fe23d19026b530643c17e512ff9eacbb75404ec82683315768795bd,1,active,5,95015
fp32,bbcdee096fe23d19026b530643c17e512ff9eacbb75404ec82683315768795bd,1,active,6,95018
fp32,bbcdee096fe23d19026b530643c17e512ff9eacbb75404ec82683315768795bd,1,active,7,95044
fp32,bbcdee096fe23d19026b530643c17e512ff9eacbb75404ec82683315768795bd,1,active,8,138663
fp32,bbcdee096fe23d19026b530643c17e512ff9eacbb75404ec82683315768795bd,1,active,9,137019
fp32,bbcdee096fe23d19026b530643c17e512ff9eacbb75404ec82683315768795bd,1,active,10,94765
fp32,bbcdee096fe23d19026b530643c17e512ff9eacbb75404ec82683315768795bd,1,active,11,94533
fp32,bbcdee096fe23d19026b530643c17e512ff9eacbb75404ec82683315768795bd,1,active,12,94515
fp32,bbcdee096fe23d19026b530643c17e512ff9eacbb75404ec82683315768795bd,1,active,13,94473
fp32,bbcdee096fe23d19026b530643c17e512ff9eacbb75404ec82683315768795bd,1,active,14,90797
fp32,bbcdee096fe23d19026b530643c17e512ff9eacbb75404ec82683315768795bd,1,active,15,90796
fp16,b3e37e8d3278cbcc60537a6ad1fec3a00d4b2de3506a379d8264febdd927e790,1,baseline,1,215711
fp16,b3e37e8d3278cbcc60537a6ad1fec3a00d4b2de3506a379d8264febdd927e790,1,baseline,2,79549
fp16,b3e37e8d3278cbcc60537a6ad1fec3a00d4b2de3506a379d8264febdd927e790,1,baseline,3,79548
fp16,b3e37e8d3278cbcc60537a6ad1fec3a00d4b2de3506a379d8264febdd927e790,1,baseline,4,79358
fp16,b3e37e8d3278cbcc60537a6ad1fec3a00d4b2de3506a379d8264febdd927e790,1,baseline,5,79361
fp16,b3e37e8d3278cbcc60537a6ad1fec3a00d4b2de3506a379d8264febdd927e790,1,active,1,95433
fp16,b3e37e8d3278cbcc60537a6ad1fec3a00d4b2de3506a379d8264febdd927e790,1,active,2,95253
fp16,b3e37e8d3278cbcc60537a6ad1fec3a00d4b2de3506a379d8264febdd927e790,1,active,3,95236
fp16,b3e37e8d3278cbcc60537a6ad1fec3a00d4b2de3506a379d8264febdd927e790,1,active,4,95240
fp16,b3e37e8d3278cbcc60537a6ad1fec3a00d4b2de3506a379d8264febdd927e790,1,active,5,95230
fp16,b3e37e8d3278cbcc60537a6ad1fec3a00d4b2de3506a379d8264febdd927e790,1,active,6,95227
fp16,b3e37e8d3278cbcc60537a6ad1fec3a00d4b2de3506a379d8264febdd927e790,1,active,7,95227
fp16,b3e37e8d3278cbcc60537a6ad1fec3a00d4b2de3506a379d8264febdd927e790,1,active,8,95251
fp16,b3e37e8d3278cbcc60537a6ad1fec3a00d4b2de3506a379d8264febdd927e790,1,active,9,95227
fp16,b3e37e8d3278cbcc60537a6ad1fec3a00d4b2de3506a379d8264febdd927e790,1,active,10,95250
fp16,b3e37e8d3278cbcc60537a6ad1fec3a00d4b2de3506a379d8264febdd927e790,1,active,11,95189
fp16,b3e37e8d3278cbcc60537a6ad1fec3a00d4b2de3506a379d8264febdd927e790,1,active,12,93313
fp16,b3e37e8d3278cbcc60537a6ad1fec3a00d4b2de3506a379d8264febdd927e790,1,active,13,93313
fp16,b3e37e8d3278cbcc60537a6ad1fec3a00d4b2de3506a379d8264febdd927e790,1,active,14,93309
fp16,b3e37e8d3278cbcc60537a6ad1fec3a00d4b2de3506a379d8264febdd927e790,1,active,15,93309
dynamic_range,fa373b8832a860302ce2b58bd712fc85ad4bf252bdfa9edf2fc1a276934a8676,1,baseline,1,217769
dynamic_range,fa373b8832a860302ce2b58bd712fc85ad4bf252bdfa9edf2fc1a276934a8676,1,baseline,2,81535
dynamic_range,fa373b8832a860302ce2b58bd712fc85ad4bf252bdfa9edf2fc1a276934a8676,1,baseline,3,81481
dynamic_range,fa373b8832a860302ce2b58bd712fc85ad4bf252bdfa9edf2fc1a276934a8676,1,baseline,4,81479
dynamic_range,fa373b8832a860302ce2b58bd712fc85ad4bf252bdfa9edf2fc1a276934a8676,1,baseline,5,81467
dynamic_range,fa373b8832a860302ce2b58bd712fc85ad4bf252bdfa9edf2fc1a276934a8676,1,active,1,90450
dynamic_range,fa373b8832a860302ce2b58bd712fc85ad4bf252bdfa9edf2fc1a276934a8676,1,active,2,90306
dynamic_range,fa373b8832a860302ce2b58bd712fc85ad4bf252bdfa9edf2fc1a276934a8676,1,active,3,90298
dynamic_range,fa373b8832a860302ce2b58bd712fc85ad4bf252bdfa9edf2fc1a276934a8676,1,active,4,90298
dynamic_range,fa373b8832a860302ce2b58bd712fc85ad4bf252bdfa9edf2fc1a276934a8676,1,active,5,90300
dynamic_range,fa373b8832a860302ce2b58bd712fc85ad4bf252bdfa9edf2fc1a276934a8676,1,active,6,90299
dynamic_range,fa373b8832a860302ce2b58bd712fc85ad4bf252bdfa9edf2fc1a276934a8676,1,active,7,90298
dynamic_range,fa373b8832a860302ce2b58bd712fc85ad4bf252bdfa9edf2fc1a276934a8676,1,active,8,90298
dynamic_range,fa373b8832a860302ce2b58bd712fc85ad4bf252bdfa9edf2fc1a276934a8676,1,active,9,90290
dynamic_range,fa373b8832a860302ce2b58bd712fc85ad4bf252bdfa9edf2fc1a276934a8676,1,active,10,90234
dynamic_range,fa373b8832a860302ce2b58bd712fc85ad4bf252bdfa9edf2fc1a276934a8676,1,active,11,89131
dynamic_range,fa373b8832a860302ce2b58bd712fc85ad4bf252bdfa9edf2fc1a276934a8676,1,active,12,89127
dynamic_range,fa373b8832a860302ce2b58bd712fc85ad4bf252bdfa9edf2fc1a276934a8676,1,active,13,89128
dynamic_range,fa373b8832a860302ce2b58bd712fc85ad4bf252bdfa9edf2fc1a276934a8676,1,active,14,89128
dynamic_range,fa373b8832a860302ce2b58bd712fc85ad4bf252bdfa9edf2fc1a276934a8676,1,active,15,89127
full_int8,fe8db97ca3a464f35deeba83f5f77d92dcae55c78c71cccfc1a847716e6e37e7,1,baseline,1,53837
full_int8,fe8db97ca3a464f35deeba83f5f77d92dcae55c78c71cccfc1a847716e6e37e7,1,baseline,2,45703
full_int8,fe8db97ca3a464f35deeba83f5f77d92dcae55c78c71cccfc1a847716e6e37e7,1,baseline,3,45704
full_int8,fe8db97ca3a464f35deeba83f5f77d92dcae55c78c71cccfc1a847716e6e37e7,1,baseline,4,45707
full_int8,fe8db97ca3a464f35deeba83f5f77d92dcae55c78c71cccfc1a847716e6e37e7,1,baseline,5,45817
full_int8,fe8db97ca3a464f35deeba83f5f77d92dcae55c78c71cccfc1a847716e6e37e7,1,active,1,53242
full_int8,fe8db97ca3a464f35deeba83f5f77d92dcae55c78c71cccfc1a847716e6e37e7,1,active,2,53053
full_int8,fe8db97ca3a464f35deeba83f5f77d92dcae55c78c71cccfc1a847716e6e37e7,1,active,3,53059
full_int8,fe8db97ca3a464f35deeba83f5f77d92dcae55c78c71cccfc1a847716e6e37e7,1,active,4,53042
full_int8,fe8db97ca3a464f35deeba83f5f77d92dcae55c78c71cccfc1a847716e6e37e7,1,active,5,53041
full_int8,fe8db97ca3a464f35deeba83f5f77d92dcae55c78c71cccfc1a847716e6e37e7,1,active,6,53041
full_int8,fe8db97ca3a464f35deeba83f5f77d92dcae55c78c71cccfc1a847716e6e37e7,1,active,7,53043
full_int8,fe8db97ca3a464f35deeba83f5f77d92dcae55c78c71cccfc1a847716e6e37e7,1,active,8,53041
full_int8,fe8db97ca3a464f35deeba83f5f77d92dcae55c78c71cccfc1a847716e6e37e7,1,active,9,53041
full_int8,fe8db97ca3a464f35deeba83f5f77d92dcae55c78c71cccfc1a847716e6e37e7,1,active,10,53042
full_int8,fe8db97ca3a464f35deeba83f5f77d92dcae55c78c71cccfc1a847716e6e37e7,1,active,11,53013
full_int8,fe8db97ca3a464f35deeba83f5f77d92dcae55c78c71cccfc1a847716e6e37e7,1,active,12,51814
full_int8,fe8db97ca3a464f35deeba83f5f77d92dcae55c78c71cccfc1a847716e6e37e7,1,active,13,51809
full_int8,fe8db97ca3a464f35deeba83f5f77d92dcae55c78c71cccfc1a847716e6e37e7,1,active,14,51809
full_int8,fe8db97ca3a464f35deeba83f5f77d92dcae55c78c71cccfc1a847716e6e37e7,1,active,15,51810
fp32,bbcdee096fe23d19026b530643c17e512ff9eacbb75404ec82683315768795bd,2,baseline,1,217693
fp32,bbcdee096fe23d19026b530643c17e512ff9eacbb75404ec82683315768795bd,2,baseline,2,81409
fp32,bbcdee096fe23d19026b530643c17e512ff9eacbb75404ec82683315768795bd,2,baseline,3,81439
fp32,bbcdee096fe23d19026b530643c17e512ff9eacbb75404ec82683315768795bd,2,baseline,4,81420
fp32,bbcdee096fe23d19026b530643c17e512ff9eacbb75404ec82683315768795bd,2,baseline,5,81421
fp32,bbcdee096fe23d19026b530643c17e512ff9eacbb75404ec82683315768795bd,2,active,1,95018
fp32,bbcdee096fe23d19026b530643c17e512ff9eacbb75404ec82683315768795bd,2,active,2,94880
fp32,bbcdee096fe23d19026b530643c17e512ff9eacbb75404ec82683315768795bd,2,active,3,93918
fp32,bbcdee096fe23d19026b530643c17e512ff9eacbb75404ec82683315768795bd,2,active,4,93808
fp32,bbcdee096fe23d19026b530643c17e512ff9eacbb75404ec82683315768795bd,2,active,5,93784
fp32,bbcdee096fe23d19026b530643c17e512ff9eacbb75404ec82683315768795bd,2,active,6,93788
fp32,bbcdee096fe23d19026b530643c17e512ff9eacbb75404ec82683315768795bd,2,active,7,93761
fp32,bbcdee096fe23d19026b530643c17e512ff9eacbb75404ec82683315768795bd,2,active,8,93741
fp32,bbcdee096fe23d19026b530643c17e512ff9eacbb75404ec82683315768795bd,2,active,9,93746
fp32,bbcdee096fe23d19026b530643c17e512ff9eacbb75404ec82683315768795bd,2,active,10,93742
fp32,bbcdee096fe23d19026b530643c17e512ff9eacbb75404ec82683315768795bd,2,active,11,93741
fp32,bbcdee096fe23d19026b530643c17e512ff9eacbb75404ec82683315768795bd,2,active,12,93705
fp32,bbcdee096fe23d19026b530643c17e512ff9eacbb75404ec82683315768795bd,2,active,13,90037
fp32,bbcdee096fe23d19026b530643c17e512ff9eacbb75404ec82683315768795bd,2,active,14,90037
fp32,bbcdee096fe23d19026b530643c17e512ff9eacbb75404ec82683315768795bd,2,active,15,90038
fp16,b3e37e8d3278cbcc60537a6ad1fec3a00d4b2de3506a379d8264febdd927e790,2,baseline,1,217687
fp16,b3e37e8d3278cbcc60537a6ad1fec3a00d4b2de3506a379d8264febdd927e790,2,baseline,2,81468
fp16,b3e37e8d3278cbcc60537a6ad1fec3a00d4b2de3506a379d8264febdd927e790,2,baseline,3,81415
fp16,b3e37e8d3278cbcc60537a6ad1fec3a00d4b2de3506a379d8264febdd927e790,2,baseline,4,81416
fp16,b3e37e8d3278cbcc60537a6ad1fec3a00d4b2de3506a379d8264febdd927e790,2,baseline,5,81406
fp16,b3e37e8d3278cbcc60537a6ad1fec3a00d4b2de3506a379d8264febdd927e790,2,active,1,97353
fp16,b3e37e8d3278cbcc60537a6ad1fec3a00d4b2de3506a379d8264febdd927e790,2,active,2,97213
fp16,b3e37e8d3278cbcc60537a6ad1fec3a00d4b2de3506a379d8264febdd927e790,2,active,3,97215
fp16,b3e37e8d3278cbcc60537a6ad1fec3a00d4b2de3506a379d8264febdd927e790,2,active,4,97215
fp16,b3e37e8d3278cbcc60537a6ad1fec3a00d4b2de3506a379d8264febdd927e790,2,active,5,97217
fp16,b3e37e8d3278cbcc60537a6ad1fec3a00d4b2de3506a379d8264febdd927e790,2,active,6,97217
fp16,b3e37e8d3278cbcc60537a6ad1fec3a00d4b2de3506a379d8264febdd927e790,2,active,7,97219
fp16,b3e37e8d3278cbcc60537a6ad1fec3a00d4b2de3506a379d8264febdd927e790,2,active,8,97217
fp16,b3e37e8d3278cbcc60537a6ad1fec3a00d4b2de3506a379d8264febdd927e790,2,active,9,97213
fp16,b3e37e8d3278cbcc60537a6ad1fec3a00d4b2de3506a379d8264febdd927e790,2,active,10,97222
fp16,b3e37e8d3278cbcc60537a6ad1fec3a00d4b2de3506a379d8264febdd927e790,2,active,11,97197
fp16,b3e37e8d3278cbcc60537a6ad1fec3a00d4b2de3506a379d8264febdd927e790,2,active,12,95325
fp16,b3e37e8d3278cbcc60537a6ad1fec3a00d4b2de3506a379d8264febdd927e790,2,active,13,95325
fp16,b3e37e8d3278cbcc60537a6ad1fec3a00d4b2de3506a379d8264febdd927e790,2,active,14,95325
fp16,b3e37e8d3278cbcc60537a6ad1fec3a00d4b2de3506a379d8264febdd927e790,2,active,15,95327
dynamic_range,fa373b8832a860302ce2b58bd712fc85ad4bf252bdfa9edf2fc1a276934a8676,2,baseline,1,217709
dynamic_range,fa373b8832a860302ce2b58bd712fc85ad4bf252bdfa9edf2fc1a276934a8676,2,baseline,2,81442
dynamic_range,fa373b8832a860302ce2b58bd712fc85ad4bf252bdfa9edf2fc1a276934a8676,2,baseline,3,81422
dynamic_range,fa373b8832a860302ce2b58bd712fc85ad4bf252bdfa9edf2fc1a276934a8676,2,baseline,4,81477
dynamic_range,fa373b8832a860302ce2b58bd712fc85ad4bf252bdfa9edf2fc1a276934a8676,2,baseline,5,81442
dynamic_range,fa373b8832a860302ce2b58bd712fc85ad4bf252bdfa9edf2fc1a276934a8676,2,active,1,90455
dynamic_range,fa373b8832a860302ce2b58bd712fc85ad4bf252bdfa9edf2fc1a276934a8676,2,active,2,90297
dynamic_range,fa373b8832a860302ce2b58bd712fc85ad4bf252bdfa9edf2fc1a276934a8676,2,active,3,90291
dynamic_range,fa373b8832a860302ce2b58bd712fc85ad4bf252bdfa9edf2fc1a276934a8676,2,active,4,90289
dynamic_range,fa373b8832a860302ce2b58bd712fc85ad4bf252bdfa9edf2fc1a276934a8676,2,active,5,90279
dynamic_range,fa373b8832a860302ce2b58bd712fc85ad4bf252bdfa9edf2fc1a276934a8676,2,active,6,90277
dynamic_range,fa373b8832a860302ce2b58bd712fc85ad4bf252bdfa9edf2fc1a276934a8676,2,active,7,90278
dynamic_range,fa373b8832a860302ce2b58bd712fc85ad4bf252bdfa9edf2fc1a276934a8676,2,active,8,90279
dynamic_range,fa373b8832a860302ce2b58bd712fc85ad4bf252bdfa9edf2fc1a276934a8676,2,active,9,90280
dynamic_range,fa373b8832a860302ce2b58bd712fc85ad4bf252bdfa9edf2fc1a276934a8676,2,active,10,90185
dynamic_range,fa373b8832a860302ce2b58bd712fc85ad4bf252bdfa9edf2fc1a276934a8676,2,active,11,89109
dynamic_range,fa373b8832a860302ce2b58bd712fc85ad4bf252bdfa9edf2fc1a276934a8676,2,active,12,89105
dynamic_range,fa373b8832a860302ce2b58bd712fc85ad4bf252bdfa9edf2fc1a276934a8676,2,active,13,89103
dynamic_range,fa373b8832a860302ce2b58bd712fc85ad4bf252bdfa9edf2fc1a276934a8676,2,active,14,89106
dynamic_range,fa373b8832a860302ce2b58bd712fc85ad4bf252bdfa9edf2fc1a276934a8676,2,active,15,89105
full_int8,fe8db97ca3a464f35deeba83f5f77d92dcae55c78c71cccfc1a847716e6e37e7,2,baseline,1,53262
full_int8,fe8db97ca3a464f35deeba83f5f77d92dcae55c78c71cccfc1a847716e6e37e7,2,baseline,2,45738
full_int8,fe8db97ca3a464f35deeba83f5f77d92dcae55c78c71cccfc1a847716e6e37e7,2,baseline,3,45742
full_int8,fe8db97ca3a464f35deeba83f5f77d92dcae55c78c71cccfc1a847716e6e37e7,2,baseline,4,45741
full_int8,fe8db97ca3a464f35deeba83f5f77d92dcae55c78c71cccfc1a847716e6e37e7,2,baseline,5,45846
full_int8,fe8db97ca3a464f35deeba83f5f77d92dcae55c78c71cccfc1a847716e6e37e7,2,active,1,53392
full_int8,fe8db97ca3a464f35deeba83f5f77d92dcae55c78c71cccfc1a847716e6e37e7,2,active,2,53252
full_int8,fe8db97ca3a464f35deeba83f5f77d92dcae55c78c71cccfc1a847716e6e37e7,2,active,3,53229
full_int8,fe8db97ca3a464f35deeba83f5f77d92dcae55c78c71cccfc1a847716e6e37e7,2,active,4,53236
full_int8,fe8db97ca3a464f35deeba83f5f77d92dcae55c78c71cccfc1a847716e6e37e7,2,active,5,53209
full_int8,fe8db97ca3a464f35deeba83f5f77d92dcae55c78c71cccfc1a847716e6e37e7,2,active,6,53208
full_int8,fe8db97ca3a464f35deeba83f5f77d92dcae55c78c71cccfc1a847716e6e37e7,2,active,7,53210
full_int8,fe8db97ca3a464f35deeba83f5f77d92dcae55c78c71cccfc1a847716e6e37e7,2,active,8,53265
full_int8,fe8db97ca3a464f35deeba83f5f77d92dcae55c78c71cccfc1a847716e6e37e7,2,active,9,53226
full_int8,fe8db97ca3a464f35deeba83f5f77d92dcae55c78c71cccfc1a847716e6e37e7,2,active,10,53248
full_int8,fe8db97ca3a464f35deeba83f5f77d92dcae55c78c71cccfc1a847716e6e37e7,2,active,11,53214
full_int8,fe8db97ca3a464f35deeba83f5f77d92dcae55c78c71cccfc1a847716e6e37e7,2,active,12,53066
full_int8,fe8db97ca3a464f35deeba83f5f77d92dcae55c78c71cccfc1a847716e6e37e7,2,active,13,51865
full_int8,fe8db97ca3a464f35deeba83f5f77d92dcae55c78c71cccfc1a847716e6e37e7,2,active,14,51866
full_int8,fe8db97ca3a464f35deeba83f5f77d92dcae55c78c71cccfc1a847716e6e37e7,2,active,15,51864
fp32,bbcdee096fe23d19026b530643c17e512ff9eacbb75404ec82683315768795bd,3,baseline,1,217687
fp32,bbcdee096fe23d19026b530643c17e512ff9eacbb75404ec82683315768795bd,3,baseline,2,80786
fp32,bbcdee096fe23d19026b530643c17e512ff9eacbb75404ec82683315768795bd,3,baseline,3,80730
fp32,bbcdee096fe23d19026b530643c17e512ff9eacbb75404ec82683315768795bd,3,baseline,4,80730
fp32,bbcdee096fe23d19026b530643c17e512ff9eacbb75404ec82683315768795bd,3,baseline,5,80731
fp32,bbcdee096fe23d19026b530643c17e512ff9eacbb75404ec82683315768795bd,3,active,1,94307
fp32,bbcdee096fe23d19026b530643c17e512ff9eacbb75404ec82683315768795bd,3,active,2,94150
fp32,bbcdee096fe23d19026b530643c17e512ff9eacbb75404ec82683315768795bd,3,active,3,94134
fp32,bbcdee096fe23d19026b530643c17e512ff9eacbb75404ec82683315768795bd,3,active,4,94134
fp32,bbcdee096fe23d19026b530643c17e512ff9eacbb75404ec82683315768795bd,3,active,5,94098
fp32,bbcdee096fe23d19026b530643c17e512ff9eacbb75404ec82683315768795bd,3,active,6,94098
fp32,bbcdee096fe23d19026b530643c17e512ff9eacbb75404ec82683315768795bd,3,active,7,94099
fp32,bbcdee096fe23d19026b530643c17e512ff9eacbb75404ec82683315768795bd,3,active,8,94102
fp32,bbcdee096fe23d19026b530643c17e512ff9eacbb75404ec82683315768795bd,3,active,9,93819
fp32,bbcdee096fe23d19026b530643c17e512ff9eacbb75404ec82683315768795bd,3,active,10,93695
fp32,bbcdee096fe23d19026b530643c17e512ff9eacbb75404ec82683315768795bd,3,active,11,93662
fp32,bbcdee096fe23d19026b530643c17e512ff9eacbb75404ec82683315768795bd,3,active,12,89995
fp32,bbcdee096fe23d19026b530643c17e512ff9eacbb75404ec82683315768795bd,3,active,13,89996
fp32,bbcdee096fe23d19026b530643c17e512ff9eacbb75404ec82683315768795bd,3,active,14,89994
fp32,bbcdee096fe23d19026b530643c17e512ff9eacbb75404ec82683315768795bd,3,active,15,89994
fp16,b3e37e8d3278cbcc60537a6ad1fec3a00d4b2de3506a379d8264febdd927e790,3,baseline,1,216694
fp16,b3e37e8d3278cbcc60537a6ad1fec3a00d4b2de3506a379d8264febdd927e790,3,baseline,2,80416
fp16,b3e37e8d3278cbcc60537a6ad1fec3a00d4b2de3506a379d8264febdd927e790,3,baseline,3,80401
fp16,b3e37e8d3278cbcc60537a6ad1fec3a00d4b2de3506a379d8264febdd927e790,3,baseline,4,80401
fp16,b3e37e8d3278cbcc60537a6ad1fec3a00d4b2de3506a379d8264febdd927e790,3,baseline,5,80475
fp16,b3e37e8d3278cbcc60537a6ad1fec3a00d4b2de3506a379d8264febdd927e790,3,active,1,96386
fp16,b3e37e8d3278cbcc60537a6ad1fec3a00d4b2de3506a379d8264febdd927e790,3,active,2,96226
fp16,b3e37e8d3278cbcc60537a6ad1fec3a00d4b2de3506a379d8264febdd927e790,3,active,3,96214
fp16,b3e37e8d3278cbcc60537a6ad1fec3a00d4b2de3506a379d8264febdd927e790,3,active,4,96214
fp16,b3e37e8d3278cbcc60537a6ad1fec3a00d4b2de3506a379d8264febdd927e790,3,active,5,96202
fp16,b3e37e8d3278cbcc60537a6ad1fec3a00d4b2de3506a379d8264febdd927e790,3,active,6,96203
fp16,b3e37e8d3278cbcc60537a6ad1fec3a00d4b2de3506a379d8264febdd927e790,3,active,7,96202
fp16,b3e37e8d3278cbcc60537a6ad1fec3a00d4b2de3506a379d8264febdd927e790,3,active,8,96203
fp16,b3e37e8d3278cbcc60537a6ad1fec3a00d4b2de3506a379d8264febdd927e790,3,active,9,96202
fp16,b3e37e8d3278cbcc60537a6ad1fec3a00d4b2de3506a379d8264febdd927e790,3,active,10,96202
fp16,b3e37e8d3278cbcc60537a6ad1fec3a00d4b2de3506a379d8264febdd927e790,3,active,11,96203
fp16,b3e37e8d3278cbcc60537a6ad1fec3a00d4b2de3506a379d8264febdd927e790,3,active,12,94313
fp16,b3e37e8d3278cbcc60537a6ad1fec3a00d4b2de3506a379d8264febdd927e790,3,active,13,94313
fp16,b3e37e8d3278cbcc60537a6ad1fec3a00d4b2de3506a379d8264febdd927e790,3,active,14,94313
fp16,b3e37e8d3278cbcc60537a6ad1fec3a00d4b2de3506a379d8264febdd927e790,3,active,15,94313
dynamic_range,fa373b8832a860302ce2b58bd712fc85ad4bf252bdfa9edf2fc1a276934a8676,3,baseline,1,216976
dynamic_range,fa373b8832a860302ce2b58bd712fc85ad4bf252bdfa9edf2fc1a276934a8676,3,baseline,2,80760
dynamic_range,fa373b8832a860302ce2b58bd712fc85ad4bf252bdfa9edf2fc1a276934a8676,3,baseline,3,80740
dynamic_range,fa373b8832a860302ce2b58bd712fc85ad4bf252bdfa9edf2fc1a276934a8676,3,baseline,4,80850
dynamic_range,fa373b8832a860302ce2b58bd712fc85ad4bf252bdfa9edf2fc1a276934a8676,3,baseline,5,80872
dynamic_range,fa373b8832a860302ce2b58bd712fc85ad4bf252bdfa9edf2fc1a276934a8676,3,active,1,89892
dynamic_range,fa373b8832a860302ce2b58bd712fc85ad4bf252bdfa9edf2fc1a276934a8676,3,active,2,89281
dynamic_range,fa373b8832a860302ce2b58bd712fc85ad4bf252bdfa9edf2fc1a276934a8676,3,active,3,89279
dynamic_range,fa373b8832a860302ce2b58bd712fc85ad4bf252bdfa9edf2fc1a276934a8676,3,active,4,89265
dynamic_range,fa373b8832a860302ce2b58bd712fc85ad4bf252bdfa9edf2fc1a276934a8676,3,active,5,89270
dynamic_range,fa373b8832a860302ce2b58bd712fc85ad4bf252bdfa9edf2fc1a276934a8676,3,active,6,89249
dynamic_range,fa373b8832a860302ce2b58bd712fc85ad4bf252bdfa9edf2fc1a276934a8676,3,active,7,89269
dynamic_range,fa373b8832a860302ce2b58bd712fc85ad4bf252bdfa9edf2fc1a276934a8676,3,active,8,89256
dynamic_range,fa373b8832a860302ce2b58bd712fc85ad4bf252bdfa9edf2fc1a276934a8676,3,active,9,89264
dynamic_range,fa373b8832a860302ce2b58bd712fc85ad4bf252bdfa9edf2fc1a276934a8676,3,active,10,89252
dynamic_range,fa373b8832a860302ce2b58bd712fc85ad4bf252bdfa9edf2fc1a276934a8676,3,active,11,89253
dynamic_range,fa373b8832a860302ce2b58bd712fc85ad4bf252bdfa9edf2fc1a276934a8676,3,active,12,89168
dynamic_range,fa373b8832a860302ce2b58bd712fc85ad4bf252bdfa9edf2fc1a276934a8676,3,active,13,88072
dynamic_range,fa373b8832a860302ce2b58bd712fc85ad4bf252bdfa9edf2fc1a276934a8676,3,active,14,88072
dynamic_range,fa373b8832a860302ce2b58bd712fc85ad4bf252bdfa9edf2fc1a276934a8676,3,active,15,88072
full_int8,fe8db97ca3a464f35deeba83f5f77d92dcae55c78c71cccfc1a847716e6e37e7,3,baseline,1,47923
full_int8,fe8db97ca3a464f35deeba83f5f77d92dcae55c78c71cccfc1a847716e6e37e7,3,baseline,2,45786
full_int8,fe8db97ca3a464f35deeba83f5f77d92dcae55c78c71cccfc1a847716e6e37e7,3,baseline,3,45784
full_int8,fe8db97ca3a464f35deeba83f5f77d92dcae55c78c71cccfc1a847716e6e37e7,3,baseline,4,45782
full_int8,fe8db97ca3a464f35deeba83f5f77d92dcae55c78c71cccfc1a847716e6e37e7,3,baseline,5,45940
full_int8,fe8db97ca3a464f35deeba83f5f77d92dcae55c78c71cccfc1a847716e6e37e7,3,active,1,53414
full_int8,fe8db97ca3a464f35deeba83f5f77d92dcae55c78c71cccfc1a847716e6e37e7,3,active,2,53246
full_int8,fe8db97ca3a464f35deeba83f5f77d92dcae55c78c71cccfc1a847716e6e37e7,3,active,3,53232
full_int8,fe8db97ca3a464f35deeba83f5f77d92dcae55c78c71cccfc1a847716e6e37e7,3,active,4,53230
full_int8,fe8db97ca3a464f35deeba83f5f77d92dcae55c78c71cccfc1a847716e6e37e7,3,active,5,53228
full_int8,fe8db97ca3a464f35deeba83f5f77d92dcae55c78c71cccfc1a847716e6e37e7,3,active,6,53226
full_int8,fe8db97ca3a464f35deeba83f5f77d92dcae55c78c71cccfc1a847716e6e37e7,3,active,7,53246
full_int8,fe8db97ca3a464f35deeba83f5f77d92dcae55c78c71cccfc1a847716e6e37e7,3,active,8,53254
full_int8,fe8db97ca3a464f35deeba83f5f77d92dcae55c78c71cccfc1a847716e6e37e7,3,active,9,53280
full_int8,fe8db97ca3a464f35deeba83f5f77d92dcae55c78c71cccfc1a847716e6e37e7,3,active,10,53228
full_int8,fe8db97ca3a464f35deeba83f5f77d92dcae55c78c71cccfc1a847716e6e37e7,3,active,11,53230
full_int8,fe8db97ca3a464f35deeba83f5f77d92dcae55c78c71cccfc1a847716e6e37e7,3,active,12,52232
full_int8,fe8db97ca3a464f35deeba83f5f77d92dcae55c78c71cccfc1a847716e6e37e7,3,active,13,51027
full_int8,fe8db97ca3a464f35deeba83f5f77d92dcae55c78c71cccfc1a847716e6e37e7,3,active,14,51026
full_int8,fe8db97ca3a464f35deeba83f5f77d92dcae55c78c71cccfc1a847716e6e37e7,3,active,15,51028
fp32,bbcdee096fe23d19026b530643c17e512ff9eacbb75404ec82683315768795bd,4,baseline,1,217748
fp32,bbcdee096fe23d19026b530643c17e512ff9eacbb75404ec82683315768795bd,4,baseline,2,81397
fp32,bbcdee096fe23d19026b530643c17e512ff9eacbb75404ec82683315768795bd,4,baseline,3,81378
fp32,bbcdee096fe23d19026b530643c17e512ff9eacbb75404ec82683315768795bd,4,baseline,4,81476
fp32,bbcdee096fe23d19026b530643c17e512ff9eacbb75404ec82683315768795bd,4,baseline,5,81480
fp32,bbcdee096fe23d19026b530643c17e512ff9eacbb75404ec82683315768795bd,4,active,1,95061
fp32,bbcdee096fe23d19026b530643c17e512ff9eacbb75404ec82683315768795bd,4,active,2,94898
fp32,bbcdee096fe23d19026b530643c17e512ff9eacbb75404ec82683315768795bd,4,active,3,94886
fp32,bbcdee096fe23d19026b530643c17e512ff9eacbb75404ec82683315768795bd,4,active,4,94885
fp32,bbcdee096fe23d19026b530643c17e512ff9eacbb75404ec82683315768795bd,4,active,5,94885
fp32,bbcdee096fe23d19026b530643c17e512ff9eacbb75404ec82683315768795bd,4,active,6,94882
fp32,bbcdee096fe23d19026b530643c17e512ff9eacbb75404ec82683315768795bd,4,active,7,94882
fp32,bbcdee096fe23d19026b530643c17e512ff9eacbb75404ec82683315768795bd,4,active,8,94881
fp32,bbcdee096fe23d19026b530643c17e512ff9eacbb75404ec82683315768795bd,4,active,9,94881
fp32,bbcdee096fe23d19026b530643c17e512ff9eacbb75404ec82683315768795bd,4,active,10,94854
fp32,bbcdee096fe23d19026b530643c17e512ff9eacbb75404ec82683315768795bd,4,active,11,91181
fp32,bbcdee096fe23d19026b530643c17e512ff9eacbb75404ec82683315768795bd,4,active,12,91181
fp32,bbcdee096fe23d19026b530643c17e512ff9eacbb75404ec82683315768795bd,4,active,13,91181
fp32,bbcdee096fe23d19026b530643c17e512ff9eacbb75404ec82683315768795bd,4,active,14,91181
fp32,bbcdee096fe23d19026b530643c17e512ff9eacbb75404ec82683315768795bd,4,active,15,91181
fp16,b3e37e8d3278cbcc60537a6ad1fec3a00d4b2de3506a379d8264febdd927e790,4,baseline,1,87252
fp16,b3e37e8d3278cbcc60537a6ad1fec3a00d4b2de3506a379d8264febdd927e790,4,baseline,2,81547
fp16,b3e37e8d3278cbcc60537a6ad1fec3a00d4b2de3506a379d8264febdd927e790,4,baseline,3,81533
fp16,b3e37e8d3278cbcc60537a6ad1fec3a00d4b2de3506a379d8264febdd927e790,4,baseline,4,81527
fp16,b3e37e8d3278cbcc60537a6ad1fec3a00d4b2de3506a379d8264febdd927e790,4,baseline,5,81529
fp16,b3e37e8d3278cbcc60537a6ad1fec3a00d4b2de3506a379d8264febdd927e790,4,active,1,97534
fp16,b3e37e8d3278cbcc60537a6ad1fec3a00d4b2de3506a379d8264febdd927e790,4,active,2,97406
fp16,b3e37e8d3278cbcc60537a6ad1fec3a00d4b2de3506a379d8264febdd927e790,4,active,3,97390
fp16,b3e37e8d3278cbcc60537a6ad1fec3a00d4b2de3506a379d8264febdd927e790,4,active,4,97391
fp16,b3e37e8d3278cbcc60537a6ad1fec3a00d4b2de3506a379d8264febdd927e790,4,active,5,97404
fp16,b3e37e8d3278cbcc60537a6ad1fec3a00d4b2de3506a379d8264febdd927e790,4,active,6,97403
fp16,b3e37e8d3278cbcc60537a6ad1fec3a00d4b2de3506a379d8264febdd927e790,4,active,7,97402
fp16,b3e37e8d3278cbcc60537a6ad1fec3a00d4b2de3506a379d8264febdd927e790,4,active,8,97390
fp16,b3e37e8d3278cbcc60537a6ad1fec3a00d4b2de3506a379d8264febdd927e790,4,active,9,97392
fp16,b3e37e8d3278cbcc60537a6ad1fec3a00d4b2de3506a379d8264febdd927e790,4,active,10,97410
fp16,b3e37e8d3278cbcc60537a6ad1fec3a00d4b2de3506a379d8264febdd927e790,4,active,11,97386
fp16,b3e37e8d3278cbcc60537a6ad1fec3a00d4b2de3506a379d8264febdd927e790,4,active,12,97359
fp16,b3e37e8d3278cbcc60537a6ad1fec3a00d4b2de3506a379d8264febdd927e790,4,active,13,95486
fp16,b3e37e8d3278cbcc60537a6ad1fec3a00d4b2de3506a379d8264febdd927e790,4,active,14,95489
fp16,b3e37e8d3278cbcc60537a6ad1fec3a00d4b2de3506a379d8264febdd927e790,4,active,15,95489
dynamic_range,fa373b8832a860302ce2b58bd712fc85ad4bf252bdfa9edf2fc1a276934a8676,4,baseline,1,217717
dynamic_range,fa373b8832a860302ce2b58bd712fc85ad4bf252bdfa9edf2fc1a276934a8676,4,baseline,2,81369
dynamic_range,fa373b8832a860302ce2b58bd712fc85ad4bf252bdfa9edf2fc1a276934a8676,4,baseline,3,81347
dynamic_range,fa373b8832a860302ce2b58bd712fc85ad4bf252bdfa9edf2fc1a276934a8676,4,baseline,4,81347
dynamic_range,fa373b8832a860302ce2b58bd712fc85ad4bf252bdfa9edf2fc1a276934a8676,4,baseline,5,81450
dynamic_range,fa373b8832a860302ce2b58bd712fc85ad4bf252bdfa9edf2fc1a276934a8676,4,active,1,90539
dynamic_range,fa373b8832a860302ce2b58bd712fc85ad4bf252bdfa9edf2fc1a276934a8676,4,active,2,90351
dynamic_range,fa373b8832a860302ce2b58bd712fc85ad4bf252bdfa9edf2fc1a276934a8676,4,active,3,90344
dynamic_range,fa373b8832a860302ce2b58bd712fc85ad4bf252bdfa9edf2fc1a276934a8676,4,active,4,90331
dynamic_range,fa373b8832a860302ce2b58bd712fc85ad4bf252bdfa9edf2fc1a276934a8676,4,active,5,90333
dynamic_range,fa373b8832a860302ce2b58bd712fc85ad4bf252bdfa9edf2fc1a276934a8676,4,active,6,90331
dynamic_range,fa373b8832a860302ce2b58bd712fc85ad4bf252bdfa9edf2fc1a276934a8676,4,active,7,90333
dynamic_range,fa373b8832a860302ce2b58bd712fc85ad4bf252bdfa9edf2fc1a276934a8676,4,active,8,90332
dynamic_range,fa373b8832a860302ce2b58bd712fc85ad4bf252bdfa9edf2fc1a276934a8676,4,active,9,90331
dynamic_range,fa373b8832a860302ce2b58bd712fc85ad4bf252bdfa9edf2fc1a276934a8676,4,active,10,90331
dynamic_range,fa373b8832a860302ce2b58bd712fc85ad4bf252bdfa9edf2fc1a276934a8676,4,active,11,90259
dynamic_range,fa373b8832a860302ce2b58bd712fc85ad4bf252bdfa9edf2fc1a276934a8676,4,active,12,89167
dynamic_range,fa373b8832a860302ce2b58bd712fc85ad4bf252bdfa9edf2fc1a276934a8676,4,active,13,89167
dynamic_range,fa373b8832a860302ce2b58bd712fc85ad4bf252bdfa9edf2fc1a276934a8676,4,active,14,89165
dynamic_range,fa373b8832a860302ce2b58bd712fc85ad4bf252bdfa9edf2fc1a276934a8676,4,active,15,89163
full_int8,fe8db97ca3a464f35deeba83f5f77d92dcae55c78c71cccfc1a847716e6e37e7,4,baseline,1,51496
full_int8,fe8db97ca3a464f35deeba83f5f77d92dcae55c78c71cccfc1a847716e6e37e7,4,baseline,2,45742
full_int8,fe8db97ca3a464f35deeba83f5f77d92dcae55c78c71cccfc1a847716e6e37e7,4,baseline,3,45778
full_int8,fe8db97ca3a464f35deeba83f5f77d92dcae55c78c71cccfc1a847716e6e37e7,4,baseline,4,45780
full_int8,fe8db97ca3a464f35deeba83f5f77d92dcae55c78c71cccfc1a847716e6e37e7,4,baseline,5,45925
full_int8,fe8db97ca3a464f35deeba83f5f77d92dcae55c78c71cccfc1a847716e6e37e7,4,active,1,53393
full_int8,fe8db97ca3a464f35deeba83f5f77d92dcae55c78c71cccfc1a847716e6e37e7,4,active,2,53234
full_int8,fe8db97ca3a464f35deeba83f5f77d92dcae55c78c71cccfc1a847716e6e37e7,4,active,3,53272
full_int8,fe8db97ca3a464f35deeba83f5f77d92dcae55c78c71cccfc1a847716e6e37e7,4,active,4,53244
full_int8,fe8db97ca3a464f35deeba83f5f77d92dcae55c78c71cccfc1a847716e6e37e7,4,active,5,53244
full_int8,fe8db97ca3a464f35deeba83f5f77d92dcae55c78c71cccfc1a847716e6e37e7,4,active,6,53237
full_int8,fe8db97ca3a464f35deeba83f5f77d92dcae55c78c71cccfc1a847716e6e37e7,4,active,7,53249
full_int8,fe8db97ca3a464f35deeba83f5f77d92dcae55c78c71cccfc1a847716e6e37e7,4,active,8,53222
full_int8,fe8db97ca3a464f35deeba83f5f77d92dcae55c78c71cccfc1a847716e6e37e7,4,active,9,53220
full_int8,fe8db97ca3a464f35deeba83f5f77d92dcae55c78c71cccfc1a847716e6e37e7,4,active,10,53274
full_int8,fe8db97ca3a464f35deeba83f5f77d92dcae55c78c71cccfc1a847716e6e37e7,4,active,11,53236
full_int8,fe8db97ca3a464f35deeba83f5f77d92dcae55c78c71cccfc1a847716e6e37e7,4,active,12,52550
full_int8,fe8db97ca3a464f35deeba83f5f77d92dcae55c78c71cccfc1a847716e6e37e7,4,active,13,51319
full_int8,fe8db97ca3a464f35deeba83f5f77d92dcae55c78c71cccfc1a847716e6e37e7,4,active,14,51319
full_int8,fe8db97ca3a464f35deeba83f5f77d92dcae55c78c71cccfc1a847716e6e37e7,4,active,15,51318
fp32,bbcdee096fe23d19026b530643c17e512ff9eacbb75404ec82683315768795bd,5,baseline,1,72118
fp32,bbcdee096fe23d19026b530643c17e512ff9eacbb75404ec82683315768795bd,5,baseline,2,79229
fp32,bbcdee096fe23d19026b530643c17e512ff9eacbb75404ec82683315768795bd,5,baseline,3,79016
fp32,bbcdee096fe23d19026b530643c17e512ff9eacbb75404ec82683315768795bd,5,baseline,4,78895
fp32,bbcdee096fe23d19026b530643c17e512ff9eacbb75404ec82683315768795bd,5,baseline,5,78896
fp32,bbcdee096fe23d19026b530643c17e512ff9eacbb75404ec82683315768795bd,5,active,1,92621
fp32,bbcdee096fe23d19026b530643c17e512ff9eacbb75404ec82683315768795bd,5,active,2,92457
fp32,bbcdee096fe23d19026b530643c17e512ff9eacbb75404ec82683315768795bd,5,active,3,92449
fp32,bbcdee096fe23d19026b530643c17e512ff9eacbb75404ec82683315768795bd,5,active,4,92449
fp32,bbcdee096fe23d19026b530643c17e512ff9eacbb75404ec82683315768795bd,5,active,5,92453
fp32,bbcdee096fe23d19026b530643c17e512ff9eacbb75404ec82683315768795bd,5,active,6,92444
fp32,bbcdee096fe23d19026b530643c17e512ff9eacbb75404ec82683315768795bd,5,active,7,92440
fp32,bbcdee096fe23d19026b530643c17e512ff9eacbb75404ec82683315768795bd,5,active,8,92440
fp32,bbcdee096fe23d19026b530643c17e512ff9eacbb75404ec82683315768795bd,5,active,9,92441
fp32,bbcdee096fe23d19026b530643c17e512ff9eacbb75404ec82683315768795bd,5,active,10,92440
fp32,bbcdee096fe23d19026b530643c17e512ff9eacbb75404ec82683315768795bd,5,active,11,92444
fp32,bbcdee096fe23d19026b530643c17e512ff9eacbb75404ec82683315768795bd,5,active,12,92428
fp32,bbcdee096fe23d19026b530643c17e512ff9eacbb75404ec82683315768795bd,5,active,13,88748
fp32,bbcdee096fe23d19026b530643c17e512ff9eacbb75404ec82683315768795bd,5,active,14,88748
fp32,bbcdee096fe23d19026b530643c17e512ff9eacbb75404ec82683315768795bd,5,active,15,88748
fp16,b3e37e8d3278cbcc60537a6ad1fec3a00d4b2de3506a379d8264febdd927e790,5,baseline,1,218368
fp16,b3e37e8d3278cbcc60537a6ad1fec3a00d4b2de3506a379d8264febdd927e790,5,baseline,2,81990
fp16,b3e37e8d3278cbcc60537a6ad1fec3a00d4b2de3506a379d8264febdd927e790,5,baseline,3,81966
fp16,b3e37e8d3278cbcc60537a6ad1fec3a00d4b2de3506a379d8264febdd927e790,5,baseline,4,82083
fp16,b3e37e8d3278cbcc60537a6ad1fec3a00d4b2de3506a379d8264febdd927e790,5,baseline,5,82143
fp16,b3e37e8d3278cbcc60537a6ad1fec3a00d4b2de3506a379d8264febdd927e790,5,active,1,97958
fp16,b3e37e8d3278cbcc60537a6ad1fec3a00d4b2de3506a379d8264febdd927e790,5,active,2,97224
fp16,b3e37e8d3278cbcc60537a6ad1fec3a00d4b2de3506a379d8264febdd927e790,5,active,3,97224
fp16,b3e37e8d3278cbcc60537a6ad1fec3a00d4b2de3506a379d8264febdd927e790,5,active,4,97203
fp16,b3e37e8d3278cbcc60537a6ad1fec3a00d4b2de3506a379d8264febdd927e790,5,active,5,97204
fp16,b3e37e8d3278cbcc60537a6ad1fec3a00d4b2de3506a379d8264febdd927e790,5,active,6,97204
fp16,b3e37e8d3278cbcc60537a6ad1fec3a00d4b2de3506a379d8264febdd927e790,5,active,7,97204
fp16,b3e37e8d3278cbcc60537a6ad1fec3a00d4b2de3506a379d8264febdd927e790,5,active,8,97203
fp16,b3e37e8d3278cbcc60537a6ad1fec3a00d4b2de3506a379d8264febdd927e790,5,active,9,97164
fp16,b3e37e8d3278cbcc60537a6ad1fec3a00d4b2de3506a379d8264febdd927e790,5,active,10,97161
fp16,b3e37e8d3278cbcc60537a6ad1fec3a00d4b2de3506a379d8264febdd927e790,5,active,11,96629
fp16,b3e37e8d3278cbcc60537a6ad1fec3a00d4b2de3506a379d8264febdd927e790,5,active,12,96581
fp16,b3e37e8d3278cbcc60537a6ad1fec3a00d4b2de3506a379d8264febdd927e790,5,active,13,94709
fp16,b3e37e8d3278cbcc60537a6ad1fec3a00d4b2de3506a379d8264febdd927e790,5,active,14,94710
fp16,b3e37e8d3278cbcc60537a6ad1fec3a00d4b2de3506a379d8264febdd927e790,5,active,15,94709
dynamic_range,fa373b8832a860302ce2b58bd712fc85ad4bf252bdfa9edf2fc1a276934a8676,5,baseline,1,75183
dynamic_range,fa373b8832a860302ce2b58bd712fc85ad4bf252bdfa9edf2fc1a276934a8676,5,baseline,2,81941
dynamic_range,fa373b8832a860302ce2b58bd712fc85ad4bf252bdfa9edf2fc1a276934a8676,5,baseline,3,81942
dynamic_range,fa373b8832a860302ce2b58bd712fc85ad4bf252bdfa9edf2fc1a276934a8676,5,baseline,4,82055
dynamic_range,fa373b8832a860302ce2b58bd712fc85ad4bf252bdfa9edf2fc1a276934a8676,5,baseline,5,82057
dynamic_range,fa373b8832a860302ce2b58bd712fc85ad4bf252bdfa9edf2fc1a276934a8676,5,active,1,91074
dynamic_range,fa373b8832a860302ce2b58bd712fc85ad4bf252bdfa9edf2fc1a276934a8676,5,active,2,90863
dynamic_range,fa373b8832a860302ce2b58bd712fc85ad4bf252bdfa9edf2fc1a276934a8676,5,active,3,90855
dynamic_range,fa373b8832a860302ce2b58bd712fc85ad4bf252bdfa9edf2fc1a276934a8676,5,active,4,90854
dynamic_range,fa373b8832a860302ce2b58bd712fc85ad4bf252bdfa9edf2fc1a276934a8676,5,active,5,90854
dynamic_range,fa373b8832a860302ce2b58bd712fc85ad4bf252bdfa9edf2fc1a276934a8676,5,active,6,90855
dynamic_range,fa373b8832a860302ce2b58bd712fc85ad4bf252bdfa9edf2fc1a276934a8676,5,active,7,90854
dynamic_range,fa373b8832a860302ce2b58bd712fc85ad4bf252bdfa9edf2fc1a276934a8676,5,active,8,90854
dynamic_range,fa373b8832a860302ce2b58bd712fc85ad4bf252bdfa9edf2fc1a276934a8676,5,active,9,90854
dynamic_range,fa373b8832a860302ce2b58bd712fc85ad4bf252bdfa9edf2fc1a276934a8676,5,active,10,90769
dynamic_range,fa373b8832a860302ce2b58bd712fc85ad4bf252bdfa9edf2fc1a276934a8676,5,active,11,89677
dynamic_range,fa373b8832a860302ce2b58bd712fc85ad4bf252bdfa9edf2fc1a276934a8676,5,active,12,89671
dynamic_range,fa373b8832a860302ce2b58bd712fc85ad4bf252bdfa9edf2fc1a276934a8676,5,active,13,89673
dynamic_range,fa373b8832a860302ce2b58bd712fc85ad4bf252bdfa9edf2fc1a276934a8676,5,active,14,89672
dynamic_range,fa373b8832a860302ce2b58bd712fc85ad4bf252bdfa9edf2fc1a276934a8676,5,active,15,89670
full_int8,fe8db97ca3a464f35deeba83f5f77d92dcae55c78c71cccfc1a847716e6e37e7,5,baseline,1,56780
full_int8,fe8db97ca3a464f35deeba83f5f77d92dcae55c78c71cccfc1a847716e6e37e7,5,baseline,2,63958
full_int8,fe8db97ca3a464f35deeba83f5f77d92dcae55c78c71cccfc1a847716e6e37e7,5,baseline,3,63944
full_int8,fe8db97ca3a464f35deeba83f5f77d92dcae55c78c71cccfc1a847716e6e37e7,5,baseline,4,63940
full_int8,fe8db97ca3a464f35deeba83f5f77d92dcae55c78c71cccfc1a847716e6e37e7,5,baseline,5,63944
full_int8,fe8db97ca3a464f35deeba83f5f77d92dcae55c78c71cccfc1a847716e6e37e7,5,active,1,82904
full_int8,fe8db97ca3a464f35deeba83f5f77d92dcae55c78c71cccfc1a847716e6e37e7,5,active,2,82944
full_int8,fe8db97ca3a464f35deeba83f5f77d92dcae55c78c71cccfc1a847716e6e37e7,5,active,3,82944
full_int8,fe8db97ca3a464f35deeba83f5f77d92dcae55c78c71cccfc1a847716e6e37e7,5,active,4,82936
full_int8,fe8db97ca3a464f35deeba83f5f77d92dcae55c78c71cccfc1a847716e6e37e7,5,active,5,82936
full_int8,fe8db97ca3a464f35deeba83f5f77d92dcae55c78c71cccfc1a847716e6e37e7,5,active,6,82935
full_int8,fe8db97ca3a464f35deeba83f5f77d92dcae55c78c71cccfc1a847716e6e37e7,5,active,7,82939
full_int8,fe8db97ca3a464f35deeba83f5f77d92dcae55c78c71cccfc1a847716e6e37e7,5,active,8,82963
full_int8,fe8db97ca3a464f35deeba83f5f77d92dcae55c78c71cccfc1a847716e6e37e7,5,active,9,82967
full_int8,fe8db97ca3a464f35deeba83f5f77d92dcae55c78c71cccfc1a847716e6e37e7,5,active,10,82983
full_int8,fe8db97ca3a464f35deeba83f5f77d92dcae55c78c71cccfc1a847716e6e37e7,5,active,11,82971
full_int8,fe8db97ca3a464f35deeba83f5f77d92dcae55c78c71cccfc1a847716e6e37e7,5,active,12,82969
full_int8,fe8db97ca3a464f35deeba83f5f77d92dcae55c78c71cccfc1a847716e6e37e7,5,active,13,82969
full_int8,fe8db97ca3a464f35deeba83f5f77d92dcae55c78c71cccfc1a847716e6e37e7,5,active,14,82969
full_int8,fe8db97ca3a464f35deeba83f5f77d92dcae55c78c71cccfc1a847716e6e37e7,5,active,15,91137
