scope,group,n,mean,min,q1,median,q3,max
overall_focus,focus_condition=blur,240,9.537818366716385,0.1860088818321771,4.148879667892306,7.832976159636294,12.690110266053864,64.79069288736846
overall_focus,focus_condition=tajam,240,610.9211842469867,0.5505535298746322,46.941324481917476,553.4162790130962,841.7213557279463,3590.676738632816
device_focus,device=poco | focus_condition=blur,120,10.034821166682775,0.1860088818321771,6.314886112689496,8.543519926262341,11.478205065124493,64.79069288736846
device_focus,device=poco | focus_condition=tajam,120,786.5640793043708,0.5505535298746322,16.418629535703285,759.0509828656841,1186.5510935056877,3590.676738632816
device_focus,device=redmi | focus_condition=blur,120,9.040815566749993,1.0217876975307598,3.9838156162986116,5.64309213983382,14.509541510495009,37.35940364196018
device_focus,device=redmi | focus_condition=tajam,120,435.2782891896028,1.0784519080731985,58.28321751552518,478.3803406101588,643.1148119941972,3052.0518923615277
lighting_focus,lighting=normal | focus_condition=blur,80,14.546033888790339,0.1860088818321771,7.455205794093331,14.693631379477715,17.0434928995086,64.79069288736846
lighting_focus,lighting=normal | focus_condition=tajam,80,1093.0767230327583,3.45988675256006,626.078215207505,835.0177493698036,1434.881456872156,3590.676738632816
lighting_focus,lighting=redup | focus_condition=blur,80,5.526486260806768,2.5029859273065673,3.8133975098976642,4.019681787832736,7.720983503628014,13.159056547765703
lighting_focus,lighting=redup | focus_condition=tajam,80,34.462617987061506,3.0781104480039887,13.505654788156988,21.69385703080441,51.14451468687413,259.3766997783853
lighting_focus,lighting=terang | focus_condition=blur,80,8.540934950552046,0.19267518863177177,5.370085176993371,8.581366163641999,10.839537429432154,22.46456369469139
lighting_focus,lighting=terang | focus_condition=tajam,80,705.2242117211405,0.5505535298746322,515.3863607710381,642.7040549151625,841.7213557279463,3052.0518923615277
device_lighting_focus,device=poco | lighting=normal | focus_condition=blur,40,13.32846855265916,0.1860088818321771,6.177511681500915,8.134946993481101,17.420400512041244,64.79069288736846
device_lighting_focus,device=poco | lighting=normal | focus_condition=tajam,40,1509.5347959351477,3.45988675256006,1041.264995494099,1428.5774146459298,1843.818588311038,3590.676738632816
device_lighting_focus,device=poco | lighting=redup | focus_condition=blur,40,7.106816751248855,3.6356896940086156,4.023244320538948,7.524597429863297,8.97844750550181,13.159056547765703
device_lighting_focus,device=poco | lighting=redup | focus_condition=tajam,40,14.61664685518943,9.027150723112781,12.38145847914236,13.642090928773026,16.616912152509645,24.473738178266554
device_lighting_focus,device=poco | lighting=terang | focus_condition=blur,40,9.669178196140312,0.19267518863177177,8.302193112427641,9.428982423891876,11.609747955047874,15.70682693989882
device_lighting_focus,device=poco | lighting=terang | focus_condition=tajam,40,835.5407951227751,0.5505535298746322,651.0751683412757,822.0001651010002,965.1106715652209,2473.385275917519
device_lighting_focus,device=redmi | lighting=normal | focus_condition=blur,40,15.763599224921517,3.339253775478299,14.286038162467467,16.30775394192701,17.0434928995086,37.35940364196018
device_lighting_focus,device=redmi | lighting=normal | focus_condition=tajam,40,676.6186501303689,8.105252749585924,552.3912858156673,676.3548268442983,748.7391461084724,2298.1407425347634
device_lighting_focus,device=redmi | lighting=redup | focus_condition=blur,40,3.946155770364682,2.5029859273065673,3.73682187678253,3.935308060416948,4.0161429717604955,9.054522593293672
device_lighting_focus,device=redmi | lighting=redup | focus_condition=tajam,40,54.30858911893358,3.0781104480039887,36.035025225417456,51.15828831101165,59.662474485310895,259.3766997783853
device_lighting_focus,device=redmi | lighting=terang | focus_condition=blur,40,7.4126917049637795,1.0217876975307598,4.9082356457064,5.64309213983382,10.002361570496298,22.46456369469139
device_lighting_focus,device=redmi | lighting=terang | focus_condition=tajam,40,574.9076283195058,1.0784519080731985,415.470230696663,549.7207262518907,587.8498506370499,3052.0518923615277
