threshold,sensitivity,specificity,youden_j,balanced_accuracy,min_sensitivity_specificity,abs_sensitivity_specificity_gap,tp_sharp_accepted,fn_sharp_rejected,tn_blur_rejected,fp_blur_accepted,is_max_youden
0.18600888183217706,1.0,0.0,0.0,0.5,0.0,1.0,240,0,0,240,False
0.18934203523197443,1.0,0.004166666666666667,0.004166666666666652,0.5020833333333333,0.004166666666666667,0.9958333333333333,240,0,1,239,False
0.371614359253202,1.0,0.008333333333333333,0.008333333333333304,0.5041666666666667,0.008333333333333333,0.9916666666666667,240,0,2,238,False
0.786170613702696,0.9958333333333333,0.008333333333333333,0.004166666666666652,0.5020833333333333,0.008333333333333333,0.9875,239,1,2,238,False
1.0501198028019791,0.9958333333333333,0.0125,0.008333333333333304,0.5041666666666667,0.0125,0.9833333333333334,239,1,3,237,False
1.7907189176898828,0.9916666666666667,0.0125,0.004166666666666652,0.5020833333333333,0.0125,0.9791666666666667,238,2,3,237,False
2.6460015651936013,0.9916666666666667,0.016666666666666666,0.008333333333333304,0.5041666666666667,0.016666666666666666,0.975,238,2,4,236,False
2.8263508692937904,0.9916666666666667,0.020833333333333332,0.012499999999999956,0.50625,0.020833333333333332,0.9708333333333333,238,2,5,235,False
2.8721692974612543,0.9916666666666667,0.025,0.016666666666666607,0.5083333333333333,0.025,0.9666666666666667,238,2,6,234,False
2.9793822537097756,0.9916666666666667,0.029166666666666667,0.02083333333333326,0.5104166666666666,0.029166666666666667,0.9625,238,2,7,233,False
3.0938077877822474,0.9875,0.029166666666666667,0.016666666666666607,0.5083333333333333,0.029166666666666667,0.9583333333333334,237,3,7,233,False
3.224379451519402,0.9875,0.03333333333333333,0.02083333333333348,0.5104166666666667,0.03333333333333333,0.9541666666666667,237,3,8,232,False
3.398249566779129,0.9875,0.0375,0.025000000000000133,0.5125000000000001,0.0375,0.9500000000000001,237,3,9,231,False
3.4585660553200093,0.9875,0.041666666666666664,0.029166666666666785,0.5145833333333334,0.041666666666666664,0.9458333333333334,237,3,10,230,False
3.4791911901057047,0.9833333333333333,0.041666666666666664,0.02499999999999991,0.5125,0.041666666666666664,0.9416666666666667,236,4,10,230,False
3.526459436635935,0.9833333333333333,0.04583333333333333,0.029166666666666563,0.5145833333333333,0.04583333333333333,0.9375,236,4,11,229,False
3.574997944808638,0.9833333333333333,0.05,0.033333333333333215,0.5166666666666666,0.05,0.9333333333333332,236,4,12,228,False
3.6039619438505612,0.9833333333333333,0.05416666666666667,0.03749999999999987,0.5187499999999999,0.05416666666666667,0.9291666666666666,236,4,13,227,False
3.616820125400343,0.9833333333333333,0.058333333333333334,0.04166666666666652,0.5208333333333333,0.058333333333333334,0.9249999999999999,236,4,14,226,False
3.628489350552467,0.9833333333333333,0.0625,0.04583333333333339,0.5229166666666667,0.0625,0.9208333333333333,236,4,15,225,False
3.6429130811520687,0.9833333333333333,0.06666666666666667,0.050000000000000044,0.525,0.06666666666666667,0.9166666666666666,236,4,16,224,False
3.655743872900972,0.9833333333333333,0.07083333333333333,0.054166666666666696,0.5270833333333333,0.07083333333333333,0.9125,236,4,17,223,False
3.670780890932387,0.9833333333333333,0.075,0.05833333333333335,0.5291666666666667,0.075,0.9083333333333333,236,4,18,222,False
3.6871264634374734,0.9833333333333333,0.07916666666666666,0.0625,0.53125,0.07916666666666666,0.9041666666666666,236,4,19,221,False
3.7134125648774408,0.9833333333333333,0.08333333333333333,0.06666666666666665,0.5333333333333333,0.08333333333333333,0.8999999999999999,236,4,20,220,False
3.7338537658323645,0.9833333333333333,0.0875,0.0708333333333333,0.5354166666666667,0.0875,0.8958333333333333,236,4,21,219,False
3.736546545528527,0.9833333333333333,0.09166666666666666,0.07499999999999996,0.5375,0.09166666666666666,0.8916666666666666,236,4,22,218,False
3.745055408781914,0.9833333333333333,0.09583333333333334,0.07916666666666661,0.5395833333333333,0.09583333333333334,0.8875,236,4,23,217,False
3.7523654065988863,0.9833333333333333,0.1,0.08333333333333326,0.5416666666666666,0.1,0.8833333333333333,236,4,24,216,False
3.76180527705975,0.9833333333333333,0.10416666666666667,0.08749999999999991,0.54375,0.10416666666666667,0.8791666666666667,236,4,25,215,False
3.771083358921616,0.9833333333333333,0.10833333333333334,0.09166666666666656,0.5458333333333333,0.10833333333333334,0.875,236,4,26,214,False
3.781682387412748,0.9833333333333333,0.1125,0.09583333333333321,0.5479166666666666,0.1125,0.8708333333333332,236,4,27,213,False
3.806271789544179,0.9833333333333333,0.11666666666666667,0.09999999999999987,0.5499999999999999,0.11666666666666667,0.8666666666666666,236,4,28,212,False
3.8257884970285883,0.9833333333333333,0.12083333333333333,0.10416666666666652,0.5520833333333333,0.12083333333333333,0.8624999999999999,236,4,29,211,False
3.846586031696821,0.9833333333333333,0.125,0.10833333333333339,0.5541666666666667,0.125,0.8583333333333333,236,4,30,210,False
3.870341848396726,0.9833333333333333,0.12916666666666668,0.11250000000000004,0.55625,0.12916666666666668,0.8541666666666666,236,4,31,209,False
3.882391931634287,0.9833333333333333,0.13333333333333333,0.1166666666666667,0.5583333333333333,0.13333333333333333,0.85,236,4,32,208,False
3.887588218482528,0.9833333333333333,0.1375,0.12083333333333335,0.5604166666666667,0.1375,0.8458333333333332,236,4,33,207,False
3.9014774853793304,0.9833333333333333,0.14166666666666666,0.125,0.5625,0.14166666666666666,0.8416666666666666,236,4,34,206,False
3.9164111556814607,0.9833333333333333,0.14583333333333334,0.12916666666666665,0.5645833333333333,0.14583333333333334,0.8374999999999999,236,4,35,205,False
3.9241582948656477,0.9833333333333333,0.15,0.1333333333333333,0.5666666666666667,0.15,0.8333333333333333,236,4,36,204,False
3.935308060416948,0.9833333333333333,0.15416666666666667,0.13749999999999996,0.56875,0.15416666666666667,0.8291666666666666,236,4,37,203,False
3.945943069522377,0.9833333333333333,0.15833333333333333,0.1416666666666666,0.5708333333333333,0.15833333333333333,0.825,236,4,38,202,False
3.9636581756608305,0.9833333333333333,0.1625,0.14583333333333326,0.5729166666666666,0.1625,0.8208333333333333,236,4,39,201,False
3.9789676703412318,0.9833333333333333,0.16666666666666666,0.1499999999999999,0.575,0.16666666666666666,0.8166666666666667,236,4,40,200,False
3.9830038394645335,0.9833333333333333,0.17083333333333334,0.15416666666666656,0.5770833333333333,0.17083333333333334,0.8125,236,4,41,199,False
3.9860487814095036,0.9833333333333333,0.175,0.15833333333333321,0.5791666666666666,0.175,0.8083333333333333,236,4,42,198,False
3.9879609457128433,0.9833333333333333,0.17916666666666667,0.16249999999999987,0.5812499999999999,0.17916666666666667,0.8041666666666666,236,4,43,197,False
3.9887280157242935,0.9833333333333333,0.18333333333333332,0.16666666666666652,0.5833333333333333,0.18333333333333332,0.7999999999999999,236,4,44,196,False
3.9897201675472806,0.9833333333333333,0.1875,0.1708333333333334,0.5854166666666667,0.1875,0.7958333333333333,236,4,45,195,False
4.002958437177824,0.9833333333333333,0.19166666666666668,0.17500000000000004,0.5875,0.19166666666666668,0.7916666666666666,236,4,46,194,False
4.015850865834361,0.9833333333333333,0.19583333333333333,0.1791666666666667,0.5895833333333333,0.19583333333333333,0.7875,236,4,47,193,False
4.017175111414743,0.9833333333333333,0.2,0.18333333333333335,0.5916666666666667,0.2,0.7833333333333332,236,4,48,192,False
4.019681787832736,0.9833333333333333,0.20416666666666666,0.1875,0.59375,0.20416666666666666,0.7791666666666666,236,4,49,191,False
4.0225742922041,0.9833333333333333,0.20833333333333334,0.19166666666666665,0.5958333333333333,0.20833333333333334,0.7749999999999999,236,4,50,190,False
4.02597055969663,0.9833333333333333,0.2125,0.1958333333333333,0.5979166666666667,0.2125,0.7708333333333333,236,4,51,189,False
4.039587441759867,0.9833333333333333,0.21666666666666667,0.19999999999999996,0.6,0.21666666666666667,0.7666666666666666,236,4,52,188,False
4.052176510925458,0.9833333333333333,0.22083333333333333,0.2041666666666666,0.6020833333333333,0.22083333333333333,0.7625,236,4,53,187,False
4.055671862482676,0.9833333333333333,0.225,0.20833333333333326,0.6041666666666666,0.225,0.7583333333333333,236,4,54,186,False
4.081030224307035,0.9833333333333333,0.22916666666666666,0.2124999999999999,0.60625,0.22916666666666666,0.7541666666666667,236,4,55,185,False
4.112784137106184,0.9833333333333333,0.23333333333333334,0.21666666666666656,0.6083333333333333,0.23333333333333334,0.75,236,4,56,184,False
4.123157505271008,0.9833333333333333,0.2375,0.22083333333333321,0.6104166666666666,0.2375,0.7458333333333333,236,4,57,183,False
4.128605982937357,0.9833333333333333,0.24166666666666667,0.22499999999999987,0.6124999999999999,0.24166666666666667,0.7416666666666666,236,4,58,182,False
4.13286004697457,0.9833333333333333,0.24583333333333332,0.22916666666666652,0.6145833333333333,0.24583333333333332,0.7374999999999999,236,4,59,181,False
4.140748773117712,0.9833333333333333,0.25,0.2333333333333334,0.6166666666666667,0.25,0.7333333333333333,236,4,60,180,False
4.151217553776958,0.9791666666666666,0.25,0.22916666666666652,0.6145833333333333,0.25,0.7291666666666666,235,5,60,180,False
4.162831000023239,0.9791666666666666,0.25416666666666665,0.2333333333333334,0.6166666666666667,0.25416666666666665,0.725,235,5,61,179,False
4.229127855164531,0.9791666666666666,0.25833333333333336,0.23750000000000004,0.61875,0.25833333333333336,0.7208333333333332,235,5,62,178,False
4.2880370680013815,0.9791666666666666,0.2625,0.2416666666666667,0.6208333333333333,0.2625,0.7166666666666666,235,5,63,177,False
4.4490326735229475,0.9791666666666666,0.26666666666666666,0.24583333333333335,0.6229166666666667,0.26666666666666666,0.7124999999999999,235,5,64,176,False
4.66937113956763,0.9791666666666666,0.2708333333333333,0.25,0.625,0.2708333333333333,0.7083333333333333,235,5,65,175,False
4.809047704417929,0.9791666666666666,0.275,0.25416666666666665,0.6270833333333333,0.275,0.7041666666666666,235,5,66,174,False
4.901507800220347,0.9791666666666666,0.2791666666666667,0.2583333333333333,0.6291666666666667,0.2791666666666667,0.7,235,5,67,173,False
4.974428679300889,0.9791666666666666,0.2833333333333333,0.26249999999999996,0.63125,0.2833333333333333,0.6958333333333333,235,5,68,172,False
5.120516554800695,0.9791666666666666,0.2875,0.2666666666666666,0.6333333333333333,0.2875,0.6916666666666667,235,5,69,171,False
5.215983848705948,0.9791666666666666,0.2916666666666667,0.27083333333333326,0.6354166666666666,0.2916666666666667,0.6875,235,5,70,170,False
5.228950351409905,0.9791666666666666,0.29583333333333334,0.2749999999999999,0.6375,0.29583333333333334,0.6833333333333333,235,5,71,169,False
5.238727503265223,0.9791666666666666,0.3,0.27916666666666656,0.6395833333333333,0.3,0.6791666666666667,235,5,72,168,False
5.259596898918316,0.9791666666666666,0.30416666666666664,0.2833333333333332,0.6416666666666666,0.30416666666666664,0.675,235,5,73,167,False
5.278815242508619,0.9791666666666666,0.30833333333333335,0.2875000000000001,0.64375,0.30833333333333335,0.6708333333333333,235,5,74,166,False
5.290999100944556,0.9791666666666666,0.3125,0.2916666666666665,0.6458333333333333,0.3125,0.6666666666666666,235,5,75,165,False
5.311108212394157,0.9791666666666666,0.31666666666666665,0.2958333333333334,0.6479166666666667,0.31666666666666665,0.6625,235,5,76,164,False
5.326438217381346,0.9791666666666666,0.32083333333333336,0.30000000000000004,0.65,0.32083333333333336,0.6583333333333332,235,5,77,163,False
5.330395336912808,0.9791666666666666,0.325,0.3041666666666667,0.6520833333333333,0.325,0.6541666666666666,235,5,78,162,False
5.331113951062717,0.9791666666666666,0.32916666666666666,0.30833333333333335,0.6541666666666667,0.32916666666666666,0.6499999999999999,235,5,79,161,False
5.337138637971181,0.9791666666666666,0.3333333333333333,0.3125,0.65625,0.3333333333333333,0.6458333333333333,235,5,80,160,False
5.361057211958956,0.9791666666666666,0.3375,0.31666666666666665,0.6583333333333333,0.3375,0.6416666666666666,235,5,81,159,False
5.381712187661577,0.9791666666666666,0.3416666666666667,0.3208333333333333,0.6604166666666667,0.3416666666666667,0.6375,235,5,82,158,False
5.490574829498169,0.9791666666666666,0.3458333333333333,0.32499999999999996,0.6625,0.3458333333333333,0.6333333333333333,235,5,83,157,False
5.634600487275053,0.9791666666666666,0.35,0.3291666666666666,0.6645833333333333,0.35,0.6291666666666667,235,5,84,156,False
5.680854201407904,0.9791666666666666,0.3541666666666667,0.33333333333333326,0.6666666666666666,0.3541666666666667,0.625,235,5,85,155,False
5.710363225793503,0.9791666666666666,0.35833333333333334,0.3374999999999999,0.66875,0.35833333333333334,0.6208333333333333,235,5,86,154,False
5.816253325673294,0.9791666666666666,0.3625,0.34166666666666656,0.6708333333333333,0.3625,0.6166666666666667,235,5,87,153,False
5.904338776327318,0.9791666666666666,0.36666666666666664,0.3458333333333332,0.6729166666666666,0.36666666666666664,0.6125,235,5,88,152,False
5.911102140029536,0.9791666666666666,0.37083333333333335,0.3500000000000001,0.675,0.37083333333333335,0.6083333333333333,235,5,89,151,False
6.0004623818925324,0.9791666666666666,0.375,0.3541666666666665,0.6770833333333333,0.375,0.6041666666666666,235,5,90,150,False
6.11054488948054,0.9791666666666666,0.37916666666666665,0.3583333333333334,0.6791666666666667,0.37916666666666665,0.6,235,5,91,149,False
6.137435110344338,0.9791666666666666,0.38333333333333336,0.36250000000000004,0.68125,0.38333333333333336,0.5958333333333332,235,5,92,148,False
6.152667770735091,0.9791666666666666,0.3875,0.3666666666666667,0.6833333333333333,0.3875,0.5916666666666666,235,5,93,147,False
6.1734227973207645,0.9791666666666666,0.39166666666666666,0.37083333333333335,0.6854166666666667,0.39166666666666666,0.5874999999999999,235,5,94,146,False
6.194743696001542,0.9791666666666666,0.3958333333333333,0.375,0.6875,0.3958333333333333,0.5833333333333333,235,5,95,145,False
6.279232379942918,0.9791666666666666,0.4,0.37916666666666665,0.6895833333333333,0.4,0.5791666666666666,235,5,96,144,False
6.494234376898234,0.9791666666666666,0.4041666666666667,0.3833333333333333,0.6916666666666667,0.4041666666666667,0.575,235,5,97,143,False
6.688148683794919,0.9791666666666666,0.4083333333333333,0.38749999999999996,0.69375,0.4083333333333333,0.5708333333333333,235,5,98,142,False
6.810951459598257,0.9791666666666666,0.4125,0.3916666666666666,0.6958333333333333,0.4125,0.5666666666666667,235,5,99,141,False
6.941983621033074,0.9791666666666666,0.4166666666666667,0.39583333333333326,0.6979166666666666,0.4166666666666667,0.5625,235,5,100,140,False
7.051332796547909,0.9791666666666666,0.42083333333333334,0.3999999999999999,0.7,0.42083333333333334,0.5583333333333333,235,5,101,139,False
7.103798089854778,0.9791666666666666,0.425,0.40416666666666656,0.7020833333333333,0.425,0.5541666666666667,235,5,102,138,False
7.129262285260669,0.9791666666666666,0.42916666666666664,0.4083333333333332,0.7041666666666666,0.42916666666666664,0.55,235,5,103,137,False
7.162698572386271,0.9791666666666666,0.43333333333333335,0.4125000000000001,0.70625,0.43333333333333335,0.5458333333333333,235,5,104,136,False
7.176093174379672,0.9791666666666666,0.4375,0.4166666666666665,0.7083333333333333,0.4375,0.5416666666666666,235,5,105,135,False
7.1841082357252635,0.9791666666666666,0.44166666666666665,0.4208333333333334,0.7104166666666667,0.44166666666666665,0.5375,235,5,106,134,False
7.219675676346478,0.9791666666666666,0.44583333333333336,0.42500000000000004,0.7125,0.44583333333333336,0.5333333333333332,235,5,107,133,False
7.276903459055857,0.9791666666666666,0.45,0.4291666666666667,0.7145833333333333,0.45,0.5291666666666666,235,5,108,132,False
7.306913138477592,0.9791666666666666,0.45416666666666666,0.43333333333333335,0.7166666666666667,0.45416666666666666,0.5249999999999999,235,5,109,131,False
7.311917527300805,0.9791666666666666,0.4583333333333333,0.4375,0.71875,0.4583333333333333,0.5208333333333333,235,5,110,130,False
7.325828303230595,0.9791666666666666,0.4625,0.44166666666666665,0.7208333333333333,0.4625,0.5166666666666666,235,5,111,129,False
7.3623996274466,0.9791666666666666,0.4666666666666667,0.4458333333333333,0.7229166666666667,0.4666666666666667,0.5125,235,5,112,128,False
7.432094881779688,0.9791666666666666,0.4708333333333333,0.44999999999999996,0.725,0.4708333333333333,0.5083333333333333,235,5,113,127,False
7.483892511983919,0.9791666666666666,0.475,0.4541666666666666,0.7270833333333333,0.475,0.5041666666666667,235,5,114,126,False
7.531792011395102,0.9791666666666666,0.4791666666666667,0.45833333333333326,0.7291666666666666,0.4791666666666667,0.49999999999999994,235,5,115,125,False
7.642192183607567,0.9791666666666666,0.48333333333333334,0.4624999999999999,0.73125,0.48333333333333334,0.4958333333333333,235,5,116,124,False
7.731698345270235,0.9791666666666666,0.4875,0.46666666666666656,0.7333333333333333,0.4875,0.49166666666666664,235,5,117,123,False
7.753376487959642,0.9791666666666666,0.49166666666666664,0.4708333333333332,0.7354166666666666,0.49166666666666664,0.4875,235,5,118,122,False
7.7786595588633105,0.9791666666666666,0.49583333333333335,0.4750000000000001,0.7375,0.49583333333333335,0.4833333333333333,235,5,119,121,False
7.832976159636294,0.9791666666666666,0.5,0.4791666666666665,0.7395833333333333,0.5,0.47916666666666663,235,5,120,120,False
7.869947741049261,0.9791666666666666,0.5041666666666667,0.4833333333333334,0.7416666666666667,0.5041666666666667,0.475,235,5,121,119,False
7.919592324587464,0.9791666666666666,0.5083333333333333,0.4874999999999998,0.7437499999999999,0.5083333333333333,0.4708333333333333,235,5,122,118,False
8.019629377556345,0.9791666666666666,0.5125,0.4916666666666667,0.7458333333333333,0.5125,0.4666666666666667,235,5,123,117,False
8.091482094355815,0.9791666666666666,0.5166666666666667,0.49583333333333335,0.7479166666666667,0.5166666666666667,0.4624999999999999,235,5,124,116,False
8.206699225721675,0.975,0.5166666666666667,0.4916666666666667,0.7458333333333333,0.5166666666666667,0.45833333333333326,234,6,124,116,False
8.35020117781584,0.975,0.5208333333333334,0.49583333333333335,0.7479166666666667,0.5208333333333334,0.4541666666666666,234,6,125,115,False
8.403999182507725,0.975,0.525,0.5,0.75,0.525,0.44999999999999996,234,6,126,114,False
8.424010594330351,0.975,0.5291666666666667,0.5041666666666667,0.7520833333333333,0.5291666666666667,0.4458333333333333,234,6,127,113,False
8.476540234582213,0.975,0.5333333333333333,0.5083333333333333,0.7541666666666667,0.5333333333333333,0.44166666666666665,234,6,128,112,False
8.543519926262341,0.975,0.5375,0.5125,0.75625,0.5375,0.4375,234,6,129,111,False
8.572018299659288,0.975,0.5416666666666666,0.5166666666666666,0.7583333333333333,0.5416666666666666,0.43333333333333335,234,6,130,110,False
8.581366163641999,0.975,0.5458333333333333,0.5208333333333333,0.7604166666666666,0.5458333333333333,0.4291666666666667,234,6,131,109,False
8.588359168984141,0.975,0.55,0.5249999999999999,0.7625,0.55,0.42499999999999993,234,6,132,108,False
8.601151936813691,0.975,0.5541666666666667,0.5291666666666668,0.7645833333333334,0.5541666666666667,0.4208333333333333,234,6,133,107,False
8.612034481923788,0.975,0.5583333333333333,0.5333333333333332,0.7666666666666666,0.5583333333333333,0.41666666666666663,234,6,134,106,False
8.681016075062683,0.975,0.5625,0.5375000000000001,0.76875,0.5625,0.4125,234,6,135,105,False
8.796765212402333,0.975,0.5666666666666667,0.5416666666666665,0.7708333333333333,0.5666666666666667,0.4083333333333333,234,6,136,104,False
8.90836665293687,0.975,0.5708333333333333,0.5458333333333334,0.7729166666666667,0.5708333333333333,0.4041666666666667,234,6,137,103,False
8.985208819252474,0.975,0.575,0.5499999999999998,0.7749999999999999,0.575,0.4,234,6,138,102,False
9.012941084933292,0.975,0.5791666666666667,0.5541666666666667,0.7770833333333333,0.5791666666666667,0.39583333333333326,234,6,139,101,False
9.040836658203226,0.9708333333333333,0.5791666666666667,0.55,0.775,0.5791666666666667,0.3916666666666666,233,7,139,101,False
9.077067721348133,0.9708333333333333,0.5833333333333334,0.5541666666666667,0.7770833333333333,0.5833333333333334,0.38749999999999996,233,7,140,100,False
9.102411001745928,0.9708333333333333,0.5875,0.5583333333333333,0.7791666666666667,0.5875,0.3833333333333333,233,7,141,99,False
9.194728396913515,0.9708333333333333,0.5916666666666667,0.5625,0.78125,0.5916666666666667,0.37916666666666665,233,7,142,98,False
9.289812542949067,0.9708333333333333,0.5958333333333333,0.5666666666666667,0.7833333333333333,0.5958333333333333,0.375,233,7,143,97,False
9.336219731103705,0.9708333333333333,0.6,0.5708333333333333,0.7854166666666667,0.6,0.37083333333333335,233,7,144,96,False
9.40281638863328,0.9708333333333333,0.6041666666666666,0.575,0.7875,0.6041666666666666,0.3666666666666667,233,7,145,95,False
9.430055637422264,0.9708333333333333,0.6083333333333333,0.5791666666666666,0.7895833333333333,0.6083333333333333,0.36250000000000004,233,7,146,94,False
9.45622167268086,0.9708333333333333,0.6125,0.5833333333333335,0.7916666666666667,0.6125,0.3583333333333333,233,7,147,93,False
9.535767549351613,0.9708333333333333,0.6166666666666667,0.5874999999999999,0.79375,0.6166666666666667,0.35416666666666663,233,7,148,92,False
9.59389382342236,0.9708333333333333,0.6208333333333333,0.5916666666666668,0.7958333333333334,0.6208333333333333,0.35,233,7,149,91,False
9.600488653581301,0.9708333333333333,0.625,0.5958333333333332,0.7979166666666666,0.625,0.3458333333333333,233,7,150,90,False
9.629267522948219,0.9708333333333333,0.6291666666666667,0.6000000000000001,0.8,0.6291666666666667,0.3416666666666667,233,7,151,89,False
9.65799257580393,0.9708333333333333,0.6333333333333333,0.6041666666666665,0.8020833333333333,0.6333333333333333,0.3375,233,7,152,88,False
9.72969023547099,0.9708333333333333,0.6375,0.6083333333333334,0.8041666666666667,0.6375,0.33333333333333337,233,7,153,87,False
9.870547469098778,0.9708333333333333,0.6416666666666667,0.6125,0.80625,0.6416666666666667,0.3291666666666666,233,7,154,86,False
9.972937826734645,0.9708333333333333,0.6458333333333334,0.6166666666666667,0.8083333333333333,0.6458333333333334,0.32499999999999996,233,7,155,85,False
10.041413711816752,0.9708333333333333,0.65,0.6208333333333333,0.8104166666666667,0.65,0.3208333333333333,233,7,156,84,False
10.109305107317844,0.9708333333333333,0.6541666666666667,0.625,0.8125,0.6541666666666667,0.31666666666666665,233,7,157,83,False
10.15957936272553,0.9708333333333333,0.6583333333333333,0.6291666666666667,0.8145833333333333,0.6583333333333333,0.3125,233,7,158,82,False
10.221933229379912,0.9708333333333333,0.6625,0.6333333333333333,0.8166666666666667,0.6625,0.30833333333333335,233,7,159,81,False
10.274897042715125,0.9708333333333333,0.6666666666666666,0.6375,0.81875,0.6666666666666666,0.3041666666666667,233,7,160,80,False
10.320722343843975,0.9666666666666667,0.6666666666666666,0.6333333333333333,0.8166666666666667,0.6666666666666666,0.30000000000000004,232,8,160,80,False
10.370844539094318,0.9666666666666667,0.6708333333333333,0.6375,0.81875,0.6708333333333333,0.2958333333333334,232,8,161,79,False
10.419857267901584,0.9625,0.6708333333333333,0.6333333333333333,0.8166666666666667,0.6708333333333333,0.29166666666666674,231,9,161,79,False
10.468824011159644,0.9583333333333334,0.6708333333333333,0.6291666666666667,0.8145833333333333,0.6708333333333333,0.2875000000000001,230,10,161,79,False
10.535775854018818,0.9583333333333334,0.675,0.6333333333333333,0.8166666666666667,0.675,0.2833333333333333,230,10,162,78,False
10.686517500567277,0.9541666666666667,0.675,0.6291666666666669,0.8145833333333334,0.675,0.2791666666666667,229,11,162,78,False
10.81712557839236,0.9541666666666667,0.6791666666666667,0.6333333333333333,0.8166666666666667,0.6791666666666667,0.275,229,11,163,77,False
10.924049281226383,0.95,0.6791666666666667,0.6291666666666667,0.8145833333333333,0.6791666666666667,0.27083333333333326,228,12,163,77,False
11.016169064320593,0.95,0.6833333333333333,0.6333333333333333,0.8166666666666667,0.6833333333333333,0.2666666666666666,228,12,164,76,False
11.089869469112315,0.95,0.6875,0.6375,0.81875,0.6875,0.26249999999999996,228,12,165,75,False
11.152988651507808,0.95,0.6916666666666667,0.6416666666666666,0.8208333333333333,0.6916666666666667,0.2583333333333333,228,12,166,74,False
11.289711898765617,0.9458333333333333,0.6916666666666667,0.6375,0.81875,0.6916666666666667,0.25416666666666665,227,13,166,74,False
11.426300424893249,0.9458333333333333,0.6958333333333333,0.6416666666666666,0.8208333333333333,0.6958333333333333,0.25,227,13,167,73,False
11.467307600970665,0.9458333333333333,0.7,0.6458333333333333,0.8229166666666666,0.7,0.24583333333333335,227,13,168,72,False
11.560056607211154,0.9416666666666667,0.7,0.6416666666666666,0.8208333333333333,0.7,0.2416666666666667,226,14,168,72,False
11.740859713400225,0.9416666666666667,0.7041666666666667,0.6458333333333335,0.8229166666666667,0.7041666666666667,0.23749999999999993,226,14,169,71,False
11.99284222679309,0.9416666666666667,0.7083333333333334,0.6499999999999999,0.825,0.7083333333333334,0.23333333333333328,226,14,170,70,False
12.132396867724852,0.9416666666666667,0.7125,0.6541666666666668,0.8270833333333334,0.7125,0.22916666666666663,226,14,171,69,False
12.152996314125772,0.9416666666666667,0.7166666666666667,0.6583333333333332,0.8291666666666666,0.7166666666666667,0.22499999999999998,226,14,172,68,False
12.179688288509869,0.9416666666666667,0.7208333333333333,0.6625000000000001,0.83125,0.7208333333333333,0.22083333333333333,226,14,173,67,False
12.212916176052989,0.9375,0.7208333333333333,0.6583333333333332,0.8291666666666666,0.7208333333333333,0.21666666666666667,225,15,173,67,False
12.248958172449438,0.9375,0.725,0.6625000000000001,0.83125,0.725,0.21250000000000002,225,15,174,66,False
12.27047232714791,0.9375,0.7291666666666666,0.6666666666666665,0.8333333333333333,0.7291666666666666,0.20833333333333337,225,15,175,65,False
12.305494892262153,0.9375,0.7333333333333333,0.6708333333333334,0.8354166666666667,0.7333333333333333,0.20416666666666672,225,15,176,64,False
12.357153850707508,0.9375,0.7375,0.675,0.8375,0.7375,0.19999999999999996,225,15,177,63,False
12.379403817910468,0.9333333333333333,0.7375,0.6708333333333334,0.8354166666666667,0.7375,0.1958333333333333,224,16,177,63,False
12.453112220978266,0.9291666666666667,0.7375,0.6666666666666667,0.8333333333333334,0.7375,0.19166666666666665,223,17,177,63,False
12.5640508264004,0.925,0.7375,0.6625000000000001,0.83125,0.7375,0.1875,222,18,177,63,False
12.629128173616404,0.925,0.7416666666666667,0.6666666666666667,0.8333333333333334,0.7416666666666667,0.18333333333333335,222,18,178,62,False
12.655093218058527,0.9208333333333333,0.7416666666666667,0.6625000000000001,0.83125,0.7416666666666667,0.17916666666666659,221,19,178,62,False
12.660019384723107,0.9208333333333333,0.7458333333333333,0.6666666666666665,0.8333333333333333,0.7458333333333333,0.17499999999999993,221,19,179,61,False
12.667298713261125,0.9166666666666666,0.7458333333333333,0.6625000000000001,0.83125,0.7458333333333333,0.17083333333333328,220,20,179,61,False
12.708341434928933,0.9166666666666666,0.75,0.6666666666666665,0.8333333333333333,0.75,0.16666666666666663,220,20,180,60,False
12.746136388441272,0.9166666666666666,0.7541666666666667,0.6708333333333334,0.8354166666666667,0.7541666666666667,0.16249999999999998,220,20,181,59,False
12.757984582804145,0.9166666666666666,0.7583333333333333,0.6749999999999998,0.8374999999999999,0.7583333333333333,0.15833333333333333,220,20,182,58,False
12.785126680279763,0.9166666666666666,0.7625,0.6791666666666667,0.8395833333333333,0.7625,0.15416666666666667,220,20,183,57,False
12.826964987568806,0.9166666666666666,0.7666666666666667,0.6833333333333333,0.8416666666666667,0.7666666666666667,0.1499999999999999,220,20,184,56,False
12.859379670104852,0.9125,0.7666666666666667,0.6791666666666667,0.8395833333333333,0.7666666666666667,0.14583333333333326,219,21,184,56,False
12.901537698673028,0.9083333333333333,0.7666666666666667,0.675,0.8375,0.7666666666666667,0.1416666666666666,218,22,184,56,False
12.97042763866892,0.9083333333333333,0.7708333333333334,0.6791666666666667,0.8395833333333333,0.7708333333333334,0.13749999999999996,218,22,185,55,False
13.081709495992143,0.9041666666666667,0.7708333333333334,0.675,0.8375,0.7708333333333334,0.1333333333333333,217,23,185,55,False
13.203133657919995,0.9041666666666667,0.775,0.6791666666666667,0.8395833333333333,0.775,0.12916666666666665,217,23,186,54,False
13.249318551282606,0.9,0.775,0.675,0.8375,0.775,0.125,216,24,186,54,False
13.404958522646858,0.9,0.7791666666666667,0.6791666666666667,0.8395833333333333,0.7791666666666667,0.12083333333333335,216,24,187,53,False
13.575146752827006,0.9,0.7833333333333333,0.6833333333333333,0.8416666666666667,0.7833333333333333,0.1166666666666667,216,24,188,52,False
13.592986820739267,0.8958333333333334,0.7833333333333333,0.6791666666666667,0.8395833333333333,0.7833333333333333,0.11250000000000004,215,25,188,52,False
13.642090928773026,0.8916666666666667,0.7833333333333333,0.675,0.8375,0.7833333333333333,0.10833333333333339,214,26,188,52,False
13.838290610406712,0.8875,0.7833333333333333,0.6708333333333334,0.8354166666666667,0.7833333333333333,0.10416666666666663,213,27,188,52,False
14.096209573832548,0.8833333333333333,0.7833333333333333,0.6666666666666665,0.8333333333333333,0.7833333333333333,0.09999999999999998,212,28,188,52,False
14.213928422431678,0.8833333333333333,0.7875,0.6708333333333334,0.8354166666666667,0.7875,0.09583333333333333,212,28,189,51,False
14.226097158461922,0.8833333333333333,0.7916666666666666,0.6749999999999998,0.8374999999999999,0.7916666666666666,0.09166666666666667,212,28,190,50,False
14.232107533643966,0.8833333333333333,0.7958333333333333,0.6791666666666667,0.8395833333333333,0.7958333333333333,0.08750000000000002,212,28,191,49,False
14.266333561132921,0.8791666666666667,0.7958333333333333,0.6749999999999998,0.8374999999999999,0.7958333333333333,0.08333333333333337,211,29,191,49,False
14.301646939077568,0.875,0.7958333333333333,0.6708333333333334,0.8354166666666667,0.7958333333333333,0.07916666666666672,210,30,191,49,False
14.323898730803808,0.875,0.8,0.675,0.8375,0.8,0.07499999999999996,210,30,192,48,False
14.353345691905592,0.8708333333333333,0.8,0.6708333333333334,0.8354166666666667,0.8,0.0708333333333333,209,31,192,48,False
14.367137366418856,0.8708333333333333,0.8041666666666667,0.675,0.8375,0.8041666666666667,0.06666666666666665,209,31,193,47,False
14.434737561745589,0.8708333333333333,0.8083333333333333,0.6791666666666667,0.8395833333333333,0.8083333333333333,0.0625,209,31,194,46,False
14.520333294786667,0.8708333333333333,0.8125,0.6833333333333333,0.8416666666666667,0.8125,0.05833333333333335,209,31,195,45,False
14.605266569073542,0.8708333333333333,0.8166666666666667,0.6875,0.84375,0.8166666666666667,0.054166666666666696,209,31,196,44,False
14.742387855510291,0.8708333333333333,0.8208333333333333,0.6916666666666667,0.8458333333333333,0.8208333333333333,0.050000000000000044,209,31,197,43,False
14.830752665914467,0.8666666666666667,0.8208333333333333,0.6875,0.84375,0.8208333333333333,0.04583333333333339,208,32,197,43,False
14.849481404617993,0.8666666666666667,0.825,0.6916666666666667,0.8458333333333333,0.825,0.04166666666666674,208,32,198,42,False
14.856638464599742,0.8666666666666667,0.8291666666666667,0.6958333333333333,0.8479166666666667,0.8291666666666667,0.03749999999999998,208,32,199,41,False
15.070782641561951,0.8666666666666667,0.8333333333333334,0.7000000000000002,0.8500000000000001,0.8333333333333334,0.033333333333333326,208,32,200,40,False
15.484782404660086,0.8666666666666667,0.8375,0.7041666666666666,0.8520833333333333,0.8375,0.029166666666666674,208,32,201,39,False
15.697243240822019,0.8625,0.8375,0.7000000000000002,0.8500000000000001,0.8375,0.025000000000000022,207,33,201,39,False
15.9128433177715,0.8625,0.8416666666666667,0.7041666666666666,0.8520833333333333,0.8416666666666667,0.02083333333333337,207,33,202,38,False
16.12225824933875,0.8625,0.8458333333333333,0.7083333333333335,0.8541666666666667,0.8458333333333333,0.01666666666666672,207,33,203,37,False
16.12631633031869,0.8625,0.85,0.7124999999999999,0.85625,0.85,0.012500000000000067,207,33,204,36,False
16.209113525906602,0.8625,0.8541666666666666,0.7166666666666668,0.8583333333333334,0.8541666666666666,0.008333333333333415,207,33,205,35,False
16.29737841722587,0.8583333333333333,0.8541666666666666,0.7124999999999999,0.85625,0.8541666666666666,0.004166666666666652,206,34,205,35,False
16.30775394192701,0.8583333333333333,0.8583333333333333,0.7166666666666666,0.8583333333333333,0.8583333333333333,0.0,206,34,206,34,False
16.353064625700334,0.8583333333333333,0.8625,0.7208333333333332,0.8604166666666666,0.8583333333333333,0.004166666666666763,206,34,207,33,False
16.421826307875456,0.8583333333333333,0.8666666666666667,0.7250000000000001,0.8625,0.8583333333333333,0.008333333333333415,206,34,208,32,False
16.453173204213,0.8583333333333333,0.8708333333333333,0.7291666666666665,0.8645833333333333,0.8583333333333333,0.012500000000000067,206,34,209,31,False
16.45895489166618,0.8583333333333333,0.875,0.7333333333333334,0.8666666666666667,0.8583333333333333,0.01666666666666672,206,34,210,30,False
16.484225993114798,0.8541666666666666,0.875,0.7291666666666665,0.8645833333333333,0.8541666666666666,0.02083333333333337,205,35,210,30,False
16.52551494729137,0.8541666666666666,0.8791666666666667,0.7333333333333334,0.8666666666666667,0.8541666666666666,0.025000000000000022,205,35,211,29,False
16.614879839327408,0.85,0.8791666666666667,0.7291666666666665,0.8645833333333333,0.85,0.029166666666666674,204,36,211,29,False
16.69011879177723,0.85,0.8833333333333333,0.7333333333333334,0.8666666666666667,0.85,0.033333333333333326,204,36,212,28,False
16.76539636624797,0.85,0.8875,0.7374999999999998,0.8687499999999999,0.85,0.03749999999999998,204,36,213,27,False
16.843820097614582,0.8458333333333333,0.8875,0.7333333333333334,0.8666666666666667,0.8458333333333333,0.04166666666666663,203,37,213,27,False
16.863436298668343,0.8458333333333333,0.8916666666666667,0.7375,0.86875,0.8458333333333333,0.04583333333333339,203,37,214,26,False
16.884149307711603,0.8416666666666667,0.8916666666666667,0.7333333333333334,0.8666666666666667,0.8416666666666667,0.050000000000000044,202,38,214,26,False
16.897479543820296,0.8416666666666667,0.8958333333333334,0.7375,0.86875,0.8416666666666667,0.054166666666666696,202,38,215,25,False
16.904581125566185,0.8416666666666667,0.9,0.7416666666666667,0.8708333333333333,0.8416666666666667,0.05833333333333335,202,38,216,24,False
16.9485539596995,0.8416666666666667,0.9041666666666667,0.7458333333333333,0.8729166666666667,0.8416666666666667,0.0625,202,38,217,23,False
17.096499320050533,0.8416666666666667,0.9083333333333333,0.75,0.875,0.8416666666666667,0.06666666666666665,202,38,218,22,False
17.255897590081958,0.8416666666666667,0.9125,0.7541666666666667,0.8770833333333333,0.8416666666666667,0.0708333333333333,202,38,219,21,False
17.40475921669495,0.8375,0.9125,0.75,0.875,0.8375,0.07499999999999996,201,39,219,21,False
17.542672806585454,0.8375,0.9166666666666666,0.7541666666666667,0.8770833333333333,0.8375,0.07916666666666661,201,39,220,20,False
17.622342503069405,0.8333333333333334,0.9166666666666666,0.75,0.875,0.8333333333333334,0.08333333333333326,200,40,220,20,False
17.75995950851812,0.8333333333333334,0.9208333333333333,0.7541666666666667,0.8770833333333333,0.8333333333333334,0.08749999999999991,200,40,221,19,False
17.90435323239373,0.8333333333333334,0.925,0.7583333333333333,0.8791666666666667,0.8333333333333334,0.09166666666666667,200,40,222,18,False
17.979798742789704,0.8291666666666667,0.925,0.7541666666666669,0.8770833333333334,0.8291666666666667,0.09583333333333333,199,41,222,18,False
18.01879705765864,0.825,0.925,0.75,0.875,0.825,0.10000000000000009,198,42,222,18,False
18.136121383576217,0.825,0.9291666666666667,0.7541666666666667,0.8770833333333333,0.825,0.10416666666666674,198,42,223,17,False
18.367307860984823,0.825,0.9333333333333333,0.7583333333333333,0.8791666666666667,0.825,0.10833333333333339,198,42,224,16,False
18.532918100789278,0.825,0.9375,0.7625,0.88125,0.825,0.11250000000000004,198,42,225,15,False
18.586478889665866,0.825,0.9416666666666667,0.7666666666666666,0.8833333333333333,0.825,0.1166666666666667,198,42,226,14,False
18.80010031736556,0.825,0.9458333333333333,0.7708333333333333,0.8854166666666666,0.825,0.12083333333333335,198,42,227,13,False
19.28997200699248,0.825,0.95,0.7749999999999999,0.8875,0.825,0.125,198,42,228,12,False
20.01533823741397,0.825,0.9541666666666667,0.7791666666666668,0.8895833333333334,0.825,0.12916666666666676,198,42,229,11,False
20.797291048382576,0.825,0.9583333333333334,0.7833333333333332,0.8916666666666666,0.825,0.13333333333333341,198,42,230,10,False
21.37733106231385,0.8208333333333333,0.9583333333333334,0.7791666666666668,0.8895833333333334,0.8208333333333333,0.13750000000000007,197,43,230,10,False
21.69385703080441,0.8166666666666667,0.9583333333333334,0.7749999999999999,0.8875,0.8166666666666667,0.14166666666666672,196,44,230,10,False
21.93558324007293,0.8125,0.9583333333333334,0.7708333333333335,0.8854166666666667,0.8125,0.14583333333333337,195,45,230,10,False
22.281587909638656,0.8125,0.9625,0.7749999999999999,0.8875,0.8125,0.15000000000000002,195,45,231,9,False
22.71052537989612,0.8125,0.9666666666666667,0.7791666666666668,0.8895833333333334,0.8125,0.15416666666666667,195,45,232,8,False
23.146573480591535,0.8125,0.9708333333333333,0.7833333333333332,0.8916666666666666,0.8125,0.15833333333333333,195,45,233,7,False
23.74892868863396,0.8125,0.975,0.7875000000000001,0.89375,0.8125,0.16249999999999998,195,45,234,6,True
24.317467829726127,0.8083333333333333,0.975,0.7833333333333332,0.8916666666666666,0.8083333333333333,0.16666666666666663,194,46,234,6,False
26.552013629835173,0.8041666666666667,0.975,0.7791666666666668,0.8895833333333334,0.8041666666666667,0.17083333333333328,193,47,234,6,False
28.804434560253533,0.8041666666666667,0.9791666666666666,0.7833333333333332,0.8916666666666666,0.8041666666666667,0.17499999999999993,193,47,235,5,False
29.75258579997243,0.8041666666666667,0.9833333333333333,0.7875000000000001,0.89375,0.8041666666666667,0.17916666666666659,193,47,236,4,True
30.608546474815356,0.8,0.9833333333333333,0.7833333333333332,0.8916666666666666,0.8,0.18333333333333324,192,48,236,4,False
30.92016171829482,0.7958333333333333,0.9833333333333333,0.7791666666666666,0.8895833333333333,0.7958333333333333,0.1875,191,49,236,4,False
31.183947701216333,0.7958333333333333,0.9875,0.7833333333333332,0.8916666666666666,0.7958333333333333,0.19166666666666676,191,49,237,3,False
31.633626066824554,0.7916666666666666,0.9875,0.7791666666666668,0.8895833333333334,0.7916666666666666,0.19583333333333341,190,50,237,3,False
32.05340947670271,0.7875,0.9875,0.7749999999999999,0.8875,0.7875,0.20000000000000007,189,51,237,3,False
32.3568634948428,0.7875,0.9916666666666667,0.7791666666666668,0.8895833333333334,0.7875,0.20416666666666672,189,51,238,2,False
32.78912622944412,0.7833333333333333,0.9916666666666667,0.7749999999999999,0.8875,0.7833333333333333,0.20833333333333337,188,52,238,2,False
34.119549023860024,0.7791666666666667,0.9916666666666667,0.7708333333333335,0.8854166666666667,0.7791666666666667,0.21250000000000002,187,53,238,2,False
35.79566095165461,0.775,0.9916666666666667,0.7666666666666666,0.8833333333333333,0.775,0.21666666666666667,186,54,238,2,False
36.816896570570236,0.7708333333333334,0.9916666666666667,0.7625000000000002,0.8812500000000001,0.7708333333333334,0.22083333333333333,185,55,238,2,False
38.31627878445697,0.7708333333333334,0.9958333333333333,0.7666666666666666,0.8833333333333333,0.7708333333333334,0.22499999999999998,185,55,239,1,False
40.09627038211111,0.7666666666666667,0.9958333333333333,0.7625000000000002,0.8812500000000001,0.7666666666666667,0.22916666666666663,184,56,239,1,False
41.88498407405608,0.7625,0.9958333333333333,0.7583333333333333,0.8791666666666667,0.7625,0.2333333333333334,183,57,239,1,False
43.0743858544473,0.7583333333333333,0.9958333333333333,0.7541666666666667,0.8770833333333333,0.7583333333333333,0.23750000000000004,182,58,239,1,False
44.90287063187661,0.7541666666666667,0.9958333333333333,0.75,0.875,0.7541666666666667,0.2416666666666667,181,59,239,1,False
46.79673327651243,0.75,0.9958333333333333,0.7458333333333333,0.8729166666666667,0.75,0.24583333333333335,180,60,239,1,False
47.838063218372895,0.7458333333333333,0.9958333333333333,0.7416666666666667,0.8708333333333333,0.7458333333333333,0.25,179,61,239,1,False
48.619400431161054,0.7416666666666667,0.9958333333333333,0.7375,0.86875,0.7416666666666667,0.25416666666666665,178,62,239,1,False
49.88966558781773,0.7375,0.9958333333333333,0.7333333333333334,0.8666666666666667,0.7375,0.2583333333333333,177,63,239,1,False
51.15828831101165,0.7333333333333333,0.9958333333333333,0.7291666666666665,0.8645833333333333,0.7333333333333333,0.26250000000000007,176,64,239,1,False
51.53253984562496,0.7291666666666666,0.9958333333333333,0.7250000000000001,0.8625,0.7291666666666666,0.2666666666666667,175,65,239,1,False
52.44781246915562,0.725,0.9958333333333333,0.7208333333333332,0.8604166666666666,0.725,0.27083333333333337,174,66,239,1,False
53.2445565740772,0.7208333333333333,0.9958333333333333,0.7166666666666668,0.8583333333333334,0.7208333333333333,0.275,173,67,239,1,False
53.619770841687014,0.7166666666666667,0.9958333333333333,0.7124999999999999,0.85625,0.7166666666666667,0.2791666666666667,172,68,239,1,False
54.227499872133166,0.7125,0.9958333333333333,0.7083333333333335,0.8541666666666667,0.7125,0.2833333333333333,171,69,239,1,False
54.75859010017028,0.7083333333333334,0.9958333333333333,0.7041666666666666,0.8520833333333333,0.7083333333333334,0.2875,170,70,239,1,False
55.774520312658446,0.7041666666666667,0.9958333333333333,0.7000000000000002,0.8500000000000001,0.7041666666666667,0.29166666666666663,169,71,239,1,False
57.76216195290846,0.7,0.9958333333333333,0.6958333333333333,0.8479166666666667,0.7,0.2958333333333334,168,72,239,1,False
58.967874148267434,0.6958333333333333,0.9958333333333333,0.6916666666666667,0.8458333333333333,0.6958333333333333,0.30000000000000004,167,73,239,1,False
60.193473752228826,0.6916666666666667,0.9958333333333333,0.6875,0.84375,0.6916666666666667,0.3041666666666667,166,74,239,1,False
62.09341200234396,0.6875,0.9958333333333333,0.6833333333333333,0.8416666666666667,0.6875,0.30833333333333335,165,75,239,1,False
63.048095886923676,0.6833333333333333,0.9958333333333333,0.6791666666666667,0.8395833333333333,0.6833333333333333,0.3125,164,76,239,1,False
63.977766471296285,0.6791666666666667,0.9958333333333333,0.675,0.8375,0.6791666666666667,0.31666666666666665,163,77,239,1,False
65.3854771916181,0.6791666666666667,1.0,0.6791666666666667,0.8395833333333333,0.6791666666666667,0.3208333333333333,163,77,240,0,False
68.89504254989501,0.675,1.0,0.675,0.8375,0.675,0.32499999999999996,162,78,240,0,False
73.5363943574599,0.6708333333333333,1.0,0.6708333333333334,0.8354166666666667,0.6708333333333333,0.3291666666666667,161,79,240,0,False
77.83294694500722,0.6666666666666666,1.0,0.6666666666666665,0.8333333333333333,0.6666666666666666,0.33333333333333337,160,80,240,0,False
81.92620272346855,0.6625,1.0,0.6625000000000001,0.83125,0.6625,0.3375,159,81,240,0,False
83.70815400459284,0.6583333333333333,1.0,0.6583333333333332,0.8291666666666666,0.6583333333333333,0.3416666666666667,158,82,240,0,False
87.11287787982947,0.6541666666666667,1.0,0.6541666666666668,0.8270833333333334,0.6541666666666667,0.3458333333333333,157,83,240,0,False
121.02177374623423,0.65,1.0,0.6499999999999999,0.825,0.65,0.35,156,84,240,0,False
152.00303519289594,0.6458333333333334,1.0,0.6458333333333335,0.8229166666666667,0.6458333333333334,0.35416666666666663,155,85,240,0,False
161.7051168212677,0.6416666666666667,1.0,0.6416666666666666,0.8208333333333333,0.6416666666666667,0.3583333333333333,154,86,240,0,False
189.43726802369332,0.6375,1.0,0.6375,0.81875,0.6375,0.36250000000000004,153,87,240,0,False
216.40783847692154,0.6333333333333333,1.0,0.6333333333333333,0.8166666666666667,0.6333333333333333,0.3666666666666667,152,88,240,0,False
242.25331350783017,0.6291666666666667,1.0,0.6291666666666667,0.8145833333333333,0.6291666666666667,0.37083333333333335,151,89,240,0,False
287.2313325396276,0.625,1.0,0.625,0.8125,0.625,0.375,150,90,240,0,False
315.7644179067972,0.6208333333333333,1.0,0.6208333333333333,0.8104166666666667,0.6208333333333333,0.37916666666666665,149,91,240,0,False
321.01848830549244,0.6166666666666667,1.0,0.6166666666666667,0.8083333333333333,0.6166666666666667,0.3833333333333333,148,92,240,0,False
328.96510527964335,0.6125,1.0,0.6125,0.80625,0.6125,0.38749999999999996,147,93,240,0,False
338.5146177621085,0.6083333333333333,1.0,0.6083333333333334,0.8041666666666667,0.6083333333333333,0.3916666666666667,146,94,240,0,False
352.7510904457963,0.6041666666666666,1.0,0.6041666666666665,0.8020833333333333,0.6041666666666666,0.39583333333333337,145,95,240,0,False
364.58613464811003,0.6,1.0,0.6000000000000001,0.8,0.6,0.4,144,96,240,0,False
372.5594384473028,0.5958333333333333,1.0,0.5958333333333332,0.7979166666666666,0.5958333333333333,0.4041666666666667,143,97,240,0,False
391.3268984570684,0.5916666666666667,1.0,0.5916666666666668,0.7958333333333334,0.5916666666666667,0.4083333333333333,142,98,240,0,False
408.84401860443995,0.5875,1.0,0.5874999999999999,0.79375,0.5875,0.4125,141,99,240,0,False
412.22449820796294,0.5833333333333334,1.0,0.5833333333333335,0.7916666666666667,0.5833333333333334,0.41666666666666663,140,100,240,0,False
414.5331866959072,0.5791666666666667,1.0,0.5791666666666666,0.7895833333333333,0.5791666666666667,0.4208333333333333,139,101,240,0,False
431.1546394082844,0.575,1.0,0.575,0.7875,0.575,0.42500000000000004,138,102,240,0,False
451.6187269572182,0.5708333333333333,1.0,0.5708333333333333,0.7854166666666667,0.5708333333333333,0.4291666666666667,137,103,240,0,False
458.64525990717107,0.5666666666666667,1.0,0.5666666666666667,0.7833333333333333,0.5666666666666667,0.43333333333333335,136,104,240,0,False
468.3546961500251,0.5625,1.0,0.5625,0.78125,0.5625,0.4375,135,105,240,0,False
478.3803406101588,0.5583333333333333,1.0,0.5583333333333333,0.7791666666666667,0.5583333333333333,0.44166666666666665,134,106,240,0,False
485.51020954266767,0.5541666666666667,1.0,0.5541666666666667,0.7770833333333333,0.5541666666666667,0.4458333333333333,133,107,240,0,False
493.0873391884696,0.55,1.0,0.55,0.775,0.55,0.44999999999999996,132,108,240,0,False
498.0559870101607,0.5458333333333333,1.0,0.5458333333333334,0.7729166666666667,0.5458333333333333,0.4541666666666667,131,109,240,0,False
503.8387883419617,0.5416666666666666,1.0,0.5416666666666665,0.7708333333333333,0.5416666666666666,0.45833333333333337,130,110,240,0,False
509.2708282162407,0.5375,1.0,0.5375000000000001,0.76875,0.5375,0.4625,129,111,240,0,False
513.3117654804714,0.5333333333333333,1.0,0.5333333333333332,0.7666666666666666,0.5333333333333333,0.4666666666666667,128,112,240,0,False
516.5405847430991,0.5291666666666667,1.0,0.5291666666666668,0.7645833333333334,0.5291666666666667,0.4708333333333333,127,113,240,0,False
519.8360137630084,0.525,1.0,0.5249999999999999,0.7625,0.525,0.475,126,114,240,0,False
523.1286845497143,0.5208333333333334,1.0,0.5208333333333335,0.7604166666666667,0.5208333333333334,0.47916666666666663,125,115,240,0,False
531.7480995908895,0.5166666666666667,1.0,0.5166666666666666,0.7583333333333333,0.5166666666666667,0.4833333333333333,124,116,240,0,False
542.9414096274327,0.5125,1.0,0.5125,0.75625,0.5125,0.48750000000000004,123,117,240,0,False
549.7207262518907,0.5083333333333333,1.0,0.5083333333333333,0.7541666666666667,0.5083333333333333,0.4916666666666667,122,118,240,0,False
552.3143965703061,0.5041666666666667,1.0,0.5041666666666667,0.7520833333333333,0.5041666666666667,0.49583333333333335,121,119,240,0,False
553.4162790130962,0.5,1.0,0.5,0.75,0.5,0.5,120,120,240,0,False
555.6879841260795,0.49583333333333335,1.0,0.49583333333333335,0.7479166666666667,0.49583333333333335,0.5041666666666667,119,121,240,0,False
561.1670202243506,0.49166666666666664,1.0,0.4916666666666667,0.7458333333333333,0.49166666666666664,0.5083333333333333,118,122,240,0,False
567.5284946325241,0.4875,1.0,0.48750000000000004,0.74375,0.4875,0.5125,117,123,240,0,False
569.8313734195426,0.48333333333333334,1.0,0.4833333333333334,0.7416666666666667,0.48333333333333334,0.5166666666666666,116,124,240,0,False
570.1272527839162,0.4791666666666667,1.0,0.47916666666666674,0.7395833333333334,0.4791666666666667,0.5208333333333333,115,125,240,0,False
570.5852797039522,0.475,1.0,0.4750000000000001,0.7375,0.475,0.525,114,126,240,0,False
572.2965518835667,0.4708333333333333,1.0,0.4708333333333332,0.7354166666666666,0.4708333333333333,0.5291666666666667,113,127,240,0,False
575.812558196972,0.4666666666666667,1.0,0.4666666666666668,0.7333333333333334,0.4666666666666667,0.5333333333333333,112,128,240,0,False
578.1376911316083,0.4625,1.0,0.4624999999999999,0.73125,0.4625,0.5375,111,129,240,0,False
578.5224170336743,0.4583333333333333,1.0,0.45833333333333326,0.7291666666666666,0.4583333333333333,0.5416666666666667,110,130,240,0,False
579.9657900431557,0.45416666666666666,1.0,0.4541666666666666,0.7270833333333333,0.45416666666666666,0.5458333333333334,109,131,240,0,False
592.6690924194522,0.45,1.0,0.44999999999999996,0.725,0.45,0.55,108,132,240,0,False
605.8686929634276,0.44583333333333336,1.0,0.4458333333333333,0.7229166666666667,0.44583333333333336,0.5541666666666667,107,133,240,0,False
612.666619691889,0.44166666666666665,1.0,0.44166666666666665,0.7208333333333333,0.44166666666666665,0.5583333333333333,106,134,240,0,False
620.9555236904873,0.4375,1.0,0.4375,0.71875,0.4375,0.5625,105,135,240,0,False
625.3947111230352,0.43333333333333335,1.0,0.43333333333333335,0.7166666666666667,0.43333333333333335,0.5666666666666667,104,136,240,0,False
626.6288149612321,0.42916666666666664,1.0,0.4291666666666667,0.7145833333333333,0.42916666666666664,0.5708333333333333,103,137,240,0,False
627.3067954439239,0.425,1.0,0.42500000000000004,0.7125,0.425,0.575,102,138,240,0,False
630.9243203732829,0.42083333333333334,1.0,0.4208333333333334,0.7104166666666667,0.42083333333333334,0.5791666666666666,101,139,240,0,False
635.9692751118373,0.4166666666666667,1.0,0.41666666666666674,0.7083333333333334,0.4166666666666667,0.5833333333333333,100,140,240,0,False
642.7040549151625,0.4125,1.0,0.4125000000000001,0.70625,0.4125,0.5875,99,141,240,0,False
647.4225389229305,0.4083333333333333,1.0,0.4083333333333332,0.7041666666666666,0.4083333333333333,0.5916666666666667,98,142,240,0,False
647.7046369619296,0.4041666666666667,1.0,0.4041666666666668,0.7020833333333334,0.4041666666666667,0.5958333333333333,97,143,240,0,False
650.0381364508405,0.4,1.0,0.3999999999999999,0.7,0.4,0.6,96,144,240,0,False
655.2733742467201,0.3958333333333333,1.0,0.39583333333333326,0.6979166666666666,0.3958333333333333,0.6041666666666667,95,145,240,0,False
659.7914303622736,0.39166666666666666,1.0,0.3916666666666666,0.6958333333333333,0.39166666666666666,0.6083333333333334,94,146,240,0,False
662.4355734637138,0.3875,1.0,0.38749999999999996,0.69375,0.3875,0.6125,93,147,240,0,False
667.1658417793574,0.38333333333333336,1.0,0.3833333333333333,0.6916666666666667,0.38333333333333336,0.6166666666666667,92,148,240,0,False
671.1435514980384,0.37916666666666665,1.0,0.37916666666666665,0.6895833333333333,0.37916666666666665,0.6208333333333333,91,149,240,0,False
674.846034635223,0.375,1.0,0.375,0.6875,0.375,0.625,90,150,240,0,False
680.0573099814828,0.37083333333333335,1.0,0.37083333333333335,0.6854166666666667,0.37083333333333335,0.6291666666666667,89,151,240,0,False
683.015101163682,0.36666666666666664,1.0,0.3666666666666667,0.6833333333333333,0.36666666666666664,0.6333333333333333,88,152,240,0,False
686.3691785598252,0.3625,1.0,0.36250000000000004,0.68125,0.3625,0.6375,87,153,240,0,False
689.1123637032211,0.35833333333333334,1.0,0.3583333333333334,0.6791666666666667,0.35833333333333334,0.6416666666666666,86,154,240,0,False
690.4537706373167,0.3541666666666667,1.0,0.35416666666666674,0.6770833333333334,0.3541666666666667,0.6458333333333333,85,155,240,0,False
693.0296181216779,0.35,1.0,0.3500000000000001,0.675,0.35,0.65,84,156,240,0,False
695.3460182332246,0.3458333333333333,1.0,0.3458333333333332,0.6729166666666666,0.3458333333333333,0.6541666666666667,83,157,240,0,False
697.8402828847046,0.3416666666666667,1.0,0.3416666666666668,0.6708333333333334,0.3416666666666667,0.6583333333333333,82,158,240,0,False
702.7674609429191,0.3375,1.0,0.3374999999999999,0.66875,0.3375,0.6625,81,159,240,0,False
706.3921017361317,0.3333333333333333,1.0,0.33333333333333326,0.6666666666666666,0.3333333333333333,0.6666666666666667,80,160,240,0,False
708.4891910724547,0.32916666666666666,1.0,0.3291666666666666,0.6645833333333333,0.32916666666666666,0.6708333333333334,79,161,240,0,False
710.8038821274529,0.325,1.0,0.32499999999999996,0.6625,0.325,0.675,78,162,240,0,False
725.9823160885626,0.32083333333333336,1.0,0.3208333333333333,0.6604166666666667,0.32083333333333336,0.6791666666666667,77,163,240,0,False
741.0656782582804,0.31666666666666665,1.0,0.31666666666666665,0.6583333333333333,0.31666666666666665,0.6833333333333333,76,164,240,0,False
742.8128042614885,0.3125,1.0,0.3125,0.65625,0.3125,0.6875,75,165,240,0,False
746.7172057190321,0.30833333333333335,1.0,0.30833333333333335,0.6541666666666667,0.30833333333333335,0.6916666666666667,74,166,240,0,False
756.1470415444307,0.30416666666666664,1.0,0.3041666666666667,0.6520833333333333,0.30416666666666664,0.6958333333333333,73,167,240,0,False
765.7878411678238,0.3,1.0,0.30000000000000004,0.65,0.3,0.7,72,168,240,0,False
769.5584469402288,0.29583333333333334,1.0,0.2958333333333334,0.6479166666666667,0.29583333333333334,0.7041666666666666,71,169,240,0,False
774.8271869497631,0.2916666666666667,1.0,0.29166666666666674,0.6458333333333334,0.2916666666666667,0.7083333333333333,70,170,240,0,False
780.0862038830437,0.2875,1.0,0.2875000000000001,0.64375,0.2875,0.7125,69,171,240,0,False
783.9885113570931,0.2833333333333333,1.0,0.2833333333333332,0.6416666666666666,0.2833333333333333,0.7166666666666667,68,172,240,0,False
791.5970105845313,0.2791666666666667,1.0,0.2791666666666668,0.6395833333333334,0.2791666666666667,0.7208333333333333,67,173,240,0,False
801.0975677241195,0.275,1.0,0.2749999999999999,0.6375,0.275,0.725,66,174,240,0,False
809.6115071402735,0.2708333333333333,1.0,0.27083333333333326,0.6354166666666666,0.2708333333333333,0.7291666666666667,65,175,240,0,False
815.0583226844658,0.26666666666666666,1.0,0.2666666666666666,0.6333333333333333,0.26666666666666666,0.7333333333333334,64,176,240,0,False
821.100570939197,0.2625,1.0,0.26249999999999996,0.63125,0.2625,0.7375,63,177,240,0,False
826.1721132163914,0.25833333333333336,1.0,0.2583333333333333,0.6291666666666667,0.25833333333333336,0.7416666666666667,62,178,240,0,False
832.7567964956049,0.25416666666666665,1.0,0.25416666666666665,0.6270833333333333,0.25416666666666665,0.7458333333333333,61,179,240,0,False
845.0008258428774,0.25,1.0,0.25,0.625,0.25,0.75,60,180,240,0,False
854.2036211336106,0.24583333333333332,1.0,0.24583333333333335,0.6229166666666667,0.24583333333333332,0.7541666666666667,59,181,240,0,False
862.7151277276271,0.24166666666666667,1.0,0.2416666666666667,0.6208333333333333,0.24166666666666667,0.7583333333333333,58,182,240,0,False
875.7845108540735,0.2375,1.0,0.23750000000000004,0.61875,0.2375,0.7625,57,183,240,0,False
890.7196765689359,0.23333333333333334,1.0,0.2333333333333334,0.6166666666666667,0.23333333333333334,0.7666666666666666,56,184,240,0,False
898.5529220591792,0.22916666666666666,1.0,0.22916666666666674,0.6145833333333334,0.22916666666666666,0.7708333333333334,55,185,240,0,False
900.9083751158273,0.225,1.0,0.2250000000000001,0.6125,0.225,0.775,54,186,240,0,False
913.6204528613175,0.22083333333333333,1.0,0.22083333333333321,0.6104166666666666,0.22083333333333333,0.7791666666666667,53,187,240,0,False
925.9998954178715,0.21666666666666667,1.0,0.21666666666666679,0.6083333333333334,0.21666666666666667,0.7833333333333333,52,188,240,0,False
928.2148844632327,0.2125,1.0,0.2124999999999999,0.60625,0.2125,0.7875,51,189,240,0,False
930.9942289668277,0.20833333333333334,1.0,0.20833333333333326,0.6041666666666666,0.20833333333333334,0.7916666666666666,50,190,240,0,False
940.0199523936988,0.20416666666666666,1.0,0.2041666666666666,0.6020833333333333,0.20416666666666666,0.7958333333333334,49,191,240,0,False
949.5569520846866,0.2,1.0,0.19999999999999996,0.6,0.2,0.8,48,192,240,0,False
958.5062638027929,0.19583333333333333,1.0,0.1958333333333333,0.5979166666666667,0.19583333333333333,0.8041666666666667,47,193,240,0,False
965.7644058309231,0.19166666666666668,1.0,0.19166666666666665,0.5958333333333333,0.19166666666666668,0.8083333333333333,46,194,240,0,False
969.518529872737,0.1875,1.0,0.1875,0.59375,0.1875,0.8125,45,195,240,0,False
974.0616110292995,0.18333333333333332,1.0,0.18333333333333335,0.5916666666666667,0.18333333333333332,0.8166666666666667,44,196,240,0,False
983.385096720681,0.17916666666666667,1.0,0.1791666666666667,0.5895833333333333,0.17916666666666667,0.8208333333333333,43,197,240,0,False
993.8806179337964,0.175,1.0,0.17500000000000004,0.5875,0.175,0.825,42,198,240,0,False
1000.3667912704384,0.17083333333333334,1.0,0.1708333333333334,0.5854166666666667,0.17083333333333334,0.8291666666666666,41,199,240,0,False
1019.2696314072816,0.16666666666666666,1.0,0.16666666666666674,0.5833333333333334,0.16666666666666666,0.8333333333333334,40,200,240,0,False
1035.4114029339657,0.1625,1.0,0.1625000000000001,0.58125,0.1625,0.8375,39,201,240,0,False
1044.846603002481,0.15833333333333333,1.0,0.15833333333333321,0.5791666666666666,0.15833333333333333,0.8416666666666667,38,202,240,0,False
1061.4102723449166,0.15416666666666667,1.0,0.15416666666666679,0.5770833333333334,0.15416666666666667,0.8458333333333333,37,203,240,0,False
1082.781556849131,0.15,1.0,0.1499999999999999,0.575,0.15,0.85,36,204,240,0,False
1117.9652354161421,0.14583333333333334,1.0,0.14583333333333326,0.5729166666666666,0.14583333333333334,0.8541666666666666,35,205,240,0,False
1147.0664330216753,0.14166666666666666,1.0,0.1416666666666666,0.5708333333333333,0.14166666666666666,0.8583333333333334,34,206,240,0,False
1170.436878229426,0.1375,1.0,0.13749999999999996,0.56875,0.1375,0.8625,33,207,240,0,False
1186.99855428442,0.13333333333333333,1.0,0.1333333333333333,0.5666666666666667,0.13333333333333333,0.8666666666666667,32,208,240,0,False
1187.9024996029207,0.12916666666666668,1.0,0.12916666666666665,0.5645833333333333,0.12916666666666668,0.8708333333333333,31,209,240,0,False
1189.3595600280123,0.125,1.0,0.125,0.5625,0.125,0.875,30,210,240,0,False
1204.8937682654746,0.12083333333333333,1.0,0.12083333333333335,0.5604166666666667,0.12083333333333333,0.8791666666666667,29,211,240,0,False
1225.1780124100674,0.11666666666666667,1.0,0.1166666666666667,0.5583333333333333,0.11666666666666667,0.8833333333333333,28,212,240,0,False
1232.0273491359558,0.1125,1.0,0.11250000000000004,0.55625,0.1125,0.8875,27,213,240,0,False
1275.1629548249484,0.10833333333333334,1.0,0.10833333333333339,0.5541666666666667,0.10833333333333334,0.8916666666666666,26,214,240,0,False
1362.230258957021,0.10416666666666667,1.0,0.10416666666666674,0.5520833333333334,0.10416666666666667,0.8958333333333334,25,215,240,0,False
1417.4850815773204,0.1,1.0,0.10000000000000009,0.55,0.1,0.9,24,216,240,0,False
1428.5774146459298,0.09583333333333334,1.0,0.09583333333333344,0.5479166666666667,0.09583333333333334,0.9041666666666667,23,217,240,0,False
1440.7650260522882,0.09166666666666666,1.0,0.09166666666666656,0.5458333333333333,0.09166666666666666,0.9083333333333333,22,218,240,0,False
1460.5795636013972,0.0875,1.0,0.08749999999999991,0.54375,0.0875,0.9125,21,219,240,0,False
1478.0771421098593,0.08333333333333333,1.0,0.08333333333333326,0.5416666666666666,0.08333333333333333,0.9166666666666666,20,220,240,0,False
1504.3348716843934,0.07916666666666666,1.0,0.07916666666666661,0.5395833333333333,0.07916666666666666,0.9208333333333334,19,221,240,0,False
1537.8166109211859,0.075,1.0,0.07499999999999996,0.5375,0.075,0.925,18,222,240,0,False
1561.4069858844332,0.07083333333333333,1.0,0.0708333333333333,0.5354166666666667,0.07083333333333333,0.9291666666666667,17,223,240,0,False
1626.738098074644,0.06666666666666667,1.0,0.06666666666666665,0.5333333333333333,0.06666666666666667,0.9333333333333333,16,224,240,0,False
1750.1299347156928,0.0625,1.0,0.0625,0.53125,0.0625,0.9375,15,225,240,0,False
1825.4896930639288,0.058333333333333334,1.0,0.05833333333333335,0.5291666666666667,0.058333333333333334,0.9416666666666667,14,226,240,0,False
1851.7646356421192,0.05416666666666667,1.0,0.054166666666666696,0.5270833333333333,0.05416666666666667,0.9458333333333333,13,227,240,0,False
1985.379985633885,0.05,1.0,0.050000000000000044,0.525,0.05,0.95,12,228,240,0,False
2105.6364281854408,0.04583333333333333,1.0,0.04583333333333339,0.5229166666666667,0.04583333333333333,0.9541666666666667,11,229,240,0,False
2117.802869881515,0.041666666666666664,1.0,0.04166666666666674,0.5208333333333334,0.041666666666666664,0.9583333333333334,10,230,240,0,False
2130.0409775049056,0.0375,1.0,0.03750000000000009,0.51875,0.0375,0.9625,9,231,240,0,False
2192.7018374475297,0.03333333333333333,1.0,0.03333333333333344,0.5166666666666667,0.03333333333333333,0.9666666666666667,8,232,240,0,False
2275.4492933878246,0.029166666666666667,1.0,0.029166666666666563,0.5145833333333333,0.029166666666666667,0.9708333333333333,7,233,240,0,False
2385.763009226141,0.025,1.0,0.02499999999999991,0.5125,0.025,0.975,6,234,240,0,False
2752.592823172734,0.020833333333333332,1.0,0.02083333333333326,0.5104166666666666,0.020833333333333332,0.9791666666666666,5,235,240,0,False
3041.926131394738,0.016666666666666666,1.0,0.016666666666666607,0.5083333333333333,0.016666666666666666,0.9833333333333333,4,236,240,0,False
3255.5617713621778,0.0125,1.0,0.012499999999999956,0.50625,0.0125,0.9875,3,237,240,0,False
3477.5314890829104,0.008333333333333333,1.0,0.008333333333333304,0.5041666666666667,0.008333333333333333,0.9916666666666667,2,238,240,0,False
3543.334033217905,0.004166666666666667,1.0,0.004166666666666652,0.5020833333333333,0.004166666666666667,0.9958333333333333,1,239,240,0,False
3590.6767386328165,0.0,1.0,0.0,0.5,0.0,1.0,0,240,240,0,False
