sample_id,group,class_label,lighting,focus,distance_cm,repeat_index,status
Q_1000_redup_tajam_R01,quality,1000,redup,tajam,,1,PENDING
Q_1000_redup_tajam_R02,quality,1000,redup,tajam,,2,PENDING
Q_1000_redup_tajam_R03,quality,1000,redup,tajam,,3,PENDING
Q_1000_redup_tajam_R04,quality,1000,redup,tajam,,4,PENDING
Q_1000_redup_tajam_R05,quality,1000,redup,tajam,,5,PENDING
Q_1000_redup_blur_R01,quality,1000,redup,blur,,1,PENDING
Q_1000_redup_blur_R02,quality,1000,redup,blur,,2,PENDING
Q_1000_redup_blur_R03,quality,1000,redup,blur,,3,PENDING
Q_1000_redup_blur_R04,quality,1000,redup,blur,,4,PENDING
Q_1000_redup_blur_R05,quality,1000,redup,blur,,5,PENDING
Q_1000_normal_tajam_R01,quality,1000,normal,tajam,,1,PENDING
Q_1000_normal_tajam_R02,quality,1000,normal,tajam,,2,PENDING
Q_1000_normal_tajam_R03,quality,1000,normal,tajam,,3,PENDING
Q_1000_normal_tajam_R04,quality,1000,normal,tajam,,4,PENDING
Q_1000_normal_tajam_R05,quality,1000,normal,tajam,,5,PENDING
Q_1000_normal_blur_R01,quality,1000,normal,blur,,1,PENDING
Q_1000_normal_blur_R02,quality,1000,normal,blur,,2,PENDING
Q_1000_normal_blur_R03,quality,1000,normal,blur,,3,PENDING
Q_1000_normal_blur_R04,quality,1000,normal,blur,,4,PENDING
Q_1000_normal_blur_R05,quality,1000,normal,blur,,5,PENDING
Q_1000_terang_tajam_R01,quality,1000,terang,tajam,,1,PENDING
Q_1000_terang_tajam_R02,quality,1000,terang,tajam,,2,PENDING
Q_1000_terang_tajam_R03,quality,1000,terang,tajam,,3,PENDING
Q_1000_terang_tajam_R04,quality,1000,terang,tajam,,4,PENDING
Q_1000_terang_tajam_R05,quality,1000,terang,tajam,,5,PENDING
Q_1000_terang_blur_R01,quality,1000,terang,blur,,1,PENDING
Q_1000_terang_blur_R02,quality,1000,terang,blur,,2,PENDING
Q_1000_terang_blur_R03,quality,1000,terang,blur,,3,PENDING
Q_1000_terang_blur_R04,quality,1000,terang,blur,,4,PENDING
Q_1000_terang_blur_R05,quality,1000,terang,blur,,5,PENDING
Q_2000_redup_tajam_R01,quality,2000,redup,tajam,,1,PENDING
Q_2000_redup_tajam_R02,quality,2000,redup,tajam,,2,PENDING
Q_2000_redup_tajam_R03,quality,2000,redup,tajam,,3,PENDING
Q_2000_redup_tajam_R04,quality,2000,redup,tajam,,4,PENDING
Q_2000_redup_tajam_R05,quality,2000,redup,tajam,,5,PENDING
Q_2000_redup_blur_R01,quality,2000,redup,blur,,1,PENDING
Q_2000_redup_blur_R02,quality,2000,redup,blur,,2,PENDING
Q_2000_redup_blur_R03,quality,2000,redup,blur,,3,PENDING
Q_2000_redup_blur_R04,quality,2000,redup,blur,,4,PENDING
Q_2000_redup_blur_R05,quality,2000,redup,blur,,5,PENDING
Q_2000_normal_tajam_R01,quality,2000,normal,tajam,,1,PENDING
Q_2000_normal_tajam_R02,quality,2000,normal,tajam,,2,PENDING
Q_2000_normal_tajam_R03,quality,2000,normal,tajam,,3,PENDING
Q_2000_normal_tajam_R04,quality,2000,normal,tajam,,4,PENDING
Q_2000_normal_tajam_R05,quality,2000,normal,tajam,,5,PENDING
Q_2000_normal_blur_R01,quality,2000,normal,blur,,1,PENDING
Q_2000_normal_blur_R02,quality,2000,normal,blur,,2,PENDING
Q_2000_normal_blur_R03,quality,2000,normal,blur,,3,PENDING
Q_2000_normal_blur_R04,quality,2000,normal,blur,,4,PENDING
Q_2000_normal_blur_R05,quality,2000,normal,blur,,5,PENDING
Q_2000_terang_tajam_R01,quality,2000,terang,tajam,,1,PENDING
Q_2000_terang_tajam_R02,quality,2000,terang,tajam,,2,PENDING
Q_2000_terang_tajam_R03,quality,2000,terang,tajam,,3,PENDING
Q_2000_terang_tajam_R04,quality,2000,terang,tajam,,4,PENDING
Q_2000_terang_tajam_R05,quality,2000,terang,tajam,,5,PENDING
Q_2000_terang_blur_R01,quality,2000,terang,blur,,1,PENDING
Q_2000_terang_blur_R02,quality,2000,terang,blur,,2,PENDING
Q_2000_terang_blur_R03,quality,2000,terang,blur,,3,PENDING
Q_2000_terang_blur_R04,quality,2000,terang,blur,,4,PENDING
Q_2000_terang_blur_R05,quality,2000,terang,blur,,5,PENDING
Q_5000_redup_tajam_R01,quality,5000,redup,tajam,,1,PENDING
Q_5000_redup_tajam_R02,quality,5000,redup,tajam,,2,PENDING
Q_5000_redup_tajam_R03,quality,5000,redup,tajam,,3,PENDING
Q_5000_redup_tajam_R04,quality,5000,redup,tajam,,4,PENDING
Q_5000_redup_tajam_R05,quality,5000,redup,tajam,,5,PENDING
Q_5000_redup_blur_R01,quality,5000,redup,blur,,1,PENDING
Q_5000_redup_blur_R02,quality,5000,redup,blur,,2,PENDING
Q_5000_redup_blur_R03,quality,5000,redup,blur,,3,PENDING
Q_5000_redup_blur_R04,quality,5000,redup,blur,,4,PENDING
Q_5000_redup_blur_R05,quality,5000,redup,blur,,5,PENDING
Q_5000_normal_tajam_R01,quality,5000,normal,tajam,,1,PENDING
Q_5000_normal_tajam_R02,quality,5000,normal,tajam,,2,PENDING
Q_5000_normal_tajam_R03,quality,5000,normal,tajam,,3,PENDING
Q_5000_normal_tajam_R04,quality,5000,normal,tajam,,4,PENDING
Q_5000_normal_tajam_R05,quality,5000,normal,tajam,,5,PENDING
Q_5000_normal_blur_R01,quality,5000,normal,blur,,1,PENDING
Q_5000_normal_blur_R02,quality,5000,normal,blur,,2,PENDING
Q_5000_normal_blur_R03,quality,5000,normal,blur,,3,PENDING
Q_5000_normal_blur_R04,quality,5000,normal,blur,,4,PENDING
Q_5000_normal_blur_R05,quality,5000,normal,blur,,5,PENDING
Q_5000_terang_tajam_R01,quality,5000,terang,tajam,,1,PENDING
Q_5000_terang_tajam_R02,quality,5000,terang,tajam,,2,PENDING
Q_5000_terang_tajam_R03,quality,5000,terang,tajam,,3,PENDING
Q_5000_terang_tajam_R04,quality,5000,terang,tajam,,4,PENDING
Q_5000_terang_tajam_R05,quality,5000,terang,tajam,,5,PENDING
Q_5000_terang_blur_R01,quality,5000,terang,blur,,1,PENDING
Q_5000_terang_blur_R02,quality,5000,terang,blur,,2,PENDING
Q_5000_terang_blur_R03,quality,5000,terang,blur,,3,PENDING
Q_5000_terang_blur_R04,quality,5000,terang,blur,,4,PENDING
Q_5000_terang_blur_R05,quality,5000,terang,blur,,5,PENDING
Q_10000_redup_tajam_R01,quality,10000,redup,tajam,,1,PENDING
Q_10000_redup_tajam_R02,quality,10000,redup,tajam,,2,PENDING
Q_10000_redup_tajam_R03,quality,10000,redup,tajam,,3,PENDING
Q_10000_redup_tajam_R04,quality,10000,redup,tajam,,4,PENDING
Q_10000_redup_tajam_R05,quality,10000,redup,tajam,,5,PENDING
Q_10000_redup_blur_R01,quality,10000,redup,blur,,1,PENDING
Q_10000_redup_blur_R02,quality,10000,redup,blur,,2,PENDING
Q_10000_redup_blur_R03,quality,10000,redup,blur,,3,PENDING
Q_10000_redup_blur_R04,quality,10000,redup,blur,,4,PENDING
Q_10000_redup_blur_R05,quality,10000,redup,blur,,5,PENDING
Q_10000_normal_tajam_R01,quality,10000,normal,tajam,,1,PENDING
Q_10000_normal_tajam_R02,quality,10000,normal,tajam,,2,PENDING
Q_10000_normal_tajam_R03,quality,10000,normal,tajam,,3,PENDING
Q_10000_normal_tajam_R04,quality,10000,normal,tajam,,4,PENDING
Q_10000_normal_tajam_R05,quality,10000,normal,tajam,,5,PENDING
Q_10000_normal_blur_R01,quality,10000,normal,blur,,1,PENDING
Q_10000_normal_blur_R02,quality,10000,normal,blur,,2,PENDING
Q_10000_normal_blur_R03,quality,10000,normal,blur,,3,PENDING
Q_10000_normal_blur_R04,quality,10000,normal,blur,,4,PENDING
Q_10000_normal_blur_R05,quality,10000,normal,blur,,5,PENDING
Q_10000_terang_tajam_R01,quality,10000,terang,tajam,,1,PENDING
Q_10000_terang_tajam_R02,quality,10000,terang,tajam,,2,PENDING
Q_10000_terang_tajam_R03,quality,10000,terang,tajam,,3,PENDING
Q_10000_terang_tajam_R04,quality,10000,terang,tajam,,4,PENDING
Q_10000_terang_tajam_R05,quality,10000,terang,tajam,,5,PENDING
Q_10000_terang_blur_R01,quality,10000,terang,blur,,1,PENDING
Q_10000_terang_blur_R02,quality,10000,terang,blur,,2,PENDING
Q_10000_terang_blur_R03,quality,10000,terang,blur,,3,PENDING
Q_10000_terang_blur_R04,quality,10000,terang,blur,,4,PENDING
Q_10000_terang_blur_R05,quality,10000,terang,blur,,5,PENDING
Q_20000_redup_tajam_R01,quality,20000,redup,tajam,,1,PENDING
Q_20000_redup_tajam_R02,quality,20000,redup,tajam,,2,PENDING
Q_20000_redup_tajam_R03,quality,20000,redup,tajam,,3,PENDING
Q_20000_redup_tajam_R04,quality,20000,redup,tajam,,4,PENDING
Q_20000_redup_tajam_R05,quality,20000,redup,tajam,,5,PENDING
Q_20000_redup_blur_R01,quality,20000,redup,blur,,1,PENDING
Q_20000_redup_blur_R02,quality,20000,redup,blur,,2,PENDING
Q_20000_redup_blur_R03,quality,20000,redup,blur,,3,PENDING
Q_20000_redup_blur_R04,quality,20000,redup,blur,,4,PENDING
Q_20000_redup_blur_R05,quality,20000,redup,blur,,5,PENDING
Q_20000_normal_tajam_R01,quality,20000,normal,tajam,,1,PENDING
Q_20000_normal_tajam_R02,quality,20000,normal,tajam,,2,PENDING
Q_20000_normal_tajam_R03,quality,20000,normal,tajam,,3,PENDING
Q_20000_normal_tajam_R04,quality,20000,normal,tajam,,4,PENDING
Q_20000_normal_tajam_R05,quality,20000,normal,tajam,,5,PENDING
Q_20000_normal_blur_R01,quality,20000,normal,blur,,1,PENDING
Q_20000_normal_blur_R02,quality,20000,normal,blur,,2,PENDING
Q_20000_normal_blur_R03,quality,20000,normal,blur,,3,PENDING
Q_20000_normal_blur_R04,quality,20000,normal,blur,,4,PENDING
Q_20000_normal_blur_R05,quality,20000,normal,blur,,5,PENDING
Q_20000_terang_tajam_R01,quality,20000,terang,tajam,,1,PENDING
Q_20000_terang_tajam_R02,quality,20000,terang,tajam,,2,PENDING
Q_20000_terang_tajam_R03,quality,20000,terang,tajam,,3,PENDING
Q_20000_terang_tajam_R04,quality,20000,terang,tajam,,4,PENDING
Q_20000_terang_tajam_R05,quality,20000,terang,tajam,,5,PENDING
Q_20000_terang_blur_R01,quality,20000,terang,blur,,1,PENDING
Q_20000_terang_blur_R02,quality,20000,terang,blur,,2,PENDING
Q_20000_terang_blur_R03,quality,20000,terang,blur,,3,PENDING
Q_20000_terang_blur_R04,quality,20000,terang,blur,,4,PENDING
Q_20000_terang_blur_R05,quality,20000,terang,blur,,5,PENDING
Q_50000_redup_tajam_R01,quality,50000,redup,tajam,,1,PENDING
Q_50000_redup_tajam_R02,quality,50000,redup,tajam,,2,PENDING
Q_50000_redup_tajam_R03,quality,50000,redup,tajam,,3,PENDING
Q_50000_redup_tajam_R04,quality,50000,redup,tajam,,4,PENDING
Q_50000_redup_tajam_R05,quality,50000,redup,tajam,,5,PENDING
Q_50000_redup_blur_R01,quality,50000,redup,blur,,1,PENDING
Q_50000_redup_blur_R02,quality,50000,redup,blur,,2,PENDING
Q_50000_redup_blur_R03,quality,50000,redup,blur,,3,PENDING
Q_50000_redup_blur_R04,quality,50000,redup,blur,,4,PENDING
Q_50000_redup_blur_R05,quality,50000,redup,blur,,5,PENDING
Q_50000_normal_tajam_R01,quality,50000,normal,tajam,,1,PENDING
Q_50000_normal_tajam_R02,quality,50000,normal,tajam,,2,PENDING
Q_50000_normal_tajam_R03,quality,50000,normal,tajam,,3,PENDING
Q_50000_normal_tajam_R04,quality,50000,normal,tajam,,4,PENDING
Q_50000_normal_tajam_R05,quality,50000,normal,tajam,,5,PENDING
Q_50000_normal_blur_R01,quality,50000,normal,blur,,1,PENDING
Q_50000_normal_blur_R02,quality,50000,normal,blur,,2,PENDING
Q_50000_normal_blur_R03,quality,50000,normal,blur,,3,PENDING
Q_50000_normal_blur_R04,quality,50000,normal,blur,,4,PENDING
Q_50000_normal_blur_R05,quality,50000,normal,blur,,5,PENDING
Q_50000_terang_tajam_R01,quality,50000,terang,tajam,,1,PENDING
Q_50000_terang_tajam_R02,quality,50000,terang,tajam,,2,PENDING
Q_50000_terang_tajam_R03,quality,50000,terang,tajam,,3,PENDING
Q_50000_terang_tajam_R04,quality,50000,terang,tajam,,4,PENDING
Q_50000_terang_tajam_R05,quality,50000,terang,tajam,,5,PENDING
Q_50000_terang_blur_R01,quality,50000,terang,blur,,1,PENDING
Q_50000_terang_blur_R02,quality,50000,terang,blur,,2,PENDING
Q_50000_terang_blur_R03,quality,50000,terang,blur,,3,PENDING
Q_50000_terang_blur_R04,quality,50000,terang,blur,,4,PENDING
Q_50000_terang_blur_R05,quality,50000,terang,blur,,5,PENDING
Q_100000_redup_tajam_R01,quality,100000,redup,tajam,,1,PENDING
Q_100000_redup_tajam_R02,quality,100000,redup,tajam,,2,PENDING
Q_100000_redup_tajam_R03,quality,100000,redup,tajam,,3,PENDING
Q_100000_redup_tajam_R04,quality,100000,redup,tajam,,4,PENDING
Q_100000_redup_tajam_R05,quality,100000,redup,tajam,,5,PENDING
Q_100000_redup_blur_R01,quality,100000,redup,blur,,1,PENDING
Q_100000_redup_blur_R02,quality,100000,redup,blur,,2,PENDING
Q_100000_redup_blur_R03,quality,100000,redup,blur,,3,PENDING
Q_100000_redup_blur_R04,quality,100000,redup,blur,,4,PENDING
Q_100000_redup_blur_R05,quality,100000,redup,blur,,5,PENDING
Q_100000_normal_tajam_R01,quality,100000,normal,tajam,,1,PENDING
Q_100000_normal_tajam_R02,quality,100000,normal,tajam,,2,PENDING
Q_100000_normal_tajam_R03,quality,100000,normal,tajam,,3,PENDING
Q_100000_normal_tajam_R04,quality,100000,normal,tajam,,4,PENDING
Q_100000_normal_tajam_R05,quality,100000,normal,tajam,,5,PENDING
Q_100000_normal_blur_R01,quality,100000,normal,blur,,1,PENDING
Q_100000_normal_blur_R02,quality,100000,normal,blur,,2,PENDING
Q_100000_normal_blur_R03,quality,100000,normal,blur,,3,PENDING
Q_100000_normal_blur_R04,quality,100000,normal,blur,,4,PENDING
Q_100000_normal_blur_R05,quality,100000,normal,blur,,5,PENDING
Q_100000_terang_tajam_R01,quality,100000,terang,tajam,,1,PENDING
Q_100000_terang_tajam_R02,quality,100000,terang,tajam,,2,PENDING
Q_100000_terang_tajam_R03,quality,100000,terang,tajam,,3,PENDING
Q_100000_terang_tajam_R04,quality,100000,terang,tajam,,4,PENDING
Q_100000_terang_tajam_R05,quality,100000,terang,tajam,,5,PENDING
Q_100000_terang_blur_R01,quality,100000,terang,blur,,1,PENDING
Q_100000_terang_blur_R02,quality,100000,terang,blur,,2,PENDING
Q_100000_terang_blur_R03,quality,100000,terang,blur,,3,PENDING
Q_100000_terang_blur_R04,quality,100000,terang,blur,,4,PENDING
Q_100000_terang_blur_R05,quality,100000,terang,blur,,5,PENDING
Q_nonuang_redup_tajam_R01,quality,nonuang,redup,tajam,,1,PENDING
Q_nonuang_redup_tajam_R02,quality,nonuang,redup,tajam,,2,PENDING
Q_nonuang_redup_tajam_R03,quality,nonuang,redup,tajam,,3,PENDING
Q_nonuang_redup_tajam_R04,quality,nonuang,redup,tajam,,4,PENDING
Q_nonuang_redup_tajam_R05,quality,nonuang,redup,tajam,,5,PENDING
Q_nonuang_redup_blur_R01,quality,nonuang,redup,blur,,1,PENDING
Q_nonuang_redup_blur_R02,quality,nonuang,redup,blur,,2,PENDING
Q_nonuang_redup_blur_R03,quality,nonuang,redup,blur,,3,PENDING
Q_nonuang_redup_blur_R04,quality,nonuang,redup,blur,,4,PENDING
Q_nonuang_redup_blur_R05,quality,nonuang,redup,blur,,5,PENDING
Q_nonuang_normal_tajam_R01,quality,nonuang,normal,tajam,,1,PENDING
Q_nonuang_normal_tajam_R02,quality,nonuang,normal,tajam,,2,PENDING
Q_nonuang_normal_tajam_R03,quality,nonuang,normal,tajam,,3,PENDING
Q_nonuang_normal_tajam_R04,quality,nonuang,normal,tajam,,4,PENDING
Q_nonuang_normal_tajam_R05,quality,nonuang,normal,tajam,,5,PENDING
Q_nonuang_normal_blur_R01,quality,nonuang,normal,blur,,1,PENDING
Q_nonuang_normal_blur_R02,quality,nonuang,normal,blur,,2,PENDING
Q_nonuang_normal_blur_R03,quality,nonuang,normal,blur,,3,PENDING
Q_nonuang_normal_blur_R04,quality,nonuang,normal,blur,,4,PENDING
Q_nonuang_normal_blur_R05,quality,nonuang,normal,blur,,5,PENDING
Q_nonuang_terang_tajam_R01,quality,nonuang,terang,tajam,,1,PENDING
Q_nonuang_terang_tajam_R02,quality,nonuang,terang,tajam,,2,PENDING
Q_nonuang_terang_tajam_R03,quality,nonuang,terang,tajam,,3,PENDING
Q_nonuang_terang_tajam_R04,quality,nonuang,terang,tajam,,4,PENDING
Q_nonuang_terang_tajam_R05,quality,nonuang,terang,tajam,,5,PENDING
Q_nonuang_terang_blur_R01,quality,nonuang,terang,blur,,1,PENDING
Q_nonuang_terang_blur_R02,quality,nonuang,terang,blur,,2,PENDING
Q_nonuang_terang_blur_R03,quality,nonuang,terang,blur,,3,PENDING
Q_nonuang_terang_blur_R04,quality,nonuang,terang,blur,,4,PENDING
Q_nonuang_terang_blur_R05,quality,nonuang,terang,blur,,5,PENDING
ROI_1000_10CM_R01,roi,1000,,,10,1,PENDING
ROI_1000_10CM_R02,roi,1000,,,10,2,PENDING
ROI_1000_10CM_R03,roi,1000,,,10,3,PENDING
ROI_1000_10CM_R04,roi,1000,,,10,4,PENDING
ROI_1000_10CM_R05,roi,1000,,,10,5,PENDING
ROI_1000_20CM_R01,roi,1000,,,20,1,PENDING
ROI_1000_20CM_R02,roi,1000,,,20,2,PENDING
ROI_1000_20CM_R03,roi,1000,,,20,3,PENDING
ROI_1000_20CM_R04,roi,1000,,,20,4,PENDING
ROI_1000_20CM_R05,roi,1000,,,20,5,PENDING
ROI_1000_30CM_R01,roi,1000,,,30,1,PENDING
ROI_1000_30CM_R02,roi,1000,,,30,2,PENDING
ROI_1000_30CM_R03,roi,1000,,,30,3,PENDING
ROI_1000_30CM_R04,roi,1000,,,30,4,PENDING
ROI_1000_30CM_R05,roi,1000,,,30,5,PENDING
ROI_2000_10CM_R01,roi,2000,,,10,1,PENDING
ROI_2000_10CM_R02,roi,2000,,,10,2,PENDING
ROI_2000_10CM_R03,roi,2000,,,10,3,PENDING
ROI_2000_10CM_R04,roi,2000,,,10,4,PENDING
ROI_2000_10CM_R05,roi,2000,,,10,5,PENDING
ROI_2000_20CM_R01,roi,2000,,,20,1,PENDING
ROI_2000_20CM_R02,roi,2000,,,20,2,PENDING
ROI_2000_20CM_R03,roi,2000,,,20,3,PENDING
ROI_2000_20CM_R04,roi,2000,,,20,4,PENDING
ROI_2000_20CM_R05,roi,2000,,,20,5,PENDING
ROI_2000_30CM_R01,roi,2000,,,30,1,PENDING
ROI_2000_30CM_R02,roi,2000,,,30,2,PENDING
ROI_2000_30CM_R03,roi,2000,,,30,3,PENDING
ROI_2000_30CM_R04,roi,2000,,,30,4,PENDING
ROI_2000_30CM_R05,roi,2000,,,30,5,PENDING
ROI_5000_10CM_R01,roi,5000,,,10,1,PENDING
ROI_5000_10CM_R02,roi,5000,,,10,2,PENDING
ROI_5000_10CM_R03,roi,5000,,,10,3,PENDING
ROI_5000_10CM_R04,roi,5000,,,10,4,PENDING
ROI_5000_10CM_R05,roi,5000,,,10,5,PENDING
ROI_5000_20CM_R01,roi,5000,,,20,1,PENDING
ROI_5000_20CM_R02,roi,5000,,,20,2,PENDING
ROI_5000_20CM_R03,roi,5000,,,20,3,PENDING
ROI_5000_20CM_R04,roi,5000,,,20,4,PENDING
ROI_5000_20CM_R05,roi,5000,,,20,5,PENDING
ROI_5000_30CM_R01,roi,5000,,,30,1,PENDING
ROI_5000_30CM_R02,roi,5000,,,30,2,PENDING
ROI_5000_30CM_R03,roi,5000,,,30,3,PENDING
ROI_5000_30CM_R04,roi,5000,,,30,4,PENDING
ROI_5000_30CM_R05,roi,5000,,,30,5,PENDING
ROI_10000_10CM_R01,roi,10000,,,10,1,PENDING
ROI_10000_10CM_R02,roi,10000,,,10,2,PENDING
ROI_10000_10CM_R03,roi,10000,,,10,3,PENDING
ROI_10000_10CM_R04,roi,10000,,,10,4,PENDING
ROI_10000_10CM_R05,roi,10000,,,10,5,PENDING
ROI_10000_20CM_R01,roi,10000,,,20,1,PENDING
ROI_10000_20CM_R02,roi,10000,,,20,2,PENDING
ROI_10000_20CM_R03,roi,10000,,,20,3,PENDING
ROI_10000_20CM_R04,roi,10000,,,20,4,PENDING
ROI_10000_20CM_R05,roi,10000,,,20,5,PENDING
ROI_10000_30CM_R01,roi,10000,,,30,1,PENDING
ROI_10000_30CM_R02,roi,10000,,,30,2,PENDING
ROI_10000_30CM_R03,roi,10000,,,30,3,PENDING
ROI_10000_30CM_R04,roi,10000,,,30,4,PENDING
ROI_10000_30CM_R05,roi,10000,,,30,5,PENDING
ROI_20000_10CM_R01,roi,20000,,,10,1,PENDING
ROI_20000_10CM_R02,roi,20000,,,10,2,PENDING
ROI_20000_10CM_R03,roi,20000,,,10,3,PENDING
ROI_20000_10CM_R04,roi,20000,,,10,4,PENDING
ROI_20000_10CM_R05,roi,20000,,,10,5,PENDING
ROI_20000_20CM_R01,roi,20000,,,20,1,PENDING
ROI_20000_20CM_R02,roi,20000,,,20,2,PENDING
ROI_20000_20CM_R03,roi,20000,,,20,3,PENDING
ROI_20000_20CM_R04,roi,20000,,,20,4,PENDING
ROI_20000_20CM_R05,roi,20000,,,20,5,PENDING
ROI_20000_30CM_R01,roi,20000,,,30,1,PENDING
ROI_20000_30CM_R02,roi,20000,,,30,2,PENDING
ROI_20000_30CM_R03,roi,20000,,,30,3,PENDING
ROI_20000_30CM_R04,roi,20000,,,30,4,PENDING
ROI_20000_30CM_R05,roi,20000,,,30,5,PENDING
ROI_50000_10CM_R01,roi,50000,,,10,1,PENDING
ROI_50000_10CM_R02,roi,50000,,,10,2,PENDING
ROI_50000_10CM_R03,roi,50000,,,10,3,PENDING
ROI_50000_10CM_R04,roi,50000,,,10,4,PENDING
ROI_50000_10CM_R05,roi,50000,,,10,5,PENDING
ROI_50000_20CM_R01,roi,50000,,,20,1,PENDING
ROI_50000_20CM_R02,roi,50000,,,20,2,PENDING
ROI_50000_20CM_R03,roi,50000,,,20,3,PENDING
ROI_50000_20CM_R04,roi,50000,,,20,4,PENDING
ROI_50000_20CM_R05,roi,50000,,,20,5,PENDING
ROI_50000_30CM_R01,roi,50000,,,30,1,PENDING
ROI_50000_30CM_R02,roi,50000,,,30,2,PENDING
ROI_50000_30CM_R03,roi,50000,,,30,3,PENDING
ROI_50000_30CM_R04,roi,50000,,,30,4,PENDING
ROI_50000_30CM_R05,roi,50000,,,30,5,PENDING
ROI_100000_10CM_R01,roi,100000,,,10,1,PENDING
ROI_100000_10CM_R02,roi,100000,,,10,2,PENDING
ROI_100000_10CM_R03,roi,100000,,,10,3,PENDING
ROI_100000_10CM_R04,roi,100000,,,10,4,PENDING
ROI_100000_10CM_R05,roi,100000,,,10,5,PENDING
ROI_100000_20CM_R01,roi,100000,,,20,1,PENDING
ROI_100000_20CM_R02,roi,100000,,,20,2,PENDING
ROI_100000_20CM_R03,roi,100000,,,20,3,PENDING
ROI_100000_20CM_R04,roi,100000,,,20,4,PENDING
ROI_100000_20CM_R05,roi,100000,,,20,5,PENDING
ROI_100000_30CM_R01,roi,100000,,,30,1,PENDING
ROI_100000_30CM_R02,roi,100000,,,30,2,PENDING
ROI_100000_30CM_R03,roi,100000,,,30,3,PENDING
ROI_100000_30CM_R04,roi,100000,,,30,4,PENDING
ROI_100000_30CM_R05,roi,100000,,,30,5,PENDING
ROI_nonuang_10CM_R01,roi,nonuang,,,10,1,PENDING
ROI_nonuang_10CM_R02,roi,nonuang,,,10,2,PENDING
ROI_nonuang_10CM_R03,roi,nonuang,,,10,3,PENDING
ROI_nonuang_10CM_R04,roi,nonuang,,,10,4,PENDING
ROI_nonuang_10CM_R05,roi,nonuang,,,10,5,PENDING
ROI_nonuang_20CM_R01,roi,nonuang,,,20,1,PENDING
ROI_nonuang_20CM_R02,roi,nonuang,,,20,2,PENDING
ROI_nonuang_20CM_R03,roi,nonuang,,,20,3,PENDING
ROI_nonuang_20CM_R04,roi,nonuang,,,20,4,PENDING
ROI_nonuang_20CM_R05,roi,nonuang,,,20,5,PENDING
ROI_nonuang_30CM_R01,roi,nonuang,,,30,1,PENDING
ROI_nonuang_30CM_R02,roi,nonuang,,,30,2,PENDING
ROI_nonuang_30CM_R03,roi,nonuang,,,30,3,PENDING
ROI_nonuang_30CM_R04,roi,nonuang,,,30,4,PENDING
ROI_nonuang_30CM_R05,roi,nonuang,,,30,5,PENDING
