object_id,nominal,emission_year,physical_condition,specimen_state,role,notes
BN-1000-NORMAL,1000,2016,normal,baru,normal/reference,
BN-1000-FOLDED,1000,2022,terlipat,baru,folded/variation,
BN-1000-WORN,1000,2022,lusuh,kusut/lusuh alami,worn/variation,
BN-2000-NORMAL,2000,2022,normal,baru,normal/reference,
BN-2000-FOLDED,2000,2016,terlipat,baru,folded/variation,
BN-2000-WORN,2000,2016,lusuh,kusut/lusuh alami,worn/variation,
BN-5000-NORMAL,5000,2016,normal,baru,normal/reference,
BN-5000-FOLDED,5000,2022,terlipat,baru,folded/variation,
BN-5000-WORN,5000,2022,lusuh,kusut/lusuh alami,worn/variation,
BN-10000-NORMAL,10000,2022,normal,baru,normal/reference,
BN-10000-FOLDED,10000,2016,terlipat,baru,folded/variation,
BN-10000-WORN,10000,2016,lusuh,kusut/lusuh alami,worn/variation,
BN-20000-NORMAL,20000,2016,normal,baru,normal/reference,
BN-20000-FOLDED,20000,2022,terlipat,baru,folded/variation,
BN-20000-WORN,20000,2022,lusuh,kusut/lusuh alami,worn/variation,
BN-50000-NORMAL,50000,2022,normal,baru,normal/reference,
BN-50000-FOLDED,50000,2016,terlipat,baru,folded/variation,
BN-50000-WORN,50000,2016,lusuh,kusut/lusuh alami,worn/variation,
BN-100000-NORMAL,100000,2016,normal,baru,normal/reference,
BN-100000-FOLDED,100000,2022,terlipat,baru,folded/variation,
BN-100000-WORN,100000,2022,lusuh,kusut/lusuh alami,worn/variation,
